date,p_Aggression_mean,p_Anxiety_mean,p_Disappointment_mean,p_Hope_mean,p_Neutral_mean,p_Uncertainty_mean,p_Aggression_wmean,p_Anxiety_wmean,p_Disappointment_wmean,p_Hope_wmean,p_Neutral_wmean,p_Uncertainty_wmean,emotion_entropy,msg_volume
2017-09-15,0.01280885,0.20187178,0.048543364,0.009098722,0.64610827,0.081569,0.013554919750281287,0.20827663648949804,0.051446412743734585,0.009685932232675594,0.648437766983992,0.068598332520421,1.522193,4
2017-09-16,0.021856986,0.89223313,0.009403924,0.011361654,0.034783963,0.030360308,0.021856985986232758,0.89223313331604,0.009403924457728863,0.011361653916537762,0.03478396311402321,0.030360307544469833,0.7256516,1
2017-09-17,0.0064946823,0.017369876,0.04296694,0.010898154,0.8915426,0.030727768,0.006494682282209396,0.01736987568438053,0.04296693950891495,0.010898154228925705,0.8915426135063171,0.030727768316864967,0.7169577,1
2017-09-18,0.00624514,0.012414072,0.03665594,0.006898383,0.8564435,0.08134296,0.006245139986276627,0.012414071708917618,0.03665594011545181,0.006898383144289255,0.8564435243606567,0.08134295791387558,0.83463037,1
2017-09-19,0.024573177,0.26051602,0.11420392,0.09813048,0.44256443,0.060011983,0.024573177099227905,0.2605160176753998,0.11420392245054245,0.0981304794549942,0.4425644278526306,0.060011982917785645,2.0871203,1
2017-09-20,0.028578883,0.5161659,0.035174444,0.027399305,0.307421,0.08526041,0.028368405639341693,0.5143392385409316,0.034540519800111566,0.026699568918160874,0.30894484260632765,0.08710739821563317,1.7770977,4
2017-09-21,0.023716614,0.8866699,0.009172023,0.009317715,0.034890972,0.03623283,0.02371661365032196,0.8866698741912842,0.00917202327400446,0.009317714720964432,0.03489097207784653,0.036232829093933105,0.74916065,1
2017-09-22,0.01230312,0.22648406,0.06909908,0.013257563,0.52744114,0.15141511,0.01228218556716959,0.22555703809460084,0.06867201514663407,0.013302982184721047,0.5287707060504188,0.15141511008594977,1.8115373,5
2017-09-23,0.020837536,0.6344025,0.02779522,0.010446649,0.22244051,0.08407767,0.020837536081671715,0.6344025135040283,0.02779521979391575,0.010446649044752121,0.22244051098823547,0.08407767117023468,1.527997,1
2017-09-25,0.017020049,0.25296488,0.025201622,0.009388269,0.51920027,0.17622493,0.017020048573613167,0.25296488404273987,0.025201622396707535,0.009388268925249577,0.5192002654075623,0.17622493207454681,1.7310381,1
2017-09-26,0.007564919,0.027721938,0.01628643,0.008372689,0.59818476,0.34186924,0.00756491906940937,0.027721937745809555,0.01628643088042736,0.008372688665986061,0.5981847643852234,0.3418692350387573,1.3240588,1
2017-09-29,0.005718653,0.010880022,0.042800494,0.009986504,0.8904979,0.040116478,0.005718653090298176,0.010880022309720516,0.04280049353837967,0.00998650398105383,0.8904979228973389,0.04011647775769234,0.70963645,1
2017-09-30,0.004088864,0.011243298,0.06850167,0.0052103307,0.832367,0.07858879,0.004075129127394217,0.011163284209979921,0.06709878826021247,0.005151447508871981,0.834868203032227,0.07764314366840795,0.9184203,3
2017-10-01,0.007048421,0.011160765,0.05657986,0.010385621,0.8632109,0.051614344,0.006868367579208244,0.010938537159160707,0.05815354462007707,0.010140825500841971,0.8640874850704527,0.04981119745189686,0.8295375,2
2017-10-02,0.011593592,0.21146607,0.031239975,0.010866947,0.6024023,0.13243107,0.011535807576000864,0.21049706772540844,0.031246408894900515,0.011111617114580764,0.6062639619258118,0.12934512074495344,1.6024009,4
2017-10-03,0.033015866,0.2517704,0.03876665,0.046582107,0.5100102,0.11985475,0.03086965496871598,0.23127626025022513,0.03883604577422577,0.045394625670613795,0.534320669534962,0.11930271212700677,1.9135574,6
2017-10-04,0.0066634486,0.018058917,0.05551377,0.012652661,0.8703261,0.03678506,0.006621669775944724,0.01820851157846842,0.05542931585611895,0.012489724568114048,0.8706545633645915,0.03659620825077372,0.81373155,6
2017-10-05,0.0049832887,0.013243715,0.09236701,0.00672247,0.86158955,0.021094011,0.004949491893396128,0.013254898434886846,0.09033381711321452,0.006680107010473314,0.8631096501179024,0.02167208350596292,0.7892791,2
2017-10-06,0.022428796,0.40815398,0.023321314,0.28782988,0.17577153,0.082494535,0.022054265890392104,0.41438380541137065,0.022418127091843338,0.2881472493071412,0.1678928385008531,0.08510375034202657,2.0319626,3
2017-10-08,0.0068326183,0.03615224,0.047050674,0.008517235,0.753881,0.14756629,0.0069478712112860715,0.03771279114512793,0.046418864393458305,0.008436735960270435,0.7465469615071606,0.15393681447091076,1.202988,3
2017-10-09,0.012514886,0.32715046,0.01777791,0.0096357055,0.47853386,0.15438716,0.012048227222902434,0.30318074092032415,0.018979551587549468,0.009546766180604222,0.5082247421169092,0.14801996258043107,1.6993052,3
2017-10-10,0.007484702,0.041543785,0.040310875,0.030312011,0.5814958,0.29885283,0.006980952875674261,0.03722820018834256,0.04191249443580193,0.025350787129245943,0.6266137372478987,0.2619138516889204,1.5587211,3
2017-10-11,0.017633474,0.42489877,0.026688602,0.38576433,0.11276142,0.032253478,0.017255234409956823,0.3781918312990344,0.02839536032134279,0.42913397173648626,0.11709171686809902,0.029931951012548568,1.8118753,2
2017-10-12,0.009982077,0.064778455,0.083479956,0.0092692245,0.8040524,0.02843786,0.010041572976408735,0.06532445473215659,0.08338204594757025,0.009304318388867916,0.8034541073200631,0.028493481893358066,1.0828158,2
2017-10-13,0.005406996,0.01327656,0.05834842,0.0072515802,0.8932267,0.022489738,0.005406995769590139,0.013276560232043266,0.05834842100739479,0.007251580245792866,0.893226683139801,0.02248973771929741,0.6828493,1
2017-10-15,0.0088655995,0.044861812,0.04181105,0.015360514,0.8478118,0.04128924,0.008865599520504475,0.0448618121445179,0.04181104898452759,0.01536051370203495,0.8478118181228638,0.04128924012184143,0.9371713,1
2017-10-16,0.008949121,0.06236018,0.098422416,0.020754611,0.76953745,0.039976213,0.008858991578189828,0.0599429359263628,0.0965778827217322,0.020534730818941468,0.774967156458592,0.039118299013282655,1.2322841,3
2017-10-17,0.008957412,0.030003328,0.038717438,0.015271151,0.6428957,0.26415494,0.009010806045762144,0.02948349967260801,0.04066240807883502,0.016011503799795816,0.6603987552648232,0.24443296924523247,1.4035301,2
2017-10-18,0.004870121,0.016006272,0.023835132,0.006714194,0.3869989,0.5615754,0.004870120901614428,0.01600627228617668,0.023835131898522377,0.00671419408172369,0.38699889183044434,0.5615754127502441,1.3073645,1
2017-10-19,0.014126119,0.5265059,0.0108884545,0.011427938,0.21103147,0.2260201,0.013942897308710784,0.5151039301905774,0.010938259471572521,0.01128792198814609,0.2139015233119138,0.2348254438897241,1.6773857,5
2017-10-20,0.023869535,0.7827499,0.013582412,0.015482977,0.111821376,0.05249384,0.023691012024781636,0.7705703410330174,0.014267569658483014,0.015168745906236918,0.12080713955754785,0.05549520370907087,1.1591984,3
2017-10-21,0.048473634,0.90630895,0.0070111006,0.017832348,0.009780783,0.010593107,0.04847363382577896,0.9063089489936829,0.007011100649833679,0.017832348123192787,0.009780783206224442,0.010593106970191002,0.62885606,1
2017-10-22,0.010178414,0.07252706,0.012641258,0.027593121,0.36242202,0.5146381,0.010178414173424244,0.07252705842256546,0.012641257606446743,0.02759312093257904,0.36242201924324036,0.5146381258964539,1.5884284,1
2017-10-23,0.018451026,0.32698485,0.033737306,0.17968756,0.405061,0.03607823,0.016282860852935642,0.13320652666309524,0.04614707127203623,0.3087585030448815,0.46197682506744825,0.03362823499258233,1.9445816,3
2017-10-24,0.111160025,0.32627407,0.028601278,0.15646005,0.30987993,0.0676247,0.10989269000950057,0.22562506640379842,0.031000274941611856,0.14743941901206922,0.417063319383189,0.06897922866709268,2.2314506,7
2017-10-25,0.014314894,0.34050614,0.041878693,0.016639302,0.41163245,0.17502858,0.014808143851776225,0.2531010992024618,0.06283408232002921,0.018801108839515444,0.44083757776913196,0.20961804658993463,1.8741658,4
2017-10-26,0.014635892,0.16756056,0.07542553,0.036657844,0.5950804,0.11063979,0.018993019929951508,0.19610464977359987,0.059705451995078936,0.027115569119170648,0.5827447350784806,0.11533655487471438,1.7741566,6
2017-10-27,0.008216101,0.08454268,0.07131956,0.024698453,0.58273476,0.2284884,0.006520126511086695,0.04654162009493789,0.046890837693225905,0.015803808669237494,0.5088048009074895,0.3754387843861292,1.7024508,7
2017-10-28,0.012395789,0.030822724,0.052186143,0.215101,0.54148936,0.14800496,0.013231353085422963,0.03148333929496616,0.06333744853390917,0.27426422982498033,0.5092361057097005,0.1084474926175899,1.8195829,3
2017-10-29,0.0102844015,0.023842834,0.06688703,0.08840007,0.7755723,0.03501345,0.01008578300365196,0.023193161328045175,0.06568328153123514,0.08301153913279438,0.7825921042723109,0.03543418400730967,1.2205172,2
2017-10-30,0.012310181,0.11000676,0.044298537,0.21871805,0.4641441,0.15052238,0.013431553315110771,0.16729746311134377,0.033885157765882294,0.09298439436664191,0.4582724150151478,0.23412898857623324,2.0323963,4
2017-10-31,0.0132762,0.16025607,0.039842743,0.07154867,0.6324464,0.082629934,0.014224733736314254,0.17713868933473714,0.03859071154742742,0.0494812718023391,0.6193806604289371,0.10118396510393289,1.6788629,9
2017-11-01,0.012176362,0.32101315,0.04758094,0.016350904,0.3803095,0.22256911,0.008826465215542853,0.16020481537187906,0.02743991344965397,0.011670973933143697,0.3725597873510859,0.4192980357892009,1.9226497,6
2017-11-02,0.049593564,0.298271,0.023102803,0.12445465,0.31937817,0.18519983,0.07277088996622524,0.4218213693732659,0.016033385412765035,0.12844850625337448,0.16640056802248315,0.1945252689009131,2.211699,8
2017-11-03,0.00975286,0.05768485,0.0482003,0.058606453,0.6784356,0.14731994,0.011232747918351183,0.0890119857250589,0.04422683236359217,0.08028261002616553,0.61698913731771,0.15825669644736912,1.5400643,7
2017-11-04,0.04789404,0.44255492,0.016568936,0.016059618,0.4051673,0.07175522,0.04722447830112549,0.4351211972310865,0.016709087918242365,0.016052602932753395,0.41204039008698123,0.07285229326468841,1.7250022,2
2017-11-05,0.022523992,0.32931718,0.018859604,0.1570865,0.3377966,0.13441613,0.027299721663762957,0.3269532831118647,0.019514461646417687,0.2513213411106319,0.26146868825131714,0.11344253657222832,2.0965693,3
2017-11-06,0.012069141,0.2141004,0.030889919,0.037911545,0.5028647,0.20216425,0.010277363581533177,0.07941325946510526,0.03634675017426188,0.04317444429896792,0.608229816886615,0.22255836654632039,1.8519398,5
2017-11-07,0.01245134,0.21222922,0.04924044,0.014918826,0.6255973,0.085562825,0.009406001144182162,0.09079485264571673,0.04206167460587279,0.012808060159439217,0.7340823697034081,0.11084701595802544,1.5846236,9
2017-11-08,0.013684849,0.2301775,0.07149141,0.12806629,0.5152496,0.041330308,0.01616618988186351,0.33325957427532404,0.0398443035101408,0.1535146435265565,0.4041187083245998,0.0530965975037645,1.9072363,9
2017-11-09,0.011845809,0.20638013,0.03305539,0.12562463,0.490542,0.13255203,0.011980306940153911,0.23382615252283742,0.030900686983797818,0.19667732220056225,0.4519455313833014,0.0746699937381318,1.9747213,9
2017-11-10,0.019878218,0.28867072,0.032197513,0.016441107,0.3518215,0.29099095,0.019704164250618352,0.24268813913526102,0.03897241254298582,0.017624917828431765,0.42711249348618874,0.2538978617715607,1.9353136,9
2017-11-11,0.0138798,0.22205901,0.0376319,0.09029832,0.56238586,0.07374511,0.015962024334842183,0.2608483875041855,0.03976004526259958,0.11880621620352616,0.4942489308137745,0.07037437688583488,1.8034317,5
2017-11-12,0.013504215,0.20814228,0.013737339,0.14221229,0.31142476,0.31097916,0.014182038932540776,0.21954689493525548,0.013972573617351143,0.15935998098560225,0.3065928426127337,0.28634570662979697,2.088496,6
2017-11-13,0.012063059,0.13854457,0.064333156,0.14594276,0.48685876,0.15225768,0.00841769927745659,0.057407647733701696,0.09515574464709536,0.06726165078647055,0.6093543691294727,0.16240289798039964,2.0508237,11
2017-11-14,0.016678795,0.2159248,0.044638284,0.042966902,0.606789,0.07300222,0.020176243204764552,0.2948664790845453,0.049304362710033564,0.022740267905343236,0.5471105594273739,0.06580208387376116,1.6843066,9
2017-11-15,0.017702756,0.3363376,0.09924724,0.015459738,0.46190175,0.06935092,0.017947744454783667,0.3572299404248782,0.11093259829529381,0.015434340125129913,0.4102632802077084,0.08819209256005349,1.8372399,12
2017-11-16,0.020603055,0.27938294,0.05550828,0.018793266,0.5266199,0.09909258,0.029891191526379268,0.36693785616766683,0.05667152327450563,0.022871539506517605,0.3918560447442113,0.13177185158520627,1.7863538,10
2017-11-17,0.034288812,0.36160687,0.027596073,0.10075914,0.33387512,0.141874,0.024665883379085686,0.2116650770303263,0.033546667168378876,0.14671667145864284,0.42519859784029085,0.15820710591949205,2.1021614,11
2017-11-18,0.013698935,0.24409768,0.04016461,0.37829024,0.29151383,0.032234687,0.013985146505256492,0.3008943202880852,0.04924043982428294,0.2351690350478808,0.3650541395202025,0.03565690878593352,1.9763591,4
2017-11-19,0.02203786,0.60938764,0.020470193,0.014293859,0.21828243,0.11552806,0.023673560812157695,0.6360579952690085,0.024518758201196394,0.014591898948348846,0.2393553775424671,0.061802420160339044,1.598194,5
2017-11-20,0.037031688,0.2118318,0.0625567,0.09868627,0.5343803,0.055513263,0.020506381617558692,0.1610242432294454,0.06838614236182596,0.15398015814176544,0.5609072056135346,0.035195876629332476,1.9448986,13
2017-11-21,0.10069463,0.353153,0.03064219,0.016764993,0.45377567,0.044969544,0.14955698372648069,0.4669198467825404,0.0247359038342631,0.019386482767596927,0.29628455186504865,0.04311625568603797,1.8352829,11
2017-11-22,0.0140149295,0.31068245,0.15639286,0.04768471,0.38736022,0.083864845,0.015946916348666473,0.3531117415310967,0.17682780639448437,0.03783032535960547,0.36326049107655967,0.053022709237868816,2.0681167,12
2017-11-23,0.08726399,0.25925428,0.028800722,0.086787544,0.39111227,0.14678119,0.1058698148575097,0.33600950893089543,0.02585448444077034,0.10511355202635356,0.3146077946690154,0.11254485291870876,2.2014184,8
2017-11-24,0.010890212,0.12906528,0.03905125,0.09115659,0.6093942,0.120442465,0.011251999085299167,0.13971685442713647,0.03760356725716779,0.11892691692164291,0.5774036890166865,0.11509695788308515,1.7531681,10
2017-11-25,0.015907485,0.22415404,0.034472063,0.014069152,0.64288867,0.06850859,0.019635242588862727,0.3041794351732295,0.031516495065692145,0.014346575082027477,0.5585595331477395,0.07176268845613311,1.5073689,5
2017-11-26,0.013314635,0.37033898,0.02892277,0.036995485,0.49389863,0.056529492,0.009431345550499659,0.09667577597202168,0.04631560560478278,0.0610666288959027,0.7318415727330787,0.05466908373420468,1.6744534,5
2017-11-27,0.012857442,0.2143259,0.042007938,0.01963542,0.5844948,0.1266785,0.010513891331120594,0.17465066112716224,0.04774636510417895,0.019730716738085362,0.5777388893620601,0.16961948629629814,1.6908982,10
2017-11-28,0.013273095,0.26669654,0.033028234,0.10529876,0.5096713,0.07203208,0.011796959931863367,0.15715081528622643,0.03684227526315933,0.16556477361607588,0.5500200742936445,0.07862507089852872,1.8646978,10
2017-11-29,0.015902992,0.24504799,0.04934041,0.021551825,0.5800206,0.088136226,0.01826745329651016,0.21823870757677455,0.04803776135641996,0.024610065761758684,0.5774754314527504,0.11337060403158118,1.6903194,9
2017-11-30,0.08571681,0.35266745,0.059415635,0.01383718,0.33161303,0.15674987,0.12347452356562122,0.29038613203996894,0.07644769614198882,0.013304169662201524,0.40590823554395583,0.09047924152168726,2.1086662,11
2017-12-01,0.07104611,0.1684318,0.027544657,0.016099554,0.56791145,0.14896642,0.0781587043727301,0.2495825959540148,0.029567979545490217,0.017486491594658832,0.4867750894600687,0.13842913676970045,1.8152857,16
2017-12-02,0.009405163,0.17259611,0.046811283,0.024747403,0.5962767,0.15016337,0.008506309071524375,0.05965651135470761,0.042297184422009006,0.03532111223436458,0.6105674866179593,0.24365140714925532,1.6951467,6
2017-12-03,0.01397129,0.05569601,0.030395929,0.12086131,0.58356845,0.195507,0.013358498223945532,0.03343212651709158,0.029890747935383374,0.18638261791672994,0.5112312616307104,0.2257047453515531,1.7535874,5
2017-12-04,0.009504207,0.19371802,0.10994424,0.017178476,0.59407973,0.07557532,0.012093964001870102,0.3005180013063729,0.13352058745122308,0.01905903533047094,0.43107200853473027,0.10373640076315901,1.7013761,9
2017-12-05,0.029630147,0.23870744,0.06105314,0.011187118,0.46096167,0.19846047,0.054866930120762006,0.32567948228575094,0.0303960147870845,0.013512778795917882,0.3619084066886894,0.2136363754759662,1.940597,12
2017-12-06,0.013382337,0.29999402,0.026194505,0.05110608,0.4381252,0.17119785,0.012199832284802418,0.252070939897115,0.02990039338393329,0.057014413020562205,0.47763060725219414,0.1711837876460026,1.9188181,9
2017-12-07,0.01918894,0.375825,0.020339603,0.12908314,0.28737983,0.16818354,0.02275650862213454,0.4750987088131162,0.023002262319941888,0.16102835358970588,0.252083937126963,0.06603026875854048,2.085161,8
2017-12-08,0.024074905,0.56437737,0.018201547,0.029438654,0.2469324,0.11697508,0.02466752925532328,0.528925170130407,0.019901977145926807,0.032882115261763885,0.27561945072898336,0.1180036974216411,1.7105135,6
2017-12-09,0.009084834,0.023086643,0.046278875,0.040341567,0.742523,0.13868506,0.00789539023591079,0.018596287426943033,0.05434800583163642,0.01515826319278138,0.844648530314593,0.05935348423834992,1.293333,6
2017-12-10,0.013600518,0.22488308,0.10402892,0.018271552,0.48774752,0.15146843,0.013724575574117706,0.08435798233330864,0.05295202585933832,0.02764668712566382,0.7216370288654174,0.09968171236786873,1.9312376,6
2017-12-11,0.021194013,0.49909994,0.020287938,0.03912873,0.25000426,0.1702851,0.02280250283911146,0.5105490073829312,0.02208446380023603,0.05315383738732477,0.2130422492423208,0.17836792570090831,1.8501819,9
2017-12-12,0.012443391,0.1831549,0.10592004,0.036759164,0.5744128,0.08730974,0.011321899501623057,0.1812691657868872,0.14595924498217938,0.04270223150030962,0.49423032691713664,0.12451716893417487,1.8120931,12
2017-12-13,0.028476441,0.35059243,0.046379033,0.07295211,0.38501582,0.116584174,0.01972521649314206,0.35760089120063027,0.027866353175822763,0.08657420308636016,0.3292192435745497,0.17901410410887283,2.049,16
2017-12-14,0.040536318,0.24223362,0.052812397,0.07122411,0.4952568,0.09793672,0.024009323696604166,0.26162582344161633,0.06041712845189258,0.11709741921905444,0.45762243748694487,0.07922786756655918,2.0088654,12
2017-12-15,0.016262997,0.37133986,0.02650274,0.13113984,0.3282994,0.12645514,0.014221764989536092,0.29086294474200663,0.017404896819133223,0.21040524897030852,0.2597003378353972,0.2074047539570202,2.055318,10
2017-12-16,0.031449646,0.6172768,0.021176087,0.023535935,0.24893516,0.057626456,0.03374008948340015,0.5614474604158732,0.025303300024732103,0.02701829800124427,0.30721290157462844,0.04527801012830073,1.5683237,4
2017-12-17,0.018393999,0.32290044,0.0182581,0.02022787,0.3435782,0.27664134,0.022699940944997433,0.41730115176869265,0.02454150474844098,0.026649570691331524,0.44906332224021245,0.059744489167547654,1.8943338,3
2017-12-18,0.040458262,0.37005386,0.042059984,0.016427876,0.43554458,0.09545544,0.06312960355797104,0.3868356546524368,0.036204873335206306,0.015490288081924639,0.3539182852845534,0.14442130798562527,1.8533652,10
2017-12-19,0.013404232,0.20971091,0.031479992,0.016018918,0.5145847,0.21480124,0.013192117834701192,0.058139443803724135,0.030991606147982027,0.01798905423541019,0.5544359930484346,0.3252517839954534,1.7784516,5
2017-12-20,0.02763662,0.16729884,0.05454512,0.038735468,0.645639,0.066144995,0.036096255474436026,0.22406832935172333,0.03879114186901822,0.04907378846957745,0.5706554211626005,0.0813150792727195,1.651899,6
2017-12-21,0.008575307,0.14677745,0.029069874,0.009082244,0.49502817,0.31146693,0.005384945746412974,0.030735100566318414,0.036156357113794044,0.007970500924418209,0.5543102063711178,0.36544285783721264,1.7015,8
2017-12-22,0.01161646,0.18091577,0.023575673,0.014958885,0.550775,0.21815819,0.012300916536858376,0.2506240594653794,0.016227360684266317,0.014266791468209557,0.3964470747838618,0.31013378303089284,1.6921911,6
2017-12-23,0.00871838,0.108443916,0.059790343,0.011209637,0.628127,0.18371075,0.010213332101714436,0.17083657528428833,0.07401581409721161,0.009725619898045827,0.5291567571707396,0.20605187861773916,1.5932944,5
2017-12-24,0.0075301547,0.035260513,0.010675659,0.22017466,0.21539885,0.51096016,0.00992024414177559,0.046571820148951,0.010868362889186958,0.39535291963276764,0.17048085005749375,0.3668057919905395,1.7459613,4
2017-12-25,0.008641452,0.041284356,0.03472317,0.1420754,0.4754172,0.29785842,0.01026219274698502,0.05348553351281647,0.018144901503996717,0.2112440069071875,0.2535840733049242,0.45327929855889515,1.847831,5
2017-12-26,0.009621508,0.14165041,0.044272203,0.011384963,0.580229,0.21284194,0.007243154475512636,0.030404837835307796,0.04944659402192261,0.01003512551831533,0.5800415560395009,0.3228287230125566,1.6672292,7
2017-12-27,0.01170704,0.17335849,0.026686318,0.015286056,0.5886278,0.18433431,0.011962481736846185,0.1953940803836318,0.03318394792171465,0.02249751471036583,0.5271545376546993,0.20980741767412914,1.6448584,16
2017-12-28,0.009273956,0.051625002,0.049175978,0.057802908,0.7089621,0.12316006,0.009888550832644534,0.06272302610307116,0.0574727388520801,0.07143778383800142,0.6693571797969688,0.12912064628330386,1.4587176,8
2017-12-29,0.011356537,0.17283861,0.02968806,0.14574775,0.40730768,0.23306136,0.010864729509475117,0.23788384001789734,0.02160255857987809,0.034973104439783395,0.31965848630972904,0.3750172745745064,2.084177,10
2017-12-30,0.015641998,0.5358396,0.019854376,0.01540829,0.34994093,0.06331479,0.01987809627640142,0.767722489773483,0.01202771729294574,0.01672681566216157,0.10990037625840741,0.07374447452944094,1.5633483,3
2017-12-31,0.020533102,0.20832773,0.14564593,0.22999726,0.18740739,0.20808858,0.014953781434382772,0.4184203437891119,0.025229088889865806,0.059348414538453534,0.0669407253316201,0.4151076417492987,2.4030447,4
2018-01-01,0.0064711906,0.023063174,0.032507084,0.0084844185,0.8291333,0.10034089,0.0064711906015872955,0.0230631735175848,0.03250708431005478,0.008484418503940105,0.8291332721710205,0.10034088790416718,0.9485147,1
2018-01-02,0.011375532,0.20235638,0.01609679,0.17025448,0.23354498,0.36637184,0.008486089193228652,0.05800795930609798,0.0053657196104826815,0.023054164500104054,0.09482279310818117,0.8102632582127962,2.0914235,5
2018-01-03,0.008793048,0.24463056,0.035582345,0.03883672,0.39773116,0.2744262,0.014547136277071533,0.6196817400966789,0.013645645520926421,0.08028623444845699,0.11448716083484367,0.157352033044056,1.9512087,3
2018-01-04,0.01291345,0.14908399,0.04091483,0.16551945,0.58338165,0.04818661,0.009443452335347184,0.03944399965037364,0.044901013811974456,0.23286320010270586,0.6401147325620604,0.03323357132685652,1.7729652,6
2018-01-05,0.009444751,0.059292153,0.045255154,0.024769634,0.78603363,0.075204685,0.008698833555199383,0.0440725955198025,0.04546154601474865,0.027231685615152042,0.8049952640445377,0.0695400924186436,1.1932162,2
2018-01-06,0.0056426865,0.0337387,0.06364576,0.0063885064,0.6607128,0.22987157,0.005483095439676088,0.04523340242559402,0.08360238917522946,0.006743464648018135,0.7685837969130352,0.09035388651667911,1.3892244,3
2018-01-07,0.015981426,0.45080656,0.038795345,0.015241605,0.4453532,0.033821806,0.010161429031904475,0.1369576469582378,0.0594758081617583,0.018642339264539978,0.7367292021532671,0.03803354175942539,1.5723692,2
2018-01-08,0.028566739,0.37122548,0.027879348,0.016696982,0.50049996,0.055131525,0.03570004217730166,0.5447840614915138,0.021463881150364347,0.019299355743528906,0.336660679405108,0.04209197420298588,1.6501024,5
2018-01-09,0.07725292,0.32494456,0.023821928,0.0103990855,0.25940818,0.30417335,0.1263637441732075,0.3638489718803878,0.028572786448361913,0.010930817518495181,0.2164084117748781,0.25387526449134057,2.036574,9
2018-01-10,0.015711104,0.24255796,0.035471607,0.10865319,0.49195153,0.10565461,0.0141131261235875,0.05317082279585476,0.04931141568475014,0.16283983630793436,0.6673689741922184,0.05319578359201356,1.9546975,5
2018-01-11,0.016010733,0.27068216,0.025228435,0.030716363,0.4310698,0.22629249,0.014564364934564136,0.24216133938650877,0.03170520250156178,0.048811790004401695,0.444431579472863,0.2183256862572512,1.9025375,10
2018-01-12,0.011935935,0.108257994,0.028320607,0.20718917,0.5221769,0.12211935,0.009116167122839148,0.05915372985361882,0.02976330576331085,0.06429366140571223,0.6264659269470003,0.21120721248877333,1.8995818,10
2018-01-13,0.010087599,0.11862974,0.025597947,0.020301476,0.54224867,0.28313455,0.010370194712285034,0.1321506470564217,0.025353877862546528,0.01752878733303379,0.4830801494541763,0.3315163081400582,1.6754538,4
2018-01-14,0.023805177,0.59204257,0.021493262,0.03502586,0.2820897,0.04554351,0.021433452960233378,0.7829685138379144,0.013960776705158467,0.01625988457605394,0.10723503205888865,0.058142409555032595,1.5825292,3
2018-01-15,0.016236626,0.17686477,0.027836204,0.17781606,0.33609688,0.26514944,0.024679812193853234,0.3815969533165999,0.015462888079933235,0.05127484634390714,0.22336560633367367,0.303619899496347,2.1619093,8
2018-01-16,0.01566476,0.4138146,0.036374368,0.019478815,0.3607375,0.15392998,0.015971829474631737,0.38561837568345064,0.04179580469857338,0.023949209004712913,0.45506916850656975,0.07759563154820187,1.8514696,14
2018-01-17,0.031868797,0.2466347,0.054383922,0.04114815,0.4480128,0.17795157,0.01999629783524187,0.4055459955994227,0.04418203159040474,0.02307330655628126,0.38058480361787894,0.12661756471864863,2.0365405,19
2018-01-18,0.012691387,0.2313785,0.023649162,0.21523808,0.31510684,0.20193602,0.011035782652253329,0.168029710769277,0.03245225173232426,0.20585981655961624,0.3842916224060167,0.19833081640331734,2.1643422,12
2018-01-19,0.014453115,0.24654244,0.03405934,0.011949197,0.41332814,0.2796678,0.014608456424618431,0.14629818546923193,0.05183237703922829,0.01482143573208104,0.5175001210377316,0.25493946050685823,1.8697023,13
2018-01-20,0.024813501,0.55367136,0.012723883,0.01030713,0.14996621,0.2485179,0.03275404183689955,0.625790967690289,0.017102108144058274,0.011685833088641937,0.2103050013370835,0.10236203188452077,1.6623605,5
2018-01-21,0.01852885,0.40942466,0.026391553,0.009456153,0.38040796,0.1557908,0.018419284507869872,0.1777549617064824,0.03863688023319756,0.007170787766416718,0.6389490992011795,0.11906903176522762,1.7843844,4
2018-01-22,0.059498686,0.26743224,0.029932857,0.09967792,0.39812642,0.14533186,0.0954666673589518,0.20483488723182533,0.033882688195223776,0.022175863868268902,0.5421551012865644,0.1014847972193912,2.1675758,14
2018-01-23,0.045670085,0.26316363,0.024993034,0.15106165,0.40369383,0.11141777,0.010773989930582414,0.04176197335888131,0.030169850369474473,0.2301257679546435,0.6166682511549709,0.07050016813892455,2.1361737,7
2018-01-24,0.018015519,0.2772942,0.042746525,0.04733323,0.522885,0.09172549,0.015973534171405665,0.1087301997452104,0.04361799710912275,0.11318047208086103,0.653123600982492,0.06537417344071975,1.8255157,14
2018-01-25,0.017894344,0.23519947,0.02819748,0.13785125,0.32394794,0.2569095,0.02026805616068223,0.21310868607431632,0.03945658725614435,0.07092875082876067,0.3134092202306371,0.34282869610246847,2.1647394,13
2018-01-26,0.017115239,0.34212494,0.043107,0.15694635,0.35657582,0.08413066,0.01736739331048383,0.1090830809644867,0.033364638835123535,0.25317356253681333,0.5261174925028054,0.06089381558163019,2.0756195,13
2018-01-27,0.1870175,0.28481355,0.022666264,0.025419544,0.41472757,0.06535558,0.035480922236578866,0.40362588158924595,0.019785513452056487,0.03782162481294502,0.4236456537349913,0.07964046334234545,2.0107257,4
2018-01-28,0.017358433,0.28670305,0.11193392,0.17646202,0.3375956,0.0699469,0.021293163221017795,0.3147213497335987,0.03940194229028203,0.015294572725743045,0.5272757465083112,0.08201316923563992,2.2108166,9
2018-01-29,0.009975716,0.252145,0.04268778,0.011755229,0.48643973,0.1969966,0.009089153280602296,0.13650747351200918,0.0693394456511432,0.012358997270627272,0.697314224626996,0.07539072319542378,1.8045304,7
2018-01-30,0.10734392,0.29426754,0.04858533,0.08354979,0.36866447,0.097588904,0.025508261682749833,0.32892070444959304,0.047045113345805696,0.16867552756579426,0.37479423124181577,0.055056145069216016,2.2344975,11
2018-01-31,0.017181773,0.22909015,0.026045293,0.20229322,0.35564902,0.16974053,0.014802796122426538,0.2450461793042966,0.025998275923427037,0.02010965604137718,0.4228546369852093,0.27118845127927216,2.155979,9
2018-02-01,0.013131636,0.21675983,0.10903519,0.03565434,0.4368373,0.18858169,0.013463522216396852,0.17727790032545043,0.2011805523229875,0.017600940779408363,0.4411633180061019,0.14931375004785336,2.0561225,11
2018-02-02,0.03779928,0.47075504,0.038368944,0.018795313,0.33333775,0.10094369,0.04336481404542837,0.4453643938840093,0.05747588375694985,0.017437412544206738,0.4017949127864013,0.03456259963847058,1.8408366,14
2018-02-03,0.016006669,0.38499603,0.08630339,0.011138544,0.2362191,0.26533625,0.016141863871083975,0.34439213080310843,0.0313653750513891,0.01463469396627766,0.43867103556020054,0.15479489074364847,2.0026023,7
2018-02-04,0.024183488,0.57866067,0.018989846,0.011706092,0.30022308,0.06623677,0.03210602992401794,0.7638180304380647,0.020416943450466997,0.008940801606249153,0.13431434611475837,0.04040390092863863,1.5508087,3
2018-02-05,0.033680648,0.32566142,0.05825724,0.023107376,0.3691993,0.19009401,0.01575253509714132,0.34800388873102467,0.03612745276727138,0.020822386698884816,0.4525712930090278,0.12672244904424612,2.0424526,16
2018-02-06,0.018100452,0.29663363,0.03465463,0.07192266,0.3362451,0.24244353,0.012613151781423694,0.2703758303093507,0.03775060471959378,0.015313544048742023,0.4901592493177335,0.1737875809273927,2.090396,14
2018-02-07,0.016476078,0.3380611,0.028410872,0.090298474,0.39276406,0.13398944,0.014216755711387453,0.21941899629444722,0.03362401486372489,0.15843118337797205,0.4578953163798511,0.1164137476031558,2.0038526,12
2018-02-08,0.03647131,0.26011106,0.056521755,0.16472764,0.39843252,0.0837357,0.052062297868549254,0.19672144731094718,0.06649408122753865,0.09427136600683457,0.5427877931766872,0.047663021218295284,2.1710157,19
2018-02-09,0.021492237,0.24329731,0.07981049,0.016742649,0.4227612,0.2158961,0.014321432620104074,0.20564070349704167,0.04633573053688703,0.019820649506869903,0.5390493453139431,0.1748321304095553,2.007659,18
2018-02-10,0.026431566,0.45227954,0.048216246,0.010985339,0.31453508,0.14755222,0.02001328274413414,0.40125195987909124,0.04827077810762087,0.008904668160847048,0.47899731959444886,0.04256200703237463,1.8708985,4
2018-02-11,0.015742388,0.41782784,0.02307851,0.019812576,0.3577238,0.16581492,0.015591579083157654,0.4333419772256252,0.02531830939402241,0.023107514668248102,0.38732325507755,0.11531739426685998,1.8182958,3
2018-02-12,0.11589673,0.0913072,0.08227077,0.017646184,0.6246724,0.06820669,0.0328382442763231,0.09393576284758517,0.12211744001866492,0.01693810317859153,0.6632455501125197,0.07092489239047191,1.7631437,12
2018-02-13,0.019070644,0.31900764,0.041629452,0.015475482,0.50036716,0.10444959,0.01383869887898152,0.17328406174537334,0.05597439709408166,0.01599538634608583,0.6921615849956901,0.048745834691531945,1.7590152,9
2018-02-14,0.021681476,0.33970535,0.0313252,0.07234492,0.3837652,0.1511779,0.021669378136479622,0.2171091508088802,0.05026569063720761,0.0809858946790677,0.562588438454318,0.06738143621494565,2.0219245,23
2018-02-15,0.01581695,0.2265658,0.04216009,0.070625946,0.5096654,0.13516578,0.019617454499016723,0.44748141146627485,0.03537115785329338,0.038943249706756444,0.3577467446873961,0.10083998995994088,1.9283998,28
2018-02-16,0.034947976,0.30165192,0.04995194,0.12811345,0.4072136,0.07812109,0.03755095593863196,0.3333384658514623,0.0391796229725336,0.04295119113685441,0.4737626439935948,0.07321709959612768,2.101569,17
2018-02-17,0.08988711,0.32630596,0.10936828,0.10400844,0.28589565,0.08453457,0.01733200303006616,0.09928850858758448,0.11217447648612895,0.2604929085431445,0.45560523036977885,0.05510688776651203,2.3461938,9
2018-02-18,0.016723474,0.23827958,0.01776858,0.25327203,0.3659927,0.10796362,0.008970093006824238,0.029369473426589753,0.023963189982894595,0.42753137728393253,0.45699277872206456,0.053173039042448536,2.0743191,4
2018-02-19,0.06420273,0.18590812,0.054965626,0.057255898,0.50441897,0.13324863,0.058572909578564154,0.09723676919628864,0.07423268195712562,0.044898598567376755,0.6611147429319273,0.06394429308769857,2.0573716,22
2018-02-20,0.026606554,0.24812989,0.050525956,0.038967334,0.5023636,0.13340664,0.02498259736739015,0.15987092536268405,0.05284129438169841,0.013854684559913547,0.6053872998574303,0.1430631893751897,1.9248294,21
2018-02-21,0.015003224,0.29177645,0.06908247,0.06308072,0.42824006,0.13281709,0.010991368436499394,0.12376900090403035,0.049626611886585265,0.025232529393071444,0.673608863872666,0.11677160950142852,2.0380185,18
2018-02-22,0.07163477,0.16937508,0.107714914,0.012076688,0.42203522,0.21716337,0.040218720621846595,0.04630957467667524,0.06830917042105938,0.012064508044717185,0.7498855996474937,0.08321247083455337,2.1332438,12
2018-02-23,0.010333041,0.13251007,0.03938325,0.020555168,0.5783931,0.2188254,0.010161672126305423,0.03855015788111115,0.05814886980578338,0.027235728822326312,0.7713260527510595,0.09457753895707961,1.690068,9
2018-02-24,0.02754431,0.46858788,0.013250899,0.12148847,0.17714942,0.19197904,0.016202162904844813,0.2903862076757762,0.0164091390939996,0.2543686129015646,0.24402636879864503,0.1786074889840449,2.006738,9
2018-02-25,0.09782658,0.6458307,0.012939634,0.017599316,0.13774589,0.08805787,0.11887663804665588,0.37117254742552563,0.02246408510974556,0.023255093613109536,0.39310528821940355,0.07112632087225775,1.6217995,7
2018-02-26,0.014982478,0.3034916,0.023848193,0.016052064,0.3793495,0.2622762,0.012010600670307145,0.16730994931764975,0.03508634147199858,0.014067264918217281,0.5780214221735235,0.19350444167351336,1.8740158,13
2018-02-27,0.02806279,0.3379964,0.043061525,0.042001564,0.45926318,0.08961457,0.032814198781212875,0.38399163886683074,0.048621134770042436,0.019561864173692763,0.47378587118218196,0.04122530687858124,1.8885287,12
2018-02-28,0.014269229,0.17436391,0.04215737,0.13951062,0.46255958,0.16713929,0.012316725720961812,0.09572900649179349,0.04936197160150261,0.03734902916834273,0.6831209335875527,0.12212235281431602,2.0617213,12
2018-03-01,0.065611534,0.18554337,0.094743244,0.06915127,0.47468212,0.110268466,0.050348638581838426,0.2973887517676366,0.08581182893474833,0.01569047370437044,0.4780801024232956,0.07268022298864858,2.1583977,17
2018-03-02,0.012447952,0.23151852,0.052454665,0.016196206,0.4369632,0.2504194,0.011847091440497967,0.09383914968897987,0.04000887399863204,0.016323024678667235,0.5739804099047787,0.2640014336349426,1.9090253,12
2018-03-03,0.08873795,0.16757247,0.091892615,0.074122496,0.5450369,0.032637555,0.04783850387127736,0.09348834889746764,0.07296788489590643,0.08384874393765118,0.6669524318518489,0.034904084083371895,1.9750196,5
2018-03-04,0.025740003,0.5326342,0.024114257,0.014796656,0.28708684,0.11562805,0.030153786133162237,0.4629635547852743,0.03388504548359243,0.015970904650083998,0.39150232769865956,0.06552439616718927,1.716252,4
2018-03-05,0.082273886,0.15804869,0.072295964,0.11546753,0.45579135,0.116122566,0.14888889384616688,0.16166467873433163,0.08862171942893678,0.07587802001190996,0.4394286949659381,0.08551799947309585,2.2281113,13
2018-03-06,0.012700999,0.13897635,0.047280047,0.10689207,0.50947773,0.18467282,0.009620945529662988,0.10356518172557984,0.08776993525992141,0.03232886680812166,0.7045979019031253,0.06211716072553236,1.9743615,13
2018-03-07,0.09190721,0.4455124,0.061402388,0.06345863,0.3059344,0.031784967,0.18874307221379388,0.30956047462148767,0.07538798060917641,0.028684799915429937,0.37463392852967314,0.022989748794377162,2.016691,13
2018-03-08,0.08812081,0.18262114,0.03851575,0.18445267,0.37713316,0.12915646,0.036983512466724815,0.29621296394069774,0.035616501718798765,0.12960946647908672,0.40118084994965686,0.10039670757382219,2.2995203,11
2018-03-09,0.16395918,0.4674026,0.016392987,0.016804352,0.17842051,0.15702035,0.09750484262167368,0.38377929084239626,0.02734506644448745,0.014038969485628643,0.3904310009321503,0.08690082294781522,1.9999175,10
2018-03-10,0.14414209,0.24660584,0.10323137,0.0117582055,0.40290362,0.09135887,0.030319178131234324,0.07479054316341566,0.07516048007020977,0.007453334799082797,0.6391086087895497,0.17316782051979893,2.158239,5
2018-03-11,0.019405928,0.23017903,0.03963729,0.015730517,0.6017098,0.09333749,0.023472216748194344,0.4199331164453313,0.02911458330345723,0.011661000934731328,0.46399480857920566,0.051824321423646576,1.6372925,7
2018-03-12,0.019951463,0.114135854,0.047002375,0.06915231,0.6151409,0.13461706,0.01768159971658018,0.12178913218778847,0.04728321179579365,0.05780194846459006,0.5561304280711109,0.19931367162240568,1.7645811,15
2018-03-13,0.011212383,0.105795965,0.05513197,0.07760876,0.6498052,0.10044574,0.01211880689820912,0.19638418394974974,0.06856065115559397,0.03763947574494782,0.6354439471499003,0.04985293046620163,1.6693437,13
2018-03-14,0.086175546,0.2932927,0.04714283,0.021574099,0.49453366,0.057281185,0.027328596683330833,0.13525068115563066,0.05844457900133296,0.017733026026150556,0.7166067964521127,0.04463634094679734,1.8896335,17
2018-03-15,0.036665723,0.28250518,0.06787529,0.05364953,0.46629348,0.09301075,0.06352887167220446,0.21815920263960167,0.05328454472912938,0.10300442027874833,0.517143730092577,0.04487925014607574,2.0118456,18
2018-03-16,0.017068548,0.2935373,0.0460442,0.014487393,0.45172104,0.17714155,0.015677958957375417,0.21103455749841052,0.05134959660079287,0.01372434193127973,0.5840461549425486,0.12416738016066953,1.8725246,12
2018-03-17,0.016929341,0.3378187,0.040139675,0.010709916,0.35021228,0.24419008,0.016948094644245584,0.26423610137269604,0.04520341242902551,0.010382868328129739,0.5136413208263699,0.14958819393995215,1.9116095,4
2018-03-18,0.010946316,0.14640158,0.08469949,0.0090253325,0.54960865,0.1993187,0.00873017933228741,0.041169426094905724,0.07658048036899755,0.006832859130872659,0.8083081976838072,0.05837894422147556,1.7784632,3
2018-03-19,0.074222334,0.27364358,0.06903941,0.014875279,0.4782405,0.08997888,0.03425107657408672,0.21171798173046946,0.06136830649999047,0.014795490545417773,0.5611811640751887,0.1166859755446949,1.9681982,12
2018-03-20,0.08720677,0.34118348,0.044196468,0.014756387,0.45154577,0.061111145,0.03215910143822003,0.22006192219888437,0.0634694018398696,0.013253142987942378,0.6226000154257147,0.048456472758160986,1.889233,13
2018-03-21,0.02209029,0.38738838,0.047406025,0.051566444,0.44061947,0.05092937,0.013516107370822,0.17867622483442006,0.06257549422298148,0.09645778075441651,0.5838055711164405,0.06496884848534613,1.8203572,15
2018-03-22,0.09761752,0.33513555,0.04170486,0.017547444,0.39938265,0.108612,0.034633244029440506,0.2244644724991851,0.04253249688948508,0.0186956670664554,0.561559862064684,0.1181142913835091,2.0264533,20
2018-03-23,0.019009156,0.43181062,0.031284187,0.063946284,0.330671,0.123278774,0.020132609789070634,0.37543876615244703,0.03596328693735706,0.03206226286747094,0.4513242110604445,0.08507889295056074,1.9421048,14
2018-03-24,0.006634105,0.014270331,0.0532006,0.016665952,0.8618176,0.047411438,0.006303410685568324,0.013003527217829018,0.058835196141216066,0.019158335826004926,0.8606773095040895,0.04202224801132829,0.8525487,3
2018-03-25,0.018362973,0.5224687,0.046503346,0.12450279,0.19647461,0.09168759,0.019551192465483733,0.4573163945030867,0.030044632352772882,0.05556568706020359,0.27731799731320694,0.16020406184149846,1.9526081,8
2018-03-26,0.019182118,0.33846623,0.06569354,0.012843143,0.5133833,0.050431676,0.013402785633261596,0.19499119392584352,0.06205445645922684,0.012904123668218921,0.6695971250514221,0.04705031745662812,1.6883093,13
2018-03-27,0.021069232,0.24859238,0.089110866,0.082130864,0.48249382,0.07660286,0.017440222881073827,0.10861615007489549,0.05753438522417022,0.13624014703297985,0.5820446722992703,0.09812442281039427,2.014766,15
2018-03-28,0.016875554,0.32903808,0.025524812,0.04238415,0.3471869,0.23899053,0.015265128879063778,0.18926685173012786,0.03456165544332908,0.08085605556320817,0.48244478239616456,0.19760553222233548,1.9788017,15
2018-03-29,0.019048285,0.43856993,0.020963546,0.09378525,0.28219944,0.14543357,0.01668171730570737,0.3837770563908339,0.026610715176831282,0.13484451911700318,0.3103364548569297,0.12774955288390386,1.9870872,16
2018-03-30,0.09619315,0.33891943,0.04822062,0.015492138,0.3969402,0.10423445,0.03506225430300059,0.3156491137923193,0.050431016660125255,0.013528692451886835,0.3628796211190258,0.2224493105146805,2.0271986,11
2018-03-31,0.017542206,0.21928196,0.054919757,0.021445874,0.53236073,0.15444943,0.01314263091031683,0.16987234022125322,0.030321113399200322,0.013436037417397566,0.4456483675863508,0.3275795073396502,1.8315686,7
2018-04-01,0.01734931,0.1048494,0.05084784,0.018470272,0.7557392,0.05274395,0.009822335671113722,0.047906678891674964,0.05993073884107972,0.016248951067524345,0.8221471082689044,0.0439442044014959,1.2967446,5
2018-04-02,0.12110752,0.35549903,0.051498145,0.027949946,0.38849542,0.055449933,0.07687146662054785,0.25492950013161686,0.0508503086200807,0.03749710848555888,0.5324173700782413,0.04743426375283408,2.0252054,17
2018-04-03,0.07002999,0.37832186,0.065792754,0.018813636,0.4313202,0.035721555,0.07885924445333575,0.28235663400415123,0.04811841329657464,0.024802358093375474,0.5218588985337219,0.04400444955358527,1.8602717,17
2018-04-04,0.043051083,0.3280085,0.05799755,0.014290277,0.52019334,0.036459282,0.04158729487098539,0.3313777168487982,0.05822538078756113,0.012787778848122164,0.519088750516549,0.03693311127009493,1.7133545,12
2018-04-05,0.052315235,0.31623536,0.033971902,0.015711557,0.4593022,0.12246378,0.061903129527821746,0.2593856972761262,0.03842039166752486,0.015201182564490476,0.5047422386987,0.12034736921636928,1.8944142,16
2018-04-06,0.043694112,0.15113047,0.04359095,0.07629314,0.5144451,0.17084616,0.02804542950703322,0.0871523941677811,0.04406816933395693,0.04231957210667305,0.6438633639548179,0.15455106747898806,2.0184228,18
2018-04-07,0.07972193,0.51302165,0.045408785,0.009672022,0.30091542,0.051260184,0.09789689687964154,0.3401748721818864,0.06896932378982422,0.00961491209801858,0.4669874747315584,0.01635649383405231,1.7932359,3
2018-04-08,0.030524107,0.542509,0.023118718,0.17065062,0.18925413,0.043943446,0.025887956263675387,0.4313135763852979,0.022553167470627362,0.31561196891748644,0.1587229928971801,0.04591035178340541,1.8458755,11
2018-04-09,0.015917864,0.4319936,0.021819718,0.018227272,0.24993926,0.26210228,0.015299671971462533,0.40703229553357817,0.02507482736190683,0.02245064183500059,0.3134048589892324,0.21673770368661857,1.8502032,8
2018-04-10,0.0180318,0.329828,0.04604525,0.029780516,0.5256726,0.050641824,0.016382761946272056,0.3023315315391087,0.050234069898789216,0.021811642642277244,0.5710211348662174,0.03821884944928239,1.6933476,19
2018-04-11,0.019971408,0.3936523,0.043812662,0.064334616,0.34964362,0.12858541,0.016338902180371484,0.27106735562955275,0.0528422756505826,0.048970585395192084,0.5087625739470286,0.10201830897146133,2.0051649,20
2018-04-12,0.016881922,0.28340042,0.035595212,0.043926034,0.43815318,0.18204325,0.016275099004163344,0.2549883616454759,0.041280264271340975,0.07747805079693346,0.41765095962725846,0.1923272825062219,1.9532962,19
2018-04-13,0.08629533,0.19906078,0.088368855,0.03152974,0.43389907,0.16084625,0.03840978890265344,0.2663932427152116,0.08770925165009427,0.015402743776889554,0.4734129434633111,0.11867207109660437,2.1818278,19
2018-04-14,0.15729994,0.5062066,0.12366544,0.01189141,0.17802365,0.02291299,0.12345532989369822,0.5072345368603837,0.11208783959017982,0.012033385106292628,0.2254641028757442,0.019724824170935292,1.9339586,8
2018-04-15,0.01577752,0.3951305,0.02112678,0.0128033515,0.39157683,0.16358498,0.012694833349749118,0.24785659003410165,0.027680438220625454,0.011187637570721597,0.5498274460161616,0.15075301760294893,1.7787505,5
2018-04-16,0.14370605,0.3046965,0.04221313,0.017969334,0.34065193,0.15076306,0.13020732743228822,0.325257556019608,0.03247924164702963,0.023175066439778118,0.3070277426043451,0.1818530944931885,2.1623452,20
2018-04-17,0.016569072,0.23885001,0.04124178,0.06526116,0.57607937,0.061998572,0.01799533432392618,0.2017939035225302,0.04987360749796907,0.07776483679494456,0.6050120686161786,0.047560228414318416,1.7451886,18
2018-04-18,0.026618393,0.3708468,0.03501442,0.060942225,0.40761963,0.09895853,0.031145909818991353,0.34704705518378565,0.033626987487538236,0.06391646456041797,0.41165967815823473,0.11260390464204277,1.9432625,18
2018-04-19,0.064782105,0.38455647,0.044472456,0.12757823,0.29841244,0.08019829,0.017210946792303776,0.24717357844124294,0.08092469394902257,0.07620330415084138,0.5056774121678875,0.07281003724118347,2.1772387,16
2018-04-20,0.03020728,0.3208981,0.09630385,0.1055731,0.3781403,0.06887736,0.024079333311524422,0.204158184376381,0.10144503764389833,0.12806922315129607,0.49005133383000954,0.05219686506107613,2.1427093,20
2018-04-21,0.032992665,0.49543524,0.060314536,0.05743965,0.32234445,0.031473503,0.024576235990866474,0.1969651368154418,0.05656321788024663,0.15223654065737338,0.5255630163961236,0.04409586776302688,1.8290186,6
2018-04-22,0.00977657,0.1107852,0.051581014,0.11011708,0.65506655,0.06267361,0.007957793293231267,0.05688853714868038,0.051971378568369704,0.15311900795644745,0.6744107473172305,0.055652537033546806,1.6382482,10
2018-04-23,0.019945739,0.27835298,0.063369505,0.01678268,0.5289259,0.0926232,0.010642170007749483,0.12632187278887824,0.08006519340221406,0.018841380773205605,0.6996568032986339,0.064472560038872,1.7813318,12
2018-04-24,0.09343068,0.27476835,0.03883766,0.07387909,0.31126034,0.20782389,0.04998019254893243,0.22183723851922074,0.07863976360682823,0.1059226072662395,0.4362178364138278,0.10740237370811143,2.2864647,19
2018-04-25,0.0918367,0.2758068,0.042440217,0.042109825,0.4569981,0.09080831,0.06023266900636946,0.3116498927610644,0.03657488916612351,0.0452025078513647,0.43185511988044467,0.11448491894561211,2.0453506,19
2018-04-26,0.07901869,0.27276412,0.061059736,0.014433984,0.4914099,0.081313536,0.03579368042277463,0.16233324884340772,0.05654937035289323,0.014410661771906948,0.6652620878387601,0.06565093108013947,1.9332021,11
2018-04-27,0.024452109,0.19813915,0.058947757,0.020083204,0.40284622,0.29553157,0.032149508930367034,0.2100592084091125,0.08423721234264324,0.017187180229998607,0.4349826614728948,0.22138424509282004,1.9957844,19
2018-04-28,0.037242834,0.24067439,0.036865156,0.09342004,0.3626283,0.22916926,0.04228385308270563,0.13307687303107765,0.04941088884677332,0.08285159229438971,0.46426211500492637,0.22811469590120284,2.1841676,14
2018-04-29,0.03355755,0.42107186,0.042460084,0.051330317,0.4103647,0.041215513,0.027922262538957406,0.46395045896320253,0.03750587880860197,0.06948498790741063,0.3401209974406181,0.06101541756385535,1.8201482,10
2018-04-30,0.015522462,0.2834654,0.036667537,0.021018071,0.50484335,0.13848321,0.011455602728267551,0.17362595227144553,0.04734604259704087,0.016950253707686092,0.6816956183392346,0.06892651697847814,1.7936406,10
2018-05-01,0.052580684,0.43598545,0.02922406,0.117928654,0.3151296,0.049151547,0.03006975513872291,0.26051306613660263,0.02128130914888396,0.4457190804807715,0.20847884503599046,0.03393790898664521,1.9968728,9
2018-05-02,0.02378636,0.2615431,0.060444523,0.019212458,0.52690077,0.10811275,0.024431715641198157,0.3330990786980681,0.051556466313480986,0.025551897428101104,0.4887825481552706,0.0765782882380879,1.8226331,19
2018-05-03,0.013955613,0.12958483,0.13924387,0.02845238,0.6453474,0.043415863,0.011234951157706898,0.10133810940324217,0.10137295984719938,0.021169963088866938,0.7232991672150864,0.041584868646807216,1.6144422,18
2018-05-04,0.01884033,0.21371399,0.13295087,0.016425785,0.52424836,0.09382067,0.017880589647098554,0.18779145063435376,0.0876889820233602,0.017226180489842795,0.6171497802044801,0.07226300940109964,1.8768604,15
2018-05-05,0.24781048,0.2408624,0.03719046,0.05418538,0.38284683,0.03710445,0.10736906781894179,0.3666472703209642,0.030005787581143487,0.034453967932719334,0.4171491731049005,0.04437474774954446,2.1045802,10
2018-05-06,0.022449689,0.43769407,0.023744231,0.16056104,0.23234369,0.12320726,0.016898578830750202,0.28116019806589093,0.03837171168615933,0.09570155924937818,0.46863594763729843,0.09923201741578452,2.0579424,11
2018-05-07,0.06516623,0.2770744,0.06325497,0.12704709,0.43760425,0.029853053,0.07978676908550394,0.27357276449493356,0.057937759187259436,0.07673135278584961,0.4794242051786202,0.03254715735891852,2.0728626,17
2018-05-08,0.14554633,0.3898133,0.056482036,0.04348137,0.2907364,0.073940545,0.1620802891596297,0.35069069685349236,0.09459329610356983,0.028073173396562772,0.2986272999859763,0.06593525794326283,2.1613474,26
2018-05-09,0.1359966,0.3417456,0.02773256,0.124841675,0.3089116,0.060771994,0.08646352761980616,0.34729395419236625,0.03044373700555386,0.1342095787403438,0.3448327613819318,0.05675645730800561,2.2080755,13
2018-05-10,0.03912639,0.1368405,0.09554932,0.04655362,0.62190974,0.060020447,0.026070395362900664,0.15710287193123595,0.07390782413723775,0.026591991749127696,0.6551287677830322,0.061198139855980674,1.7750142,21
2018-05-11,0.060507715,0.40618613,0.033280347,0.014491479,0.286479,0.19905531,0.05686240508753704,0.40701462087447504,0.04233222518493211,0.013789912775870565,0.3566282481722334,0.12337257950001226,2.0049336,12
2018-05-12,0.14227588,0.030390516,0.08301393,0.016720427,0.6251115,0.10248773,0.10579427534768215,0.023094863508936504,0.031693916746556416,0.012795497433338566,0.710941557360323,0.11567987783715576,1.7107142,7
2018-05-13,0.090530455,0.50102854,0.034086213,0.012479034,0.3104836,0.05139212,0.06907956379699076,0.6107626340603199,0.02808236187901899,0.01213444038914256,0.2354550226619083,0.044485945450897714,1.8023432,12
2018-05-14,0.03999295,0.19488767,0.056313153,0.015338603,0.59075,0.102717675,0.030147902488842058,0.23015211750284542,0.05603016032013451,0.013253628601617185,0.5309445757369816,0.13947161121168267,1.7575406,17
2018-05-15,0.012174262,0.21019006,0.06400881,0.07752092,0.5400283,0.09607771,0.010703850107840479,0.15842270915990295,0.08982703152115024,0.0386562927771014,0.6413117017325776,0.06107842466488305,1.8949702,15
2018-05-16,0.05160304,0.18055815,0.046531618,0.018193237,0.5687487,0.13436528,0.012658428250780058,0.10386952562188227,0.06257620279262867,0.020700601776130242,0.7280165664707702,0.07217868382448057,1.8297846,18
2018-05-17,0.032614164,0.18228146,0.069836915,0.23855448,0.33500084,0.14171213,0.02708020535460267,0.2040931510240458,0.09882668562936117,0.06213777619123884,0.41332777732507947,0.19453441663052942,2.2981353,26
2018-05-18,0.015405422,0.2589648,0.09310944,0.0688324,0.4914409,0.07224702,0.012605996941450358,0.17351993636072835,0.07457331442411777,0.054726515162352295,0.5809274113997692,0.103646822483634,1.9597186,17
2018-05-19,0.015297769,0.03519299,0.25128052,0.04170222,0.5780336,0.07849288,0.01319111104472462,0.03766297904582605,0.19501684655232868,0.0099837554850399,0.6695929062607362,0.07455240593806474,1.699311,4
2018-05-20,0.008352717,0.012673836,0.061418157,0.442045,0.44844398,0.02706634,0.005900382616761353,0.010745578887133112,0.1044236354965149,0.16217813287468347,0.6840072795608534,0.03274499044023419,1.5651594,6
2018-05-21,0.014052574,0.23308793,0.04314909,0.05539513,0.51745605,0.13685922,0.012288158304540574,0.20026561129189585,0.04711107282160226,0.017592843018529248,0.6212781607688319,0.10146414356477103,1.8876004,23
2018-05-22,0.039711278,0.22931814,0.05301109,0.11240731,0.50057906,0.06497313,0.031954173638508915,0.19200434509611095,0.047330751556737424,0.07447960374081401,0.5898594080168037,0.06437173000964222,2.0071104,21
2018-05-23,0.060951773,0.3211971,0.047039308,0.01868553,0.44891208,0.10321419,0.12995456892631524,0.30762288215047157,0.0439307570238677,0.016896323404364557,0.42793953738466245,0.07365593289823112,1.9438934,23
2018-05-24,0.0839399,0.10340292,0.06249194,0.021231852,0.6521222,0.076811165,0.053894011104152525,0.06774482013231294,0.06197508967422961,0.0144199402096111,0.7175530686733099,0.08441308860724303,1.6931422,12
2018-05-25,0.12761675,0.1736252,0.14313866,0.12152328,0.3710331,0.06306299,0.07943240231807007,0.20975082210266185,0.11971736165969743,0.11379847503528617,0.42465316778262013,0.052647756456083786,2.370709,19
2018-05-26,0.19998528,0.3043535,0.034826826,0.011397328,0.34093642,0.10850064,0.09832773957824319,0.3400647259513116,0.03602675807112838,0.011323527218968085,0.40907808784201877,0.10517915408060063,2.1058977,6
2018-05-27,0.029332532,0.9150161,0.0066198795,0.011458292,0.016040009,0.021533215,0.029332531616091728,0.9150161147117615,0.006619879510253668,0.011458291672170162,0.016040008515119553,0.021533215418457985,0.6032514,1
2018-05-28,0.06259724,0.39300716,0.063571915,0.036401186,0.39342925,0.05099324,0.06876062572089028,0.27483233133721596,0.07919373144661904,0.02708753683846212,0.49452961281387914,0.055596161577315874,1.9549251,16
2018-05-29,0.1130139,0.45228946,0.034120437,0.015818618,0.28951243,0.09524515,0.060078819789966084,0.3978683905962982,0.046786314101447554,0.015781953389720313,0.3959208133083441,0.08356370851522894,1.9749392,27
2018-05-30,0.023658821,0.24050537,0.07365142,0.017990327,0.5935525,0.050641615,0.027986302707955758,0.2639440086709073,0.06557667424790961,0.017287886941203732,0.5859639816403844,0.039241150296171944,1.6682991,15
2018-05-31,0.034019183,0.29111576,0.042529497,0.04529871,0.5001864,0.08685046,0.023155807931883408,0.16896773503905482,0.05022686661730886,0.053601167093680076,0.628051649209817,0.07599678411654891,1.8862753,13
2018-06-01,0.08292243,0.54076594,0.036906317,0.016185584,0.2979935,0.025226234,0.05781701104387856,0.43204791270284687,0.03957130821213903,0.015358616335009172,0.42834354144081954,0.02686164736974457,1.7038612,11
2018-06-02,0.021323605,0.42573,0.05613752,0.042476755,0.3466324,0.107699715,0.020634495664338753,0.3917198785446331,0.04553811820857909,0.03249910526477949,0.3050349886789002,0.20457341680009933,1.9457707,12
2018-06-03,0.12733528,0.3399405,0.048643295,0.03409535,0.4150136,0.034971975,0.15187594359806592,0.3742584436591426,0.049720861629782384,0.02629020059464245,0.3656668353735351,0.032187725501960626,1.9818649,10
2018-06-04,0.020013604,0.21060337,0.041462786,0.07951951,0.49304897,0.15535174,0.01681540760213635,0.14412225164180206,0.040160849045283775,0.10374099222745499,0.567428072000423,0.1277324103472089,1.9874343,13
2018-06-05,0.07009633,0.18884465,0.045708638,0.09199812,0.51754045,0.08581181,0.08085737895427339,0.08822965377975442,0.052415618560413046,0.14747521039158176,0.5706028245972061,0.06041929351981347,2.0388534,16
2018-06-06,0.07627184,0.2846438,0.06647609,0.023562998,0.4729857,0.07605951,0.10469825964427737,0.24463009259556617,0.0698801760970986,0.03312365051719245,0.4738512494889681,0.07381654548015332,1.9801505,19
2018-06-07,0.038924716,0.42927176,0.039428484,0.017871397,0.42711762,0.04738603,0.05978538846447803,0.3288330824188917,0.043344886363117015,0.017071984188405304,0.48585124446519934,0.06511340963808293,1.7263712,17
2018-06-08,0.08590998,0.3674498,0.065288804,0.11519392,0.29862937,0.0675281,0.07335327477353464,0.3185753532557061,0.08223113611599675,0.16789658440441318,0.304964671017251,0.05297897247531884,2.2344058,11
2018-06-09,0.114610024,0.34739873,0.035790745,0.016180104,0.41576836,0.07025203,0.17825611908326192,0.36754675526073144,0.03279211375336442,0.015204378252354373,0.3434484040431981,0.06275223531575641,1.9518745,9
2018-06-10,0.12816097,0.30190107,0.05456837,0.10267609,0.281984,0.13070951,0.12540793741744552,0.3938886491631465,0.04901997934543768,0.10255565131250322,0.23762533099948005,0.09150245229182753,2.3663316,7
2018-06-11,0.024161775,0.25463635,0.08667245,0.061740648,0.474368,0.098420784,0.02135838868670608,0.2407696803956914,0.06879531310020987,0.09521572249843846,0.4874740335519443,0.08638686755555099,2.0257442,14
2018-06-12,0.013370114,0.12467934,0.07664511,0.052801397,0.6217133,0.11079077,0.011885125696113313,0.08427172800880002,0.10233903550213179,0.061371340538453,0.6523118957615346,0.08782086575076206,1.7437545,19
2018-06-13,0.05735277,0.3102733,0.04603547,0.016622337,0.49373022,0.07598587,0.06446353317925357,0.2548521543824993,0.05797048609064555,0.018519035284285067,0.5500947172020514,0.054100051980038734,1.8483266,12
2018-06-14,0.015621476,0.28702968,0.04382194,0.013022548,0.51138866,0.12911573,0.014129309043137714,0.2703460228825754,0.04534874445162075,0.01189074679783435,0.5089431480121741,0.14934202652055453,1.7659732,20
2018-06-15,0.042233434,0.23699348,0.05382465,0.03137137,0.45768473,0.17789234,0.04682448846444587,0.2032160859491647,0.04916899785787192,0.026002741732246877,0.520089486667994,0.15469819977296537,2.0278437,24
2018-06-16,0.09819419,0.065297276,0.093659915,0.10386971,0.5328089,0.10617004,0.058491181319354976,0.06780349069507417,0.08210198241049124,0.06810574019728549,0.6059042106874866,0.1175933883831485,2.0726545,8
2018-06-17,0.01872822,0.4443761,0.038798388,0.036072027,0.40174615,0.060279075,0.02091309790043785,0.5598475133591745,0.030463968401627885,0.04895973778474043,0.28772190932188657,0.05209375604342769,1.7550513,12
2018-06-18,0.0225192,0.37317428,0.06868743,0.03677792,0.44752103,0.051320147,0.019338945692749045,0.34599115137046466,0.06840429942501848,0.02899952445395521,0.4838434528727378,0.05342261794239109,1.8335513,15
2018-06-19,0.072904505,0.28309026,0.038571686,0.08940656,0.43968248,0.07634451,0.05724708594854787,0.29178805832391436,0.03740052206844553,0.08855387283271053,0.45657228196453586,0.06843816077109009,2.0879939,17
2018-06-20,0.06250735,0.2955579,0.09568705,0.07250974,0.3846909,0.089047074,0.09022256854322187,0.32087400555396517,0.08952390138150566,0.08379758428881212,0.3487671936656311,0.06681474092459849,2.2091067,21
2018-06-21,0.016533881,0.25601703,0.05282665,0.12638254,0.45537835,0.092861526,0.01680947411621562,0.2517756604119338,0.04608641090913711,0.09487318624672036,0.5084748316032317,0.08198043468667196,2.0375612,20
2018-06-22,0.1099849,0.22807005,0.10560278,0.07411722,0.40602726,0.07619782,0.08405081778788132,0.19773873331384412,0.08700277402875685,0.061806582961616265,0.4678946565483433,0.10150643591885926,2.2683327,21
2018-06-23,0.080169015,0.31562942,0.03848843,0.057168968,0.36949724,0.13904694,0.0760780589130337,0.2825791063967628,0.03940704642404087,0.04619214018988768,0.417709966404025,0.13803369381873198,2.1604047,16
2018-06-24,0.027752755,0.45179677,0.029839847,0.08538891,0.31422722,0.09099451,0.028022054415018798,0.4580020480514036,0.02975237079720212,0.08407247353664178,0.3103440448896357,0.08980700903065474,1.955154,2
2018-06-25,0.021704817,0.3263686,0.028679427,0.12064813,0.39632028,0.10627872,0.02002293052630139,0.30353403907482446,0.029293675365893196,0.08624727037466173,0.44370360126363717,0.11719847766949625,2.0351274,19
2018-06-26,0.041039973,0.11910054,0.07335424,0.026099723,0.6323014,0.10810417,0.034280525276841965,0.10177623412309021,0.07287320532700843,0.022575475927280684,0.6688184992365235,0.09967606412850931,1.7335349,23
2018-06-27,0.15240109,0.23750156,0.037930027,0.15398104,0.35236272,0.06582357,0.12340081743722549,0.19082575193067708,0.042520459203302906,0.13010008178702884,0.44637374729254403,0.06677916275777229,2.2895052,18
2018-06-28,0.029067656,0.2694431,0.06975689,0.08460755,0.4351476,0.1119772,0.02778767548022657,0.2793708068041097,0.07914302254407876,0.057728731069793524,0.43609996896042347,0.11986979997482684,2.1036477,24
2018-06-29,0.09579866,0.2467354,0.06718758,0.058692668,0.41920263,0.11238311,0.07387345338094813,0.17394606042307134,0.05995287215416942,0.051694011252536004,0.5127317064658063,0.12780190186382256,2.204349,26
2018-06-30,0.05268086,0.12739824,0.08275374,0.26485026,0.3955629,0.07675398,0.06262320070305433,0.2150154378048314,0.08188108455890758,0.23485404164329085,0.33272125864436086,0.07290494695693824,2.2211082,16
2018-07-01,0.08132625,0.30896515,0.08449888,0.18127136,0.26893386,0.07500453,0.09745563690187616,0.2740902844804553,0.07572097877400893,0.1773781965057097,0.27083559101795857,0.10451931612835207,2.3556182,24
2018-07-02,0.02770463,0.39924783,0.032610618,0.06847148,0.3065428,0.1654226,0.027277403813883667,0.4466719567330422,0.033805151532082287,0.04806214709167601,0.3311446604234609,0.11303866389722318,2.0504293,17
2018-07-03,0.01665907,0.20418902,0.05936577,0.049394257,0.62114143,0.049250472,0.012598152727106614,0.14614172319494959,0.05998562854040961,0.035000049153276265,0.6967340716571584,0.04954035919597033,1.6632951,16
2018-07-04,0.02044036,0.3328322,0.037478518,0.083080605,0.43645027,0.08971804,0.02381471207070298,0.3491753544181161,0.03736073134707341,0.0686363314452485,0.43836550157008247,0.08264739043772144,1.9528629,21
2018-07-05,0.09642207,0.34886155,0.060739845,0.020110209,0.3776153,0.09625097,0.1008032745585507,0.29329987065090884,0.0733420861609147,0.016403593664392153,0.41733793572899525,0.09881320980337832,2.0697925,14
2018-07-06,0.08493226,0.2928712,0.04040004,0.113544725,0.43008718,0.038164597,0.06287367334975102,0.2379774572794955,0.047060367956247455,0.08214776011467688,0.5297221128213467,0.040218606953927497,2.0677917,24
2018-07-07,0.1397051,0.15976636,0.13204004,0.02863308,0.45542306,0.08443235,0.1615320137793821,0.17211562333286265,0.12296940935287592,0.02847376677629973,0.434946390885257,0.07996278633881321,2.1697645,19
2018-07-08,0.011921794,0.0254928,0.30557582,0.016565239,0.6078821,0.03256223,0.01033686902493678,0.027103861018222934,0.2070380721200707,0.01598372261365071,0.6987031908421202,0.04083426094880525,1.4292085,6
2018-07-09,0.026370456,0.26279643,0.048521623,0.0933576,0.38933736,0.17961653,0.025567164183306047,0.21131098443782087,0.04960971662496604,0.0693207876104378,0.49696447264716254,0.14722686785550665,2.1509345,25
2018-07-10,0.077504516,0.31843433,0.05165868,0.16660227,0.31639442,0.06940576,0.06231640732122566,0.3350294206482311,0.04417872331233412,0.14676369075545193,0.2829217155255048,0.12879003494953134,2.2556667,23
2018-07-11,0.1099816,0.27041826,0.08146428,0.04187511,0.42051178,0.07574901,0.12477146985144144,0.2704191715594244,0.07265158620688596,0.03769625669283903,0.4252086107175282,0.06925291449310074,2.1544025,25
2018-07-12,0.10368424,0.27544054,0.046379667,0.021954123,0.47147423,0.08106716,0.07039076932823783,0.21759490863441613,0.04967107586176749,0.025679505017479145,0.5465156976366908,0.09014801558574428,1.9831011,13
2018-07-13,0.075266205,0.18183446,0.061083708,0.1266035,0.4885741,0.066637985,0.0805964427930712,0.24388868593764415,0.05734952184795285,0.07555616322522059,0.4796082811967426,0.0630008854127703,2.1171625,13
2018-07-14,0.01791753,0.4156728,0.04457755,0.023398684,0.45453167,0.043901738,0.015572486855817027,0.300363007339857,0.04653886997000712,0.02092891463520595,0.5717919574088781,0.044804791107055514,1.6722411,6
2018-07-15,0.120257445,0.3768786,0.03947486,0.14665915,0.2426224,0.074107565,0.060107680880070125,0.3671039431523667,0.03786172266415666,0.1696119029827139,0.2531534021039403,0.11216135017764567,2.2622454,17
2018-07-16,0.012739372,0.25755313,0.07609258,0.08577899,0.46944815,0.098387755,0.011852268564436972,0.24447357783897647,0.06604786621559966,0.06356263207057138,0.49247257497650404,0.12159105907560427,2.012232,19
2018-07-17,0.020278681,0.4736041,0.053693715,0.016474383,0.34843293,0.087516226,0.018693886558904554,0.4123837867481946,0.048351278787756524,0.01717825091337655,0.4237397988372064,0.07965301287653606,1.7863764,19
2018-07-18,0.026028685,0.24560791,0.04602073,0.06589833,0.5353587,0.08108561,0.013009626940899856,0.19909836120121513,0.04757406600005241,0.06738900762817174,0.5936758174343396,0.07925311580978328,1.8739407,23
2018-07-19,0.052310243,0.15296502,0.07139986,0.042048983,0.6453189,0.035956953,0.05382859581928434,0.1457223066269264,0.066552473731321,0.035567162525548805,0.6607535577131122,0.03757588428029695,1.6814314,15
2018-07-20,0.06416397,0.37622663,0.06593711,0.042538185,0.38173488,0.06939922,0.053297643485252094,0.3661083731198683,0.05631128393279874,0.037837004237906896,0.4098877637431769,0.07655792770321347,2.0347264,14
2018-07-21,0.165853,0.047168385,0.16705893,0.060940884,0.528968,0.030010805,0.10289719462444898,0.036356357225071766,0.1353576191976127,0.04763331462031496,0.6454119754855829,0.03234354465110442,1.9527735,5
2018-07-22,0.082501724,0.35570145,0.038359907,0.01554943,0.47527322,0.03261425,0.06004667612166582,0.3088164186301366,0.038501897750528556,0.012517014668325726,0.544468320994963,0.0356496679541355,1.7723734,7
2018-07-23,0.01689848,0.33786392,0.08244295,0.035140436,0.38774025,0.13991395,0.015159233610356202,0.2827304535723782,0.08845728558526474,0.025378831848014326,0.4589524617220617,0.12932172334519484,2.0219564,13
2018-07-24,0.073921114,0.1946783,0.06072475,0.031100823,0.5040349,0.13554016,0.07395094363125662,0.18651407970768216,0.04442448263107118,0.0275158922277634,0.49511641011613,0.17247819985525262,2.0275126,15
2018-07-25,0.036904223,0.35335475,0.048961826,0.037172724,0.37737635,0.14623016,0.044650062781098836,0.2943600187597132,0.06604328668844624,0.03226111288015928,0.4324568430703753,0.13022867993637818,2.031792,20
2018-07-26,0.060000878,0.39345667,0.02665835,0.016937835,0.33176896,0.17117733,0.046360669866604524,0.3597244913845937,0.024536176978193783,0.015433716066753379,0.36217476208502647,0.19177019923615227,1.9760641,19
2018-07-27,0.08193895,0.2861127,0.047523152,0.01751969,0.45228365,0.11462187,0.040691410377002614,0.2870932549287361,0.05024035195044503,0.016258725543191847,0.493057137681377,0.11265914057500252,1.999303,17
2018-07-28,0.007965618,0.017164173,0.044321787,0.018830702,0.8586657,0.05305205,0.007875853356149102,0.017081631408630813,0.04527036435849878,0.018340140393285506,0.8598572520666329,0.05157479151612684,0.8768869,3
2018-07-29,0.011537212,0.031455133,0.03436737,0.35959852,0.5161815,0.04686022,0.01158196941219967,0.03521822609601317,0.04052037289725737,0.20858439444726076,0.6474412911109946,0.0566537532285704,1.6283486,3
2018-07-30,0.013864445,0.20360915,0.03907936,0.05988313,0.48250857,0.20105533,0.013149815186723604,0.1808952866629047,0.03827698903634768,0.05418407261131453,0.482637641588288,0.2308561798718766,1.9517157,20
2018-07-31,0.051898405,0.2027886,0.0951876,0.033142656,0.5835653,0.033417445,0.0797278572468742,0.1940661004100692,0.0985298058355953,0.030482609197135847,0.5662426511496946,0.030950973691970692,1.7915059,21
2018-08-01,0.036486592,0.2844076,0.05332317,0.05222611,0.41702294,0.15653358,0.04850460226208498,0.28259557395589424,0.04812053200351361,0.03957935536788223,0.4250523650643634,0.15614757589079203,2.083127,24
2018-08-02,0.027098726,0.23963545,0.050316215,0.06406672,0.4457592,0.17312369,0.03608940277425831,0.19341045336110738,0.05336125498078448,0.0644755366157857,0.4798524512687544,0.1728109159859828,2.063589,22
2018-08-03,0.014214486,0.25235483,0.040188745,0.043434992,0.51475203,0.13505493,0.015414647346439884,0.2502804695049806,0.04053577556975133,0.05549780865952123,0.5215867061004976,0.11668458852285463,1.8546731,15
2018-08-04,0.02634025,0.2724787,0.17128864,0.09211175,0.37343454,0.06434612,0.029732328057858325,0.35710681108813025,0.1276448864156585,0.10551201129787893,0.2854611188090603,0.0945428299853305,2.1875904,10
2018-08-05,0.01591935,0.24784027,0.03653872,0.017914493,0.6221618,0.059625346,0.014056064828430907,0.251753731956882,0.037316438020839456,0.016970674145406404,0.6253272702599808,0.05457580803049081,1.5407825,4
2018-08-06,0.016156733,0.3124962,0.067623466,0.028065998,0.48906243,0.08659516,0.01676775074797351,0.3314559502462441,0.06803730406706918,0.022593021658423473,0.47807983087230344,0.08306615656950811,1.8383571,11
2018-08-07,0.0117240185,0.17301919,0.072661094,0.06883026,0.55763185,0.11613359,0.01102522012435954,0.15707317598128112,0.0670743570308362,0.060758623083347445,0.5749450733229329,0.12912354641400878,1.884304,22
2018-08-08,0.026512742,0.39691788,0.030122323,0.01604526,0.3898778,0.14052401,0.030599622470701915,0.4187201654038113,0.028716677945756285,0.01608250221065402,0.3822612492961581,0.12361979259243569,1.8434902,17
2018-08-09,0.15934326,0.4691159,0.028443856,0.01764844,0.26888338,0.056565195,0.1390714480470144,0.481792559671899,0.02816364705369368,0.01929560579841685,0.2815134217778056,0.050163317438687044,1.927286,17
2018-08-10,0.062990755,0.30520296,0.09178987,0.071031526,0.4357628,0.03322208,0.05751432991648088,0.31211672717087524,0.108051486132943,0.05954132051950593,0.4323715654476676,0.03040457913639095,2.0464747,16
2018-08-11,0.03002522,0.2991835,0.04218709,0.12553409,0.4750921,0.027977968,0.03609563769906109,0.39164518010026156,0.04083334692784846,0.09687931540506577,0.40659734185366725,0.027949154590286095,1.8956772,8
2018-08-12,0.023063164,0.4149454,0.09603343,0.012148625,0.3366743,0.1171351,0.02397405376107838,0.4138998975968974,0.08560764332298151,0.012073593640920513,0.4091134176542575,0.05533138179663142,1.9450775,11
2018-08-13,0.034056045,0.5758434,0.06514586,0.015445647,0.26039794,0.04911116,0.050898162984179096,0.5496224582241594,0.05674379700796984,0.015950685596037056,0.27225988721745337,0.05452501075804058,1.6932023,22
2018-08-14,0.04001717,0.43613747,0.03038376,0.026135407,0.37105197,0.09627422,0.043770616721807105,0.5033394625703571,0.026886658293318568,0.021476072486686766,0.31922638635735556,0.0853008207461434,1.8543042,21
2018-08-15,0.020995323,0.32363895,0.081761755,0.08772108,0.40033028,0.08555264,0.02013851304229969,0.3064280994559584,0.08587991371247122,0.08305423250799068,0.422567763130974,0.08193147500885041,2.0792913,27
2018-08-16,0.04245947,0.13347372,0.039768618,0.114855275,0.5159944,0.15344849,0.05836649257320996,0.14801130461559625,0.04269859828813562,0.08807989838898728,0.518894434470445,0.14394924320718827,2.0324202,13
2018-08-17,0.016632883,0.3617143,0.035741445,0.07727521,0.42577165,0.08286451,0.016557609710644718,0.3550914593727597,0.034727746161215024,0.08990877489942847,0.4234010186968314,0.0803134051029472,1.9084126,17
2018-08-18,0.012418947,0.2702761,0.06321589,0.013720687,0.6134715,0.026896892,0.011330756914533746,0.21389969618579782,0.06684983475220693,0.014328168727637081,0.6678337198662583,0.025757832642611514,1.4982554,7
2018-08-19,0.020267867,0.3730222,0.038762063,0.018682398,0.4335046,0.115760885,0.019005111677584674,0.31693543906323585,0.04334785760349023,0.01868715458416521,0.4818433654205243,0.12018108779469343,1.8165888,9
2018-08-20,0.018747736,0.41554505,0.039361354,0.019551545,0.3550145,0.15177983,0.01790927814880131,0.3848167569131857,0.044860881419272254,0.01810689874121111,0.3829211307472517,0.15138506438023094,1.871953,10
2018-08-21,0.025325455,0.25543576,0.09819388,0.016441353,0.46247572,0.14212784,0.02469967774670391,0.2548280132656699,0.0981005960556831,0.017264037307731447,0.4284631946840221,0.17664447774769265,1.978048,15
2018-08-22,0.066286705,0.28625846,0.057850294,0.018471029,0.47308624,0.098047264,0.06194159818243444,0.2650634303761228,0.06055818504559136,0.018906861774644117,0.4945741905149526,0.09895573342325635,1.9596725,23
2018-08-23,0.022017652,0.44576058,0.038541805,0.07447692,0.32331365,0.095889404,0.023179602255160903,0.45241814645981876,0.04377553051876279,0.061109716904557035,0.32767213415151736,0.09184487394336344,1.9519539,16
2018-08-24,0.09058721,0.29123607,0.08497787,0.07211262,0.40941343,0.051672775,0.11304548975697225,0.37598957549804646,0.06674544832160192,0.04786664557858188,0.3454738692100494,0.05087896467527057,2.15633,21
2018-08-25,0.17804162,0.23913021,0.066199765,0.011892293,0.3779966,0.12673952,0.27854628730084524,0.051985604196796355,0.09059790298804746,0.011089200398654691,0.4338665441807831,0.13391446792270048,2.180443,17
2018-08-26,0.021195944,0.24207094,0.031740315,0.015438539,0.45996112,0.22959311,0.023138463262405755,0.29550318427001154,0.029992657197338568,0.015091410323289978,0.41813714834577653,0.2181371319341189,1.8668753,5
2018-08-27,0.03747232,0.31353146,0.04967287,0.076752566,0.4305302,0.0920406,0.04466919526994801,0.30614012531773144,0.04887368094613919,0.07172741175433184,0.4388697593096896,0.08971983036567459,2.0418096,21
2018-08-28,0.034950744,0.2950417,0.064751826,0.027282646,0.5030106,0.07496248,0.037434974325835105,0.30888006766237863,0.060634648160994765,0.025080091497707513,0.4945609688810716,0.07340921118107155,1.86498,12
2018-08-29,0.0498515,0.27736378,0.0486127,0.095817596,0.48766366,0.040690757,0.04496578681066669,0.2340008435251934,0.05211311722198272,0.0946481047210823,0.5306512475936298,0.043620874754141774,1.9583087,23
2018-08-30,0.017601632,0.28991568,0.038874593,0.05742259,0.49250203,0.10368347,0.018141409740954344,0.29280250761843285,0.036985073589584055,0.061285491502343574,0.49111919205334753,0.09966632758817494,1.8815539,17
2018-08-31,0.014076294,0.23129347,0.040738195,0.10636345,0.45467794,0.15285064,0.01376324311791929,0.22774478579472063,0.04233571275628705,0.11491759857509587,0.4500511368228921,0.15118753952821698,2.038291,18
2018-09-01,0.016469948,0.26546746,0.04376179,0.17321555,0.44612613,0.054959096,0.014711286476223825,0.2705640088191788,0.04810586775557517,0.03566273808683674,0.5694134738232767,0.06154261100096422,1.9907194,18
2018-09-02,0.017078094,0.38471654,0.051852647,0.062292065,0.39394063,0.090119995,0.016664598200948486,0.3852987576571277,0.05026339598992564,0.05635521908503238,0.4171692718124904,0.07424873701013163,1.9436511,15
2018-09-03,0.015898252,0.4536154,0.021004906,0.015431039,0.3648922,0.12915823,0.01580531350189662,0.417473830094296,0.02237830330541474,0.015759957778705824,0.39762078731916783,0.13096179906220418,1.7343459,12
2018-09-04,0.17426246,0.40828043,0.047310624,0.025708802,0.30095047,0.043487214,0.14147216019019876,0.3698059724518617,0.05317788412143034,0.025368044163851584,0.36798916941731663,0.04218677744861875,2.0290077,15
2018-09-05,0.014807317,0.25063205,0.053486437,0.043955732,0.5461823,0.09093612,0.015129262466964869,0.247858801817,0.05136528205631862,0.0434675869980223,0.5604842738110829,0.08169478487467079,1.8055677,17
2018-09-06,0.05714195,0.47818872,0.023298347,0.020150783,0.30555806,0.11566216,0.04688871608768403,0.44100331218344624,0.024419672459350318,0.023074211396476082,0.3498494942117028,0.114764590162832,1.8673806,23
2018-09-07,0.01988659,0.32062262,0.042392116,0.047016412,0.42221242,0.14786986,0.019876043553897958,0.2612491133414096,0.04534777097229515,0.042390637318287176,0.4871765860398543,0.14395984679235052,1.972225,21
2018-09-08,0.018720135,0.3924629,0.058195457,0.012456347,0.36711517,0.15104994,0.020002339610076345,0.40772690125152006,0.05200995399385234,0.012658409807637806,0.3788693477916322,0.12873303088187402,1.8972374,13
2018-09-09,0.07207078,0.49890807,0.026847469,0.17165448,0.19049819,0.04002099,0.06077177425515359,0.439494873741203,0.02476609837709937,0.24879719161241778,0.1862686641715355,0.03990139619618188,1.9920084,12
2018-09-10,0.017113307,0.30127168,0.047239758,0.014474307,0.52855057,0.09135039,0.017542035955337213,0.3180754821269702,0.046389090923714904,0.01440254148182537,0.5120439699528223,0.09154688055899801,1.7199627,14
2018-09-11,0.11138839,0.28206426,0.0355484,0.066409215,0.4280458,0.076543935,0.10274977447248992,0.30014254132693763,0.03383033279427864,0.054660973048998286,0.4285108988664156,0.08010548086612822,2.106461,17
2018-09-12,0.063441865,0.4428096,0.05513665,0.016114052,0.37830478,0.04419305,0.07002345264228657,0.40648741298593205,0.058594763556287746,0.015498834833791558,0.40721681336635884,0.042178735001851465,1.8286896,16
2018-09-13,0.05037888,0.37215775,0.06667842,0.0215877,0.39077026,0.098427,0.03830815254857954,0.3367563113176349,0.06687395497096607,0.021171521389714596,0.4514531324724261,0.08543693383680724,1.9867842,18
2018-09-14,0.106878415,0.12377215,0.060199693,0.12562379,0.48679245,0.096733496,0.10935022754724837,0.14017169451888503,0.06165803266129792,0.1078090828925963,0.49162252615115964,0.08938843961170609,2.1694586,25
2018-09-15,0.024475615,0.3896422,0.028377729,0.23926896,0.2913393,0.026896207,0.025891930242138955,0.4253189330120052,0.030892550522330604,0.14895754415279694,0.34004110596950515,0.028897954330237764,1.9590129,11
2018-09-16,0.053207397,0.13580306,0.04807595,0.25034067,0.35110432,0.1614686,0.04484458532034538,0.14638937998553395,0.04836390483564672,0.19304316398539018,0.3835997100965554,0.1837592738187375,2.2819955,10
2018-09-17,0.025921544,0.33540165,0.08187397,0.09604789,0.4152859,0.045469057,0.02662606559257697,0.3730341105066709,0.08750206039038821,0.06966676022530444,0.40101918879395526,0.042151820648122305,2.0147128,20
2018-09-18,0.0312285,0.31857827,0.08552764,0.016880037,0.4605498,0.0872358,0.02840885964277031,0.296793982134103,0.08334515919134901,0.016952340913741894,0.4814025222756956,0.09309715850797541,1.9068568,13
2018-09-19,0.015432948,0.35121468,0.0782648,0.05622086,0.36290509,0.13596165,0.01543237274721373,0.3397629392984649,0.08026678411703894,0.051057618284324535,0.3779885746919557,0.13549169838902708,2.0662766,25
2018-09-20,0.08213633,0.32145423,0.03692613,0.060215805,0.39742175,0.10184576,0.0838517149220118,0.3613186583982373,0.03666210131120535,0.05067309720682686,0.3765191983767386,0.09097524251099742,2.1070366,19
2018-09-21,0.096472785,0.28543633,0.050848115,0.062381066,0.42369848,0.08116322,0.0909695890861537,0.3220197350136677,0.05493478378258246,0.03602916080699934,0.442835848147172,0.053210907843870385,2.1289556,15
2018-09-22,0.20665401,0.06279191,0.07496667,0.039261725,0.5654369,0.05088878,0.19086143095579475,0.06325348857119502,0.07304708530022315,0.04243932616875433,0.5777436323631799,0.052655018258588926,1.8681515,6
2018-09-23,0.019239023,0.37475884,0.020994885,0.014622904,0.27383897,0.2965454,0.020803440342407855,0.384299430621014,0.018114945293031377,0.013851388454012613,0.2324153822217614,0.33051542790570543,1.8782018,8
2018-09-24,0.0154850595,0.19360474,0.03779229,0.122830756,0.4217828,0.20850436,0.015860076848533754,0.21337050560997675,0.030872510373954037,0.12125780335586922,0.4082107383866076,0.21042836078576502,2.0988226,16
2018-09-25,0.017521221,0.25397524,0.061220963,0.11597538,0.48124054,0.07006666,0.01804598392874387,0.2618256428688935,0.06415166809194922,0.10782762440020163,0.48136439421317373,0.06678468898796869,1.9880816,17
2018-09-26,0.073542446,0.243667,0.034716625,0.11707742,0.43892497,0.09207155,0.08584109811919394,0.2611558838208776,0.03685993579570055,0.09786771489599905,0.43563545947145094,0.08263992615154946,2.142118,16
2018-09-27,0.10192658,0.09701092,0.040198587,0.04362211,0.5723876,0.14485423,0.11328508736082525,0.08488110734524586,0.0393952851691653,0.0439964558229042,0.574756394028866,0.1436856748265621,1.9102972,10
2018-09-28,0.06684089,0.47548804,0.043791935,0.016665898,0.35657907,0.040634207,0.06797469326259159,0.5019422122823936,0.041572716792939945,0.016428787043396613,0.3324881524301802,0.03959345210234773,1.7852064,18
2018-09-29,0.15171413,0.15108448,0.05424426,0.014252475,0.44712314,0.18158154,0.17738485905542378,0.15783860968628374,0.059364038539075736,0.01456573934088724,0.41801393388800556,0.17283280258211764,2.1063142,12
2018-09-30,0.18406461,0.2217371,0.08050257,0.09633359,0.39523095,0.022131208,0.12141627666067885,0.22679040516057286,0.09554179802093615,0.09742636387604411,0.43616088243205925,0.022664295958616583,2.2000809,9
2018-10-01,0.014022243,0.21644196,0.040047042,0.07561513,0.5883945,0.06547909,0.014170282021800224,0.22173856245346601,0.03876290387252293,0.08616331586920431,0.5711892445381067,0.06797567385469112,1.7395245,17
2018-10-02,0.016631862,0.20397466,0.03591676,0.30454835,0.3840025,0.05492582,0.016115550483435093,0.19434909337647416,0.03388441686201086,0.3540587624202754,0.35194372611386343,0.0496484163165677,2.0210423,23
2018-10-03,0.016952837,0.31890085,0.036910627,0.016067788,0.5326914,0.07847648,0.017012528062747445,0.3080754951166054,0.03797750297751161,0.016017457681596996,0.5459061052660147,0.07501095185251985,1.6691314,14
2018-10-04,0.03149542,0.28058,0.074689336,0.058555525,0.49344236,0.061237343,0.030931026632482317,0.2772303954801492,0.07558307891276443,0.06502858088051872,0.4907088333534969,0.06051807001732569,1.9404507,16
2018-10-05,0.058456894,0.23931542,0.05320546,0.05197403,0.46374503,0.13330317,0.060121761115640805,0.22150472824790748,0.0505364719973818,0.0530170702697929,0.48088911873406254,0.13393084381956072,2.0817313,17
2018-10-06,0.01122124,0.10461781,0.07697438,0.10776083,0.5946151,0.10481062,0.010287648601536425,0.023965041940250145,0.056022352948750125,0.16358599613073208,0.5928634724780244,0.15327547717770074,1.8315382,7
2018-10-07,0.016618676,0.25280893,0.034569755,0.21874984,0.40198874,0.07526406,0.015160544659105726,0.19240823660777578,0.032161886447998764,0.32123340760029495,0.37267775567980127,0.06635818523616789,2.0566325,9
2018-10-08,0.013587624,0.28265962,0.103577,0.01914922,0.37883303,0.2021935,0.01342502908976935,0.28791368470690254,0.10754902913347576,0.017731978829492945,0.35805432621852173,0.21532594357228574,2.044416,14
2018-10-09,0.12507813,0.29220945,0.05911222,0.027725318,0.4057828,0.090092055,0.11769765427079439,0.29914308565841435,0.05929968208077912,0.027803599830630542,0.407518547971392,0.08853741870845179,2.1192398,21
2018-10-10,0.040431447,0.44307765,0.042362943,0.06129375,0.27860963,0.1342246,0.0456176423904323,0.45563833665006587,0.04461502392863175,0.06770570908862693,0.265805224775831,0.1206180648792744,2.0501406,24
2018-10-11,0.07340314,0.29604557,0.037436415,0.013327697,0.4621158,0.11767135,0.07255217529470184,0.27994004691236507,0.0386372364411434,0.013154507264765334,0.47274770505264124,0.12296830964755101,1.9348401,19
2018-10-12,0.022449316,0.27691817,0.095249735,0.054635096,0.4532655,0.097482204,0.02284755232607461,0.29923100213739795,0.10048043107187987,0.05683877434944589,0.42140752418627564,0.09919472046503937,2.0330331,16
2018-10-13,0.01592697,0.29673594,0.035058,0.2408495,0.34927428,0.0621553,0.01577118851203794,0.3254260808799383,0.03214253855255758,0.23418035290255562,0.32093927633587993,0.07154056786317844,2.05852,5
2018-10-14,0.01773199,0.41779235,0.031064142,0.12115745,0.33483177,0.077422254,0.018748332476433874,0.44870415674065867,0.03041833599704379,0.1094472947152477,0.31610169545088546,0.07658017365653692,1.9680367,11
2018-10-15,0.12549266,0.2838172,0.030463552,0.0917189,0.32874966,0.13975804,0.17053416608628716,0.2838970457176793,0.031757720911525816,0.08229597475360113,0.3099933676690614,0.12152173906931682,2.2854075,14
2018-10-16,0.052231718,0.22078119,0.06347863,0.015297004,0.51528776,0.13292372,0.0605404858327746,0.21065504743730787,0.064038240292859,0.015404265841527228,0.5182085176549106,0.13115343253202885,1.928227,22
2018-10-17,0.035073504,0.3496148,0.041093856,0.10044948,0.39745453,0.076313786,0.036431772792329356,0.3392291949566359,0.039088173760265944,0.12021708173066487,0.3779747207422541,0.08705904443216243,2.034207,18
2018-10-18,0.028697599,0.25029153,0.051904492,0.02777984,0.49974507,0.1415815,0.032629596429042215,0.2575771923090931,0.05274609535929516,0.026860504096628345,0.4857005904541871,0.14448604142425883,1.9117371,13
2018-10-19,0.06405075,0.26142436,0.06580711,0.015380615,0.46119642,0.13214071,0.05517785132835392,0.2627621692198303,0.06694797789448716,0.015504294346960093,0.45233375462796965,0.14727393636758088,2.0116794,17
2018-10-20,0.102754116,0.026148135,0.03558234,0.040924422,0.59306896,0.20152196,0.08815555291031876,0.026579197048815752,0.036792680247183296,0.045060969506298634,0.6284971742617422,0.17491441874170174,1.7474523,10
2018-10-21,0.022339642,0.3998929,0.021373421,0.17452316,0.30009472,0.08177617,0.022832118345692615,0.4352383088362317,0.02082573855086311,0.17305243395367856,0.268378784761519,0.07967260999611919,2.0259266,6
2018-10-22,0.023870105,0.38467053,0.08494579,0.06958049,0.37374842,0.06318463,0.02336549262776428,0.3904125216208316,0.08373620688268166,0.0854564347124799,0.3534609927033784,0.06356833003520679,2.0109649,22
2018-10-23,0.0645515,0.33123985,0.07214211,0.032932956,0.39233097,0.10680264,0.06476503950121736,0.3442935809251299,0.07211549449377934,0.032256637707126515,0.3811951831882199,0.10537408674158881,2.0932612,16
2018-10-24,0.057697676,0.13905893,0.0583299,0.08337254,0.534958,0.12658297,0.05956476803904229,0.13948032349009132,0.05839417620160131,0.09347871106672047,0.5149441651722523,0.13413787012889306,2.0314524,21
2018-10-25,0.018818261,0.313765,0.066304624,0.03259582,0.41795105,0.15056524,0.018766749256897402,0.3104332228972928,0.06042114691513111,0.035450426227054285,0.39736921538500525,0.17755923109261584,1.9904202,17
2018-10-26,0.063566275,0.35826162,0.11022126,0.025030077,0.36984998,0.07307081,0.07174717335139819,0.32625483080186973,0.11090394929217484,0.027307623894314022,0.38753951403060266,0.07624690945781491,2.0736458,29
2018-10-27,0.016885696,0.45594233,0.032129623,0.008728539,0.23992182,0.24639197,0.015534018925532876,0.4095836282332473,0.03289619374938574,0.008554565182481962,0.24917337480516014,0.28425822118820265,1.8271444,4
2018-10-28,0.013914171,0.11974845,0.13395771,0.10068184,0.6036119,0.028085936,0.013369581914084886,0.10198304219280382,0.14722056531752536,0.1055702255502434,0.6050172026629481,0.026839388397342234,1.7588114,10
2018-10-29,0.07416156,0.37473872,0.06722247,0.026320301,0.30897233,0.14858459,0.07585118520374792,0.36754324527842797,0.06299648406464987,0.028183018293238323,0.3095559543028586,0.15587010008029453,2.141176,18
2018-10-30,0.017124048,0.31304383,0.037171833,0.05516244,0.42282817,0.1546697,0.01683888270418705,0.3101312099515138,0.03780336447028621,0.0539372128537513,0.42812215872517456,0.15316717054813023,1.9737241,17
2018-10-31,0.036861464,0.19907238,0.10182452,0.0720965,0.45805347,0.13209166,0.040531948226270514,0.17639930781054677,0.1023930517991742,0.06885722133669779,0.4705409337756395,0.14127753877219357,2.149934,18
2018-11-01,0.013311716,0.2830983,0.14595246,0.08876756,0.3789383,0.08993168,0.013622844168012216,0.3094098501686073,0.1525085888025772,0.09008017890351289,0.39182182410235317,0.04255671103790282,2.1567435,18
2018-11-02,0.017133648,0.21979794,0.0986605,0.02532209,0.5529144,0.086171426,0.01739927527234131,0.22241618368341584,0.09839399734503136,0.0259068570008704,0.5470480611750862,0.08883560498619426,1.8223331,22
2018-11-03,0.014334204,0.35237682,0.096228585,0.0141491685,0.43593153,0.08697973,0.01577186802494738,0.35739088988841283,0.09047027361200909,0.015151116732382152,0.4346034269012916,0.08661245404921025,1.8585854,10
2018-11-04,0.01622207,0.39260915,0.034405574,0.011088058,0.44414982,0.10152533,0.015923130955320795,0.3754338073818395,0.035663496117616766,0.010975206815415,0.4626600696344591,0.09934428271946744,1.7203768,4
2018-11-05,0.012791433,0.20461448,0.061691012,0.14514461,0.4279165,0.14784198,0.013730045553268474,0.17860914675793946,0.06015913319413806,0.15345403885776274,0.463186022236299,0.130861616119625,2.1326325,14
2018-11-06,0.060748164,0.33526313,0.05581161,0.042238936,0.4322749,0.073663265,0.07055332812905481,0.3445094697429715,0.05534970161532421,0.03723237969138136,0.4237440417875596,0.06861107861620558,1.9994961,29
2018-11-07,0.019923683,0.19390774,0.042292677,0.079394504,0.46868396,0.19579744,0.020169201634167137,0.1814504016292435,0.042562745780835735,0.10965553672334129,0.4523847905218854,0.19377733005323108,2.0276678,20
2018-11-08,0.018483337,0.21369073,0.06219818,0.061316196,0.546778,0.097533524,0.019198342942328497,0.214635207584016,0.06302920689568867,0.07098830126651953,0.5329937861248675,0.09915515095444022,1.8821077,21
2018-11-09,0.066221125,0.37465313,0.04194701,0.042654548,0.36416116,0.110363,0.05341663336658258,0.32986534868551776,0.0456410821748026,0.04950043084064284,0.4061040100978819,0.1154725067505567,2.0576835,24
2018-11-10,0.21223588,0.15854064,0.083593525,0.016542614,0.45405027,0.075037055,0.10564982261172373,0.153300773705173,0.08619320389010819,0.015073968496061312,0.5712424083357777,0.06853980015552094,2.0906217,9
2018-11-11,0.18148082,0.048780788,0.03167711,0.05195287,0.5703515,0.115756914,0.18779266944448722,0.05022002871619093,0.03327817948087967,0.06288417947512222,0.5633489650486438,0.10247598004163956,1.8609489,5
2018-11-12,0.052888136,0.23149422,0.06002427,0.10003429,0.3726181,0.18294095,0.05071763883968172,0.23751969026147907,0.05991014658273798,0.09468846690225571,0.3640603438662028,0.19310370959506898,2.2678216,18
2018-11-13,0.016814535,0.28670037,0.037106313,0.05056118,0.52528715,0.08353044,0.01810300292706182,0.32963327496927064,0.03489942812471849,0.05111732558533,0.48039764835159443,0.08584930585831531,1.7969626,23
2018-11-14,0.03966683,0.28833893,0.075465746,0.024117107,0.5051681,0.0672433,0.04099969416130664,0.31197060485065375,0.07396518242258089,0.021669349850099866,0.48046640502245996,0.0709287653391794,1.8725023,24
2018-11-15,0.045276087,0.24446297,0.04515205,0.0289533,0.46023914,0.17591648,0.050576279062683895,0.2553156882723327,0.04517533585581421,0.030452471303927205,0.45012722552601997,0.16835300141689352,2.0050175,24
2018-11-16,0.011956517,0.21958634,0.12636873,0.01993867,0.47627166,0.14587805,0.012039792282102989,0.20381710567081834,0.11840713740409525,0.027585447012003658,0.514219577269019,0.12393093942599018,1.9611676,15
2018-11-17,0.015361204,0.19809647,0.05703387,0.01510455,0.60687774,0.10752615,0.015183689424237059,0.2054373224482671,0.05236751097258062,0.01516162765218053,0.5990902943186839,0.11275955298845042,1.6654812,11
2018-11-18,0.17338344,0.21247414,0.0668742,0.010470776,0.33757377,0.19922368,0.16712492720468647,0.22960551019537598,0.06585089869576895,0.010579546762186271,0.33413328183945384,0.19270582766311486,2.235538,4
2018-11-19,0.042719048,0.32926324,0.041133653,0.021738911,0.4430153,0.12212984,0.042869606108587574,0.33258120625427623,0.04044703024783548,0.020560739250811807,0.4392672422467465,0.12427418314249052,1.9223062,19
2018-11-20,0.021708129,0.40931332,0.037623644,0.018969491,0.40671325,0.105672196,0.020773427321546686,0.41087650846748613,0.03471132407437053,0.017841688078033605,0.40235866614795224,0.11343840676760376,1.8044982,23
2018-11-21,0.11244881,0.21540293,0.046680085,0.032699298,0.4245747,0.16819419,0.16445905600326713,0.18685956392994388,0.04684098205449165,0.03223850782812891,0.4086169641003983,0.16098491552096994,2.1566372,15
2018-11-22,0.014401787,0.25967634,0.049018595,0.016862735,0.5066637,0.15337683,0.015306744729521848,0.30848488137381525,0.04510103320149594,0.01476016815477085,0.45967826533610495,0.15666891048946807,1.8176563,16
2018-11-23,0.035552975,0.32394338,0.09329039,0.09172088,0.33170408,0.12378827,0.03465824707703774,0.2869243507097929,0.10603895761128582,0.08957839439705337,0.3705896354498599,0.11221040231028562,2.2345054,21
2018-11-24,0.021128928,0.29835853,0.024909522,0.06700288,0.35658398,0.23201616,0.021452605899845822,0.3279707425411479,0.023579567003926907,0.015062718693013896,0.34513797356842846,0.2667963893070533,2.0516648,10
2018-11-25,0.057070296,0.34398243,0.096129045,0.018363662,0.32712513,0.15732941,0.06960667622059138,0.3488954637386238,0.11421923933384058,0.01744105627381481,0.3093299478953873,0.14050760781304258,2.1431997,18
2018-11-26,0.06321031,0.36498845,0.045362722,0.036337998,0.34605265,0.14404784,0.06251691236998876,0.4131699803822427,0.03369807046325046,0.03517011205512563,0.27873320219513537,0.17671170509994377,2.0911915,15
2018-11-27,0.025629463,0.3038143,0.043106318,0.01540659,0.56970125,0.04234206,0.027918049958747217,0.31898921732819635,0.04623366029951389,0.01572125123713152,0.5531881939736171,0.03794961759935133,1.6015307,16
2018-11-28,0.025424046,0.27316847,0.045824748,0.10931296,0.44934252,0.09692723,0.023708965726868876,0.25908071424528606,0.04753242610623653,0.10726426866935737,0.46004840404303254,0.10236523651783962,2.0439415,17
2018-11-29,0.13624363,0.334863,0.037435822,0.02008013,0.39988962,0.07148776,0.1430068547811803,0.31042314373069324,0.03882583234142323,0.020084630709617673,0.4162719867187109,0.07138753232719255,2.011851,13
2018-11-30,0.058319286,0.27663943,0.03228626,0.060653355,0.39026803,0.18183368,0.06027755866782695,0.3125393251308233,0.02897516122466716,0.051896270087414244,0.361262355237286,0.18504934528050948,2.134079,22
2018-12-01,0.009033414,0.023189263,0.075224146,0.024865765,0.71061194,0.15707543,0.009668982652228951,0.02098378573866885,0.045199469040932985,0.03057750211670362,0.7131998839365636,0.18037037982495985,1.3702835,5
2018-12-02,0.08443699,0.23715656,0.024185885,0.013125265,0.37808785,0.2630075,0.07703150849573719,0.24398938063224412,0.024271382868844487,0.012889324061697622,0.3803186244595085,0.26149982298127294,2.0426867,5
2018-12-03,0.053328972,0.19883227,0.06631158,0.061976884,0.45546442,0.16408588,0.041736164019922396,0.19352685560900748,0.06599806432428253,0.06656248236118044,0.44551086796124195,0.1866655790441037,2.1417363,35
2018-12-04,0.016371418,0.23044604,0.038770676,0.014575308,0.49301982,0.2068167,0.016622731876799204,0.22583990217289956,0.04113328755298507,0.014659133329247747,0.503861031371377,0.19788392413401762,1.8290341,17
2018-12-05,0.050312877,0.18748316,0.07233981,0.042869873,0.55024374,0.09675055,0.05112729108622607,0.1797418922717435,0.07359586855400195,0.042141414868414696,0.5634563470324,0.08993719807428646,1.9389362,28
2018-12-06,0.092194475,0.29427573,0.03435161,0.015612568,0.34543985,0.2181257,0.08190861758360465,0.2664890155891667,0.034793018532650884,0.015474254854846698,0.3539989430167223,0.2473361407000378,2.106062,21
2018-12-07,0.046656776,0.36618927,0.04128124,0.10081791,0.34976062,0.09529419,0.05131215468363459,0.38611815851119924,0.04002953265716237,0.09604743065997177,0.3364628751174687,0.09002984068672418,2.1138597,22
2018-12-08,0.014357681,0.10568549,0.049117383,0.034941148,0.70235956,0.093538806,0.015389944828213795,0.12778267180086106,0.04981184615550347,0.03609213998905412,0.6676229150274808,0.10330051849026002,1.4909166,4
2018-12-09,0.030034538,0.05284452,0.20211646,0.021918224,0.43897668,0.25410965,0.0270472111343926,0.05482778818397822,0.21020306597483648,0.02479052680912659,0.41012185133022505,0.27300960387722195,1.9867522,7
2018-12-10,0.022565369,0.3250762,0.047917612,0.015961902,0.37589216,0.21258676,0.023512798098978712,0.3259197429465341,0.050465442363512775,0.017884320073130445,0.39214834263846937,0.19006935700042993,1.9612472,21
2018-12-11,0.06462006,0.27229744,0.03210507,0.04355035,0.35830206,0.229125,0.06490738494054941,0.25371184967925914,0.032741234639496665,0.05029883480977323,0.36511367555121704,0.23322701107862326,2.1402059,20
2018-12-12,0.10001079,0.41939226,0.028970754,0.05537839,0.2974746,0.09877318,0.10870782712200933,0.387954324098277,0.02545249920182191,0.10142722065063363,0.2701856664222688,0.10627245400134734,2.0873806,24
2018-12-13,0.04581762,0.28502506,0.038147707,0.015410566,0.47263074,0.14296828,0.04921082984532585,0.29616811247002595,0.033985039665406586,0.01277797558368823,0.45536278740172437,0.1524952381862461,1.9046793,16
2018-12-14,0.029814469,0.3690518,0.07143144,0.015978549,0.4110673,0.10265639,0.03471399245191361,0.3698108885541384,0.07157864655463735,0.016396243855447922,0.4097479905802547,0.09775222978199838,1.9134965,19
2018-12-15,0.022326022,0.4379828,0.028525675,0.11505454,0.34630582,0.049805146,0.02412161981973142,0.44872040384426864,0.029810932179651473,0.10995353414107066,0.3414450086856511,0.04594848817412292,1.8947713,6
2018-12-16,0.3858354,0.2318342,0.035344046,0.015198137,0.299962,0.03182618,0.363504399058579,0.23040930975421933,0.03646509305707444,0.014957314474714082,0.32148295182939346,0.0331809182661087,1.960625,5
2018-12-17,0.043080058,0.43935454,0.03638911,0.014778128,0.31190878,0.15448935,0.04365812483476097,0.4471743548106295,0.035824536568175414,0.014861003613356969,0.2985518082818475,0.15993015857821646,1.9210861,19
2018-12-18,0.016942061,0.4184767,0.034806162,0.015935859,0.41556624,0.098272994,0.017077674098168162,0.42626923112267245,0.03520298905465196,0.01606159704001558,0.4028344092052814,0.1025541218949643,1.7447747,17
2018-12-19,0.07655611,0.4343813,0.019208577,0.013843929,0.22919926,0.22681083,0.15049569307052094,0.3631717271931058,0.018453141037219727,0.013408698563496971,0.21581169006894121,0.23865904946562572,1.9739734,15
2018-12-20,0.05590539,0.2624493,0.04342252,0.021033898,0.46583793,0.15135099,0.08035977875217912,0.25539660676944703,0.039824990564940044,0.02134875700607027,0.4439617960906779,0.15910808447012284,1.9784853,24
2018-12-21,0.06296101,0.1147895,0.039897613,0.03245772,0.5047746,0.24511956,0.02307274167380729,0.05749529482437541,0.03980995882933844,0.03001814064008817,0.5790991982734146,0.2705046722558523,1.9506607,15
2018-12-22,0.017253023,0.24402654,0.03775011,0.12497444,0.49759132,0.07840454,0.021110378463867277,0.3445907216460059,0.04306839576825349,0.078890301582741,0.448687859093824,0.06365235331811589,1.9400688,8
2018-12-23,0.023136616,0.50615096,0.05332488,0.032527562,0.31589046,0.068969496,0.02522847757315315,0.5454244267915669,0.053954196610551786,0.025918367818616988,0.2800325378890362,0.06944198291363746,1.800457,6
2018-12-24,0.015340491,0.31868362,0.045933988,0.05881756,0.4190343,0.14219001,0.016211672882255085,0.34878152660384665,0.04825093050122132,0.06845375964338077,0.3755824344418021,0.1427196492712417,1.9887497,13
2018-12-25,0.015073091,0.31771505,0.08558871,0.067684785,0.3898855,0.12405287,0.015326898711038312,0.2985447695608215,0.10284955500610539,0.09266833642889345,0.35045592397577746,0.14015450316968506,2.0866015,21
2018-12-26,0.0136988,0.19878319,0.0629862,0.02307878,0.5249829,0.17647013,0.013723584308183356,0.18862644614653956,0.06920692519426724,0.02016562329656808,0.4991443040901173,0.20913313745976814,1.8545015,20
2018-12-27,0.03174881,0.37752354,0.032256104,0.017687758,0.42484176,0.11594204,0.02857319269355178,0.3800762586452493,0.029817781710112352,0.016785964712556483,0.41104162619396306,0.1337051897499298,1.8364332,13
2018-12-28,0.036248114,0.38067165,0.03329887,0.014678428,0.4210569,0.114046045,0.033934664136365825,0.42947158919285333,0.026764509458295296,0.014416522263999157,0.3442637763097407,0.15114893289558984,1.83941,13
2018-12-29,0.016669894,0.22046314,0.037542444,0.27586347,0.32556483,0.12389623,0.018992214300092954,0.2908883850042819,0.03764050899051902,0.13351199478963785,0.3513804220888966,0.16758646204033711,2.17006,30
2018-12-30,0.01280615,0.15613703,0.20796937,0.013120064,0.4247063,0.18526109,0.014400838165632923,0.1525141797652542,0.2424715244493926,0.016043163621743878,0.38092287969140054,0.1936474162136199,2.0273478,6
2018-12-31,0.021752704,0.37451333,0.10432527,0.2012999,0.24563037,0.05247842,0.02085452103665381,0.3207946028532991,0.11543269218780192,0.25285827137487005,0.2413357754980557,0.04872415317417442,2.1771498,15
2019-01-02,0.044783436,0.31613395,0.057185147,0.08882957,0.22588684,0.2671811,0.04664365949216967,0.28966808621923146,0.05924055029924313,0.10158340799203996,0.2360798658699269,0.26678444509613874,2.2657998,13
2019-01-03,0.072474256,0.35012794,0.034068625,0.051547416,0.3878579,0.10392386,0.07155549911906667,0.3469519063596442,0.03422705982324397,0.05106087356567989,0.3876144638840076,0.10859020768801815,2.0605674,17
2019-01-04,0.04266102,0.5902358,0.03411332,0.019856222,0.23846532,0.07466827,0.025313903001425265,0.5888874564020071,0.03579954417982926,0.023136207860818703,0.2468446093271737,0.08001828442695283,1.6943189,13
2019-01-05,0.10284888,0.20755172,0.06251829,0.21511878,0.28336298,0.12859935,0.09299113751780523,0.13876797941310418,0.04387324438553663,0.348506384234755,0.22988727682853216,0.14597397023882144,2.4312787,11
2019-01-06,0.0061297375,0.014427033,0.0557017,0.004716873,0.8718181,0.047206573,0.006129737477749586,0.014427033253014088,0.05570169910788536,0.0047168731689453125,0.8718181252479553,0.0472065731883049,0.78226066,1
2019-01-07,0.0077919275,0.013639069,0.16366951,0.2349775,0.47547573,0.104446255,0.007019238611010861,0.013157349954565908,0.18420655545163606,0.1461823980313055,0.5353161480752846,0.11411833611340605,1.9077923,7
2019-01-08,0.0954465,0.10251177,0.044462297,0.11776275,0.57221025,0.06760643,0.10611405536885236,0.10007593766441182,0.04551520503168123,0.12031710553450288,0.5624234955490216,0.06555419237772296,1.9470791,11
2019-01-09,0.062927574,0.42066517,0.026826534,0.054867346,0.2990703,0.13564308,0.06238309491074139,0.4400083179941438,0.025165790135738338,0.05655905227422701,0.27687039839311606,0.13901335323663225,2.0581813,18
2019-01-10,0.050792035,0.43060884,0.056071218,0.05580015,0.27747205,0.12925573,0.058170617001293806,0.4456044981690148,0.055562455019749275,0.053796556038238116,0.260519053418547,0.1263468318008734,2.101921,23
2019-01-11,0.12337539,0.33682308,0.06922338,0.012656327,0.3602201,0.097701706,0.11754327723351153,0.32397299623044984,0.08698875378804584,0.012194481975452403,0.3687878519372698,0.09051261982700182,2.1061785,12
2019-01-12,0.014168723,0.2171791,0.028346706,0.016049225,0.4431743,0.28108191,0.01329225663649615,0.20472331209776679,0.02883131991712208,0.016186759696900685,0.45853242548969814,0.2784339443298084,1.8418174,10
2019-01-13,0.08394616,0.5830359,0.026190402,0.028847512,0.2471289,0.030851126,0.0810970141891171,0.5548769065507668,0.027246701045570015,0.030798554561580673,0.27393005792033376,0.03205074633456241,1.6922545,4
2019-01-14,0.038577482,0.497797,0.027532399,0.017530557,0.33304983,0.08551272,0.038198043575200735,0.5010074317940929,0.027996386300793673,0.017915460314898202,0.33257512528707883,0.08230755689028262,1.7587531,16
2019-01-15,0.051427774,0.19102262,0.03744422,0.16476221,0.39030647,0.1650367,0.05590405130639423,0.19260690716399445,0.03626531746281275,0.16363379786267593,0.38121673531561,0.17037320122166608,2.2411885,25
2019-01-16,0.09200836,0.19823615,0.041330766,0.09733703,0.41632947,0.15475823,0.10774657218855334,0.19788645779166594,0.040621964898427086,0.08615516084633651,0.40950407040574544,0.15808578262308556,2.2395644,24
2019-01-17,0.034163374,0.20207848,0.13353051,0.07929736,0.4517105,0.099219784,0.03183121734154018,0.21435154615598703,0.13149846161522039,0.08572465586308423,0.4339135690003849,0.10268054094726924,2.159074,14
2019-01-18,0.026294075,0.38857058,0.0339489,0.06656169,0.3998687,0.084756084,0.028050329520995575,0.4061411525056378,0.03493753486031701,0.031099826610597216,0.41129200859744974,0.08847914785114373,1.9243867,22
2019-01-19,0.14296792,0.0996564,0.026338024,0.16901293,0.3267533,0.23527145,0.22176460689732336,0.12386051620887689,0.027801810282249696,0.016729170267414047,0.3064146991534887,0.30342920230668213,2.322863,7
2019-01-20,0.013335355,0.35658252,0.10277756,0.01565018,0.431028,0.08062636,0.012794696112573266,0.3207375791162828,0.12366044028043549,0.01431430632355385,0.45352544567841446,0.07496755333612858,1.8609824,9
2019-01-21,0.15858336,0.21048456,0.035458867,0.026506454,0.36842686,0.20053987,0.1727547248363289,0.2272262373422251,0.03434809865481928,0.027284272225796834,0.34492156590050954,0.19346508374594126,2.1997755,15
2019-01-22,0.015895294,0.25967467,0.090406194,0.059302337,0.4709474,0.103774086,0.01550242199922367,0.25728659358256306,0.09264069384104583,0.060498739985720605,0.4565860257860239,0.11748553088413902,2.0060868,16
2019-01-23,0.048926886,0.37237132,0.036844507,0.14121073,0.34002995,0.060616657,0.0580509725995481,0.3559009621432613,0.03631679902774554,0.14403117456635983,0.34718648306760636,0.058513621872577186,2.0922666,18
2019-01-24,0.04761186,0.28234178,0.047547705,0.03294755,0.45216027,0.13739085,0.04380803817955953,0.29436822320666695,0.04393730748441931,0.035254663169133484,0.42994860234729776,0.15268316509052407,2.0066402,15
2019-01-25,0.06197305,0.39834613,0.04029899,0.10858541,0.29759756,0.093198895,0.06805847028642056,0.3773532793707411,0.040109718860317604,0.11558377910930547,0.29930752186361614,0.09958723966974109,2.151574,22
2019-01-26,0.028643066,0.48186207,0.027577834,0.055560876,0.3699716,0.03638461,0.04523074663921765,0.6857829647470985,0.015338735423639229,0.017891112153098184,0.20774265164034164,0.02801386305163625,1.7335705,6
2019-01-27,0.034174178,0.5331126,0.033359084,0.021519087,0.25270596,0.12512907,0.03381120567408088,0.5195315425454329,0.03541405293966294,0.020785243375582168,0.26779328401745045,0.1226646663511021,1.8097719,9
2019-01-28,0.016307672,0.32932866,0.047577698,0.017921895,0.39443088,0.1944332,0.01606248313604698,0.32602152195589756,0.04458042052801655,0.01756013486208119,0.383324434333313,0.2124510200864027,1.9263433,17
2019-01-29,0.049398,0.3274497,0.05804843,0.026555084,0.45356834,0.08498044,0.057834481101443146,0.3277863629566558,0.05801962056407282,0.023246725184600154,0.4387325879430629,0.09438021828861429,1.9387561,22
2019-01-30,0.033006027,0.34244633,0.043374863,0.068181574,0.38529816,0.12769301,0.035360932114175694,0.36499682886550655,0.04565606946159496,0.07325231225259256,0.3648819791840998,0.11585187589725648,2.061696,24
2019-01-31,0.06897613,0.31020343,0.037106585,0.101137325,0.34303427,0.13954228,0.11679721111907854,0.2966421588375937,0.03630011773294427,0.10134278390814216,0.31049943367370075,0.13841830114309966,2.2265663,15
2019-02-01,0.049889736,0.34423375,0.066348925,0.01531358,0.35918662,0.16502742,0.05423759893134386,0.35026095537069557,0.06687083112682968,0.015304032337803876,0.34317254597781033,0.17015404752385535,2.056929,17
2019-02-02,0.08065633,0.17683902,0.0653709,0.035207707,0.53391445,0.10801158,0.09195507388399757,0.16277776763330137,0.0650336993496349,0.03246845923030289,0.5218006056347871,0.1259643960956034,1.9923472,8
2019-02-03,0.080858186,0.23612833,0.043302804,0.11647934,0.48533273,0.037898593,0.09425639049327802,0.2558185254125075,0.04110032520555152,0.1469392923204917,0.4235935542724856,0.038291891972937586,2.0276577,12
2019-02-04,0.021113275,0.30591723,0.12662308,0.029507725,0.44546497,0.07137373,0.019852866666594752,0.33016693762033195,0.16297001949514403,0.0377592934641136,0.37261180737108707,0.07663905997186532,1.9592617,11
2019-02-05,0.07469595,0.14744538,0.04705696,0.0186785,0.60141134,0.11071184,0.07818160165967264,0.14456675495518428,0.04694822645293237,0.019233106212259873,0.6080037702113695,0.10306654217695828,1.794241,24
2019-02-06,0.023456454,0.37206525,0.052507173,0.013813717,0.42501244,0.11314499,0.02252636792121445,0.36249872093867846,0.051347823207699365,0.013348809047618882,0.41843081090130063,0.13184747160725693,1.846603,16
2019-02-07,0.042157847,0.35878354,0.071733646,0.06186255,0.38005063,0.085411794,0.04379023667526686,0.43035733067742243,0.06494058343434024,0.06631622906411959,0.3120661619522157,0.0825294682711275,2.077806,23
2019-02-08,0.024366915,0.21654637,0.07760566,0.06583609,0.5230479,0.09259706,0.02514603339945107,0.20887786275117406,0.08515267014052243,0.062322390566128615,0.5370037604166479,0.08149728093352412,1.9600617,14
2019-02-09,0.07108726,0.2334037,0.02523645,0.019728366,0.41972795,0.23081626,0.11149557809994305,0.3184019144055759,0.0229921429175492,0.02115045396304624,0.31100901316674073,0.21495088873935222,2.0206974,6
2019-02-10,0.0146280965,0.24321595,0.044566914,0.21842466,0.40835962,0.07080476,0.018167640435058228,0.41068509847387213,0.032134953184965856,0.18692086345695683,0.28437911920585285,0.06771232814443949,2.0627646,4
2019-02-11,0.0667745,0.26262343,0.07393109,0.022680553,0.42077097,0.15321946,0.06930666904851249,0.2494538432860595,0.0834321034888032,0.02425271108186993,0.4278131784318083,0.1457415117213847,2.1091673,17
2019-02-12,0.06705013,0.21485458,0.074056216,0.024419587,0.49762127,0.12199819,0.0683926136714861,0.1998584434699898,0.08049231429270354,0.02472815275121371,0.5028034501774372,0.12372501746424402,2.0182753,22
2019-02-13,0.074954726,0.35075676,0.03000416,0.04797173,0.42197856,0.07433409,0.03884990618019603,0.3860933420722021,0.029676453685901466,0.047010076882504234,0.42104972493993753,0.07732050140085908,1.9763021,24
2019-02-14,0.015481042,0.20303598,0.02368208,0.26103312,0.33287954,0.1638883,0.01547724224449817,0.17862061486253733,0.028886369052530614,0.13140248052799483,0.4561155098240994,0.18949779823244195,2.149678,20
2019-02-15,0.16136158,0.13306215,0.047491644,0.06542171,0.4329592,0.15970373,0.16547240713335953,0.16482476846958022,0.048022192239253365,0.022195459166048054,0.4260808413881981,0.17340434336342045,2.2235332,17
2019-02-16,0.027533317,0.2010134,0.06491141,0.05709234,0.50502574,0.14442378,0.026465178480356146,0.18810941700918318,0.07519709317802947,0.06300808760424226,0.4993505878586134,0.1478696424046785,2.0008082,6
2019-02-17,0.15811063,0.36469758,0.019951593,0.011837283,0.3564172,0.088985726,0.18328694200134535,0.35926400680675946,0.020112696882746812,0.012177568045195217,0.33933299387222815,0.08582582495988883,1.9809505,5
2019-02-18,0.07592654,0.49812597,0.08100011,0.035658024,0.1991304,0.11015894,0.032756162397029616,0.5216370400783958,0.0892329853292344,0.035286715022424496,0.19980687111567919,0.12128020964256066,2.062599,17
2019-02-19,0.07757334,0.4014455,0.028292127,0.059460115,0.33393523,0.09929371,0.09028927541668616,0.38473526711815564,0.028247472783479957,0.053457512366094966,0.33967164651423143,0.10359883058878933,2.0616107,23
2019-02-20,0.04480881,0.18878303,0.04215826,0.095419474,0.40696713,0.22186327,0.0451871431402824,0.2059000430772915,0.04099792117309245,0.10004085788390626,0.3896856193744601,0.2181883922457354,2.1806064,22
2019-02-21,0.12167311,0.2574115,0.051449478,0.016833618,0.47711217,0.07552007,0.14031922394900562,0.3006980535056768,0.04791153278338087,0.017183912484655357,0.41813047047560514,0.07575678506326183,1.9839879,13
2019-02-22,0.01750256,0.32444292,0.03829326,0.0693432,0.3473888,0.20302925,0.016092665303336907,0.31023228835160305,0.03112874807116781,0.08450597430980177,0.3358536714254949,0.2221866478039089,2.0731642,17
2019-02-23,0.020858118,0.34002107,0.024233006,0.01136273,0.4037797,0.19974537,0.018399604129915082,0.3071050445466196,0.02387677001806253,0.010735049640484827,0.4147433344680171,0.2251401800463267,1.8415365,8
2019-02-24,0.016665515,0.24135421,0.12728027,0.124226086,0.3497185,0.14075544,0.016702903938555724,0.22444650724455054,0.14896360551856683,0.12516123593797512,0.3354146113643728,0.14931113522157086,2.2739594,8
2019-02-25,0.06753583,0.33037663,0.020583447,0.060229007,0.26643223,0.2548429,0.07298936140154352,0.33997991975174446,0.019524437489589482,0.06248169229333361,0.24681955944107037,0.2582050600196158,2.1609492,19
2019-02-26,0.14617367,0.3709217,0.079447955,0.030568732,0.33695003,0.035937887,0.11090281337036874,0.4013031397891804,0.07656368818996595,0.034082531114147975,0.3342742047989275,0.042873606813493184,2.081597,12
2019-02-27,0.11092524,0.30934107,0.037279256,0.07348632,0.35623333,0.11273483,0.14238850369127168,0.28737022862020595,0.0350333237831373,0.05959146441479311,0.358444794497056,0.11717168597821441,2.2146795,17
2019-02-28,0.015950833,0.27932188,0.08417499,0.018250352,0.5039648,0.09833722,0.016653236843245506,0.2958180417940229,0.09030510010817751,0.017164596459649746,0.4695301733101206,0.11052886872706623,1.842409,13
2019-03-01,0.03351336,0.36956185,0.06585643,0.052411284,0.3213301,0.15732695,0.03889932083819354,0.377182402862249,0.05708698607400388,0.058861836066105316,0.294678117646374,0.17329132836891606,2.122402,13
2019-03-02,0.26612827,0.30810526,0.028189141,0.14197992,0.2270819,0.028515475,0.2700827788730603,0.2922051707738757,0.026489926902498306,0.17819906306379857,0.2046394744415977,0.028383544087768206,2.2085674,7
2019-03-03,0.08966707,0.2987247,0.05816727,0.011562931,0.4148875,0.12699048,0.10894655079837787,0.2668604874530915,0.06675570337943443,0.011369662842741412,0.3992209160980839,0.14684665535321131,2.0504405,14
2019-03-04,0.052051418,0.17877148,0.052794017,0.010278994,0.57438433,0.13171975,0.0940480088446259,0.21394276850308958,0.052701895366367046,0.010336598564370346,0.5083953939138817,0.12057535267541626,1.8025577,13
2019-03-05,0.013046776,0.2351013,0.110734336,0.067909874,0.41518217,0.15802553,0.01305049297980532,0.21802173434480226,0.11324748361682005,0.07734399583252309,0.39872274987370016,0.17961354095940282,2.1349418,18
2019-03-06,0.029680505,0.3500786,0.04434213,0.038738362,0.42818514,0.108975224,0.036784300728577246,0.399472242773064,0.04897371487282196,0.043211538620049984,0.3764487536489658,0.09510942096247936,1.9341898,12
2019-03-07,0.041136622,0.28012514,0.057438135,0.09806826,0.46932116,0.0539107,0.053698288030428275,0.31554161849262613,0.047064124012081716,0.13035276938768478,0.4034179943498571,0.04992520793982886,2.008262,22
2019-03-08,0.040311113,0.35488307,0.05677929,0.20925863,0.31128564,0.027482262,0.047769131734981846,0.3462923582516839,0.06333622738812084,0.20834909423756143,0.30686644617880326,0.027386775493089738,2.090967,9
2019-03-09,0.014026289,0.26741365,0.042073645,0.016117027,0.57607204,0.0842974,0.014319454454573945,0.2830212133767614,0.04124859622044581,0.016327171490416476,0.5637555011810415,0.08132806643011839,1.6426613,7
2019-03-10,0.01578208,0.33063418,0.038943924,0.040722337,0.519096,0.054821447,0.01673221594490836,0.38090592183569366,0.034717490607778026,0.038772562143255,0.46585664788961556,0.06301514364292989,1.7134765,8
2019-03-11,0.017626641,0.3076213,0.092514455,0.030858848,0.49653766,0.054841094,0.017002760822694127,0.29775663663592605,0.09609806403314526,0.026975986869005996,0.5095808005209082,0.05258574473379919,1.8296773,16
2019-03-12,0.014271955,0.30642274,0.05706942,0.026001843,0.51153415,0.08469991,0.012713170880887087,0.2804088986093162,0.05887895613441418,0.02338679283785349,0.5185189158932763,0.10609325834158662,1.7794075,12
2019-03-13,0.08617155,0.37554616,0.038289104,0.026859015,0.41388145,0.05925275,0.08305429450162963,0.4147490255013732,0.03333984250767519,0.030878958017250487,0.3753345947063482,0.06264329178826862,1.924091,16
2019-03-14,0.015708802,0.24564777,0.0671522,0.013445735,0.49349043,0.16455507,0.01724504847888872,0.2167166897913075,0.07383081580180462,0.013878456979076859,0.48775083830111976,0.19057816290826388,1.8681087,13
2019-03-15,0.07327598,0.45309854,0.04918084,0.0652019,0.3279634,0.031279307,0.08054378246966323,0.47431940071341977,0.04450001991767244,0.05670131803814807,0.30969705168045497,0.0342384121895511,1.9481765,14
2019-03-16,0.025039373,0.5132164,0.024604501,0.04928112,0.26258245,0.12527615,0.02849790705570476,0.573866851428413,0.021898476671945315,0.04326782502945549,0.2070830438189239,0.12538589975795644,1.8546213,9
2019-03-17,0.014637495,0.20464106,0.041493967,0.015508807,0.5526623,0.17105637,0.015751760720548347,0.24894943314107199,0.04330667237135557,0.016766906234603987,0.5074845006945997,0.16774072692233788,1.7498873,8
2019-03-18,0.014439163,0.2964554,0.031680685,0.0149248,0.43897504,0.2035249,0.01485638170184904,0.3025180702866724,0.0309991656387766,0.015862427228320812,0.4397015129477597,0.1960624604303267,1.8454593,15
2019-03-19,0.058753014,0.11804965,0.053005833,0.026038663,0.64609027,0.09806255,0.07112732231888769,0.14376616608538142,0.047616708208860326,0.024934489095383545,0.6081938030633188,0.10436148822063768,1.7015002,13
2019-03-20,0.021235704,0.27232048,0.06007739,0.05123078,0.42168456,0.1734511,0.02489443428413429,0.25470801640100166,0.05507121909249759,0.07575759412365654,0.4113807915555302,0.17818794149353406,2.0561113,26
2019-03-21,0.034922924,0.34472838,0.04734755,0.08824775,0.35926723,0.1254861,0.03244429968775293,0.34455677258572076,0.04691515932559244,0.06801744505764767,0.37673197362838323,0.13133434589478413,2.1224527,12
2019-03-22,0.062459137,0.4829833,0.025119323,0.033967517,0.26312518,0.13234556,0.07043257382378637,0.48021143797929844,0.025030731946964667,0.03889234089275549,0.2555753001237734,0.12985759973957497,1.9492282,19
2019-03-23,0.14250526,0.20915107,0.030703034,0.17759149,0.300865,0.13918418,0.17866855034244236,0.18870380704565023,0.03529722620435915,0.17243278170506365,0.3157688847030776,0.10912875100514688,2.3871136,5
2019-03-24,0.111774,0.22327113,0.039676294,0.012506556,0.41751358,0.19525845,0.11431576951971871,0.247885693346592,0.03909106501365676,0.012922171121430305,0.3982190386514794,0.18756627320260255,2.086339,9
2019-03-25,0.023386078,0.51279265,0.021718519,0.016288562,0.2845934,0.1412208,0.023828214944333168,0.5038239787851063,0.02110194244108303,0.01621374968459802,0.2867846863767941,0.14824743160430018,1.7523398,13
2019-03-26,0.101667926,0.35621172,0.033818353,0.061916906,0.38376758,0.06261752,0.10210411858036415,0.36324253081369295,0.033194431505226156,0.06775708172125942,0.37293330320231255,0.060768519067257644,2.0600686,15
2019-03-27,0.021424742,0.26467714,0.10276147,0.019871183,0.4602724,0.13099305,0.021224918363540315,0.2758143211827652,0.10363938701658604,0.02190355136886688,0.44500874271599916,0.1324090606565311,1.9754004,12
2019-03-28,0.014440621,0.23772615,0.08061978,0.046828315,0.41745594,0.20292918,0.014822922171368118,0.2450597475302272,0.08377690835268917,0.04540991407455865,0.38184185250083824,0.22908863772006272,2.073741,18
2019-03-29,0.008749595,0.13857579,0.076247506,0.009912633,0.57105607,0.19545841,0.008659410163459367,0.13612220520581533,0.08039862889493624,0.009536046693948651,0.5674669100036982,0.19781680061997767,1.7259349,11
2019-03-30,0.023078024,0.56919694,0.011415683,0.043541595,0.12712523,0.22564244,0.02407115960485677,0.5824634172740375,0.011329780987063618,0.04647080312023592,0.1250050209804612,0.21065977530667993,1.7217141,8
2019-03-31,0.086428314,0.20923355,0.029166963,0.07555102,0.46373504,0.13588506,0.10959592493123811,0.22572681588370333,0.028403673141672532,0.09118494363820162,0.42461057771744354,0.12047803922166742,2.1131637,8
2019-04-01,0.03842369,0.2945574,0.07379634,0.05554174,0.3744251,0.1632557,0.040795676443827464,0.29733334969160774,0.0810703017600245,0.056127010600904706,0.38711163015714417,0.1375620310091519,2.1667354,26
2019-04-02,0.019176926,0.33121696,0.035940144,0.048163455,0.4623356,0.10316691,0.01939893274657432,0.32116823954946705,0.03497708155612135,0.0463107101325957,0.4552573659462171,0.12288765956312798,1.8732603,13
2019-04-03,0.026108408,0.25474524,0.04307322,0.014534865,0.48223305,0.17930521,0.016423098990352464,0.23207034017508205,0.039452207844905,0.014469712976594294,0.48005997964888997,0.21752467772979941,1.8760383,17
2019-04-04,0.027000707,0.29376525,0.06149251,0.02212771,0.46612725,0.12948662,0.02691048131929914,0.2757519385100289,0.06599200196194906,0.02595314735297613,0.4730235514666185,0.13236888824462675,1.9241014,18
2019-04-05,0.046627812,0.27207834,0.03993794,0.036601044,0.45618626,0.14856859,0.05320675311256499,0.2437461847219133,0.03859682175228896,0.04073216102800424,0.4600144714312514,0.16370360756664337,2.0025957,17
2019-04-06,0.24449162,0.18171866,0.022298904,0.012847778,0.38616705,0.15247594,0.3670467024639155,0.2002459363582619,0.0205479222403644,0.013662854673002763,0.28704173058301974,0.11145482407430157,2.0907884,3
2019-04-07,0.041953586,0.33439472,0.03949392,0.020362223,0.40874127,0.15505432,0.03638095805302247,0.3325908229859921,0.04170670735269865,0.021780827678031026,0.4263406737870729,0.14120002726372935,1.9634773,9
2019-04-08,0.07030209,0.18536304,0.06663971,0.0129536465,0.47333178,0.19140977,0.07970395349601303,0.21848930063061575,0.060150921555849245,0.012618858749868225,0.4176502770911836,0.21138670165517742,2.028944,17
2019-04-09,0.013355633,0.258674,0.058996964,0.016386501,0.5790629,0.07352407,0.013447795830722333,0.251454865322123,0.06170560098804475,0.016780603516367655,0.5812220617349113,0.07538911077930957,1.6591555,19
2019-04-10,0.055725094,0.38698888,0.039017707,0.017400427,0.43126285,0.06960509,0.06576176500393212,0.34974439961967707,0.04097279195791157,0.017016199042277216,0.45179201573969874,0.07471285876502955,1.8373369,24
2019-04-11,0.029473288,0.49828982,0.023772765,0.014863683,0.327187,0.10641343,0.03136342831710788,0.5146173667559116,0.02229540365092058,0.014770583613534564,0.2950166214210628,0.12193659212040589,1.7404234,16
2019-04-12,0.026513325,0.21088997,0.07512311,0.03737294,0.48737684,0.16272385,0.03236135900721899,0.22269600818795518,0.07094308215684562,0.04990063724972342,0.44100830208667635,0.1830906067535076,2.0017781,14
2019-04-13,0.018618885,0.19962253,0.11940064,0.030936083,0.58304274,0.048379146,0.017693093378163764,0.1917874969548433,0.15039778915240512,0.02887485645906295,0.5649331774365399,0.04631359090602526,1.7574741,10
2019-04-14,0.008461316,0.021494405,0.04212062,0.022374695,0.8618004,0.043748587,0.008461316116154194,0.02149440534412861,0.04212062060832977,0.022374695166945457,0.8618003726005554,0.04374858736991882,0.87488145,1
2019-04-15,0.12551457,0.35617706,0.03645497,0.015143061,0.33796126,0.12874913,0.13333147074345558,0.3672697727910045,0.03379237777019271,0.01545120978774783,0.30966897827398926,0.14048621141627274,2.081673,17
2019-04-16,0.061829783,0.17837046,0.0626178,0.01625328,0.5643913,0.11653735,0.07527521163036067,0.1999066465252755,0.04112828456441618,0.015853015388899636,0.537475777765388,0.130361056446986,1.8659459,17
2019-04-17,0.056509607,0.097717874,0.07513415,0.04970484,0.5970223,0.123911284,0.06315956621940211,0.10984714603164909,0.07715127197180859,0.058662723409536724,0.5708485360668923,0.12033077956889568,1.8755121,19
2019-04-18,0.018562319,0.3708365,0.04138274,0.027546342,0.46143404,0.08023807,0.018443376608243852,0.34937732918819786,0.0419932226735069,0.02816344229214579,0.476645501918775,0.08537713413470625,1.7772748,18
2019-04-19,0.12640971,0.20448868,0.050975475,0.09318514,0.40478843,0.120152555,0.11816161488885868,0.20750785306536818,0.05045775915205214,0.10958158432589399,0.386509308662243,0.127781865509644,2.278844,13
2019-04-20,0.14696985,0.07011231,0.15125711,0.13028641,0.29003724,0.21133703,0.15128833286679577,0.06326821671760535,0.21386375273231753,0.13011722293774688,0.2659700166579565,0.17549246309422956,2.4624553,6
2019-04-21,0.015748028,0.30378252,0.028319713,0.014175832,0.4478581,0.19011584,0.018091476969122704,0.3682540675961329,0.022741177520375744,0.015391467633954645,0.3513267714705915,0.22419505117591162,1.8234988,2
2019-04-22,0.05904923,0.40235123,0.026280647,0.06834621,0.20027526,0.24369743,0.06272053312726798,0.396284439642621,0.023619644751976168,0.07028864703103732,0.1882484498567851,0.25883830023510473,2.1330492,16
2019-04-23,0.017585967,0.17961015,0.048398558,0.018669711,0.60724425,0.12849137,0.018437218809984158,0.1888548519091122,0.05019545955499063,0.017737872900710366,0.5950843977222076,0.12969018704278273,1.6834638,13
2019-04-24,0.05318695,0.36099905,0.03723349,0.013879751,0.34134254,0.19335824,0.057263844323901227,0.3737611701037492,0.03572725768265107,0.013738938968307045,0.3238854488593538,0.1956233417314406,2.005888,17
2019-04-25,0.021705968,0.35719612,0.0457503,0.02139755,0.40877056,0.14517951,0.02236182797749728,0.35966201958511795,0.046565592046790796,0.02217746605064031,0.40094106624644327,0.14829203218330025,1.9044929,16
2019-04-26,0.015516706,0.26042804,0.04941294,0.084984906,0.2719079,0.31774953,0.015615169762956922,0.2530469825239286,0.057547187720365434,0.09538528144475433,0.27898359321901006,0.2994217955371268,2.1518536,17
2019-04-27,0.033890486,0.61415184,0.021797666,0.017138174,0.28956422,0.02345764,0.03679646757065713,0.655654170139353,0.01972351237458901,0.016207476986211514,0.24944337122096275,0.022175006627304664,1.463048,3
2019-04-28,0.011358933,0.23650688,0.03907799,0.00925281,0.6025915,0.101211876,0.012130580073797107,0.3136225379002387,0.036180052475070064,0.009801385750070673,0.5253529625888546,0.10291250535164236,1.5854244,4
2019-04-29,0.022870686,0.42977244,0.026753454,0.06251955,0.2710458,0.18703806,0.021286768560922063,0.39258189219377654,0.0293362071467568,0.06936293270734403,0.27926133030892103,0.2081708626425319,2.0009372,19
2019-04-30,0.033666775,0.2405041,0.030208416,0.028022697,0.46391088,0.20368715,0.03801103977252016,0.21734701380718172,0.029660621064250124,0.028933215399411787,0.4622738767956124,0.2237742414683083,1.9378291,15
2019-05-01,0.09633767,0.4869807,0.056127883,0.020304052,0.21738173,0.12286794,0.1200010133990232,0.502318882643398,0.06595797262854829,0.01981505057275903,0.18888162765207822,0.10302546313404498,2.0283618,11
2019-05-02,0.027141897,0.35039255,0.023814559,0.01301816,0.39300758,0.19262525,0.03002025384859571,0.36695496337265265,0.022432296332162545,0.013396811139589501,0.36588254803811804,0.20131312781114594,1.8685322,18
2019-05-03,0.080295786,0.31379163,0.046874773,0.045671273,0.45343181,0.059934694,0.0883177171545424,0.3238140495324551,0.045694481986611656,0.03732159682196345,0.4457075140190088,0.059144623028718195,1.9879128,15
2019-05-04,0.024257379,0.4654394,0.032995965,0.013281593,0.4022995,0.06172619,0.023515513926163176,0.5092870444191117,0.02970152701665801,0.013799792691877723,0.36550823508923563,0.05818790280561657,1.6653799,5
2019-05-05,0.01938386,0.14341928,0.040040057,0.2831847,0.4709393,0.043032803,0.022626905441871764,0.19154396285669442,0.034080884411720976,0.3496334098121232,0.36520118761744513,0.03691367757476555,1.9203451,7
2019-05-06,0.04973058,0.39063337,0.03346084,0.04789415,0.36025074,0.11803029,0.055533410776223736,0.4106573746767891,0.03512956455020764,0.05308950002793467,0.33021783389173115,0.11537230661336488,2.0135186,19
2019-05-07,0.01539429,0.21952684,0.034398373,0.08762391,0.42062193,0.22243468,0.015560061978372184,0.22981373914505215,0.032150368655233096,0.09236641720497227,0.38298993690361655,0.24711946742780305,2.0558145,21
2019-05-08,0.06187791,0.3487995,0.023834847,0.012744319,0.41892272,0.1338207,0.07261849781235946,0.44223660168876805,0.019355950377018948,0.01378793246008672,0.32014078693436726,0.13186022891068236,1.9012653,19
2019-05-09,0.04321383,0.50001556,0.035607554,0.07610054,0.28960988,0.05545267,0.04439328190815874,0.5063436914223818,0.03696691879862742,0.08474912434704364,0.27101663277313925,0.05653037064123792,1.8991228,13
2019-05-10,0.020856863,0.15744448,0.036073197,0.066111274,0.37768292,0.3418313,0.02237896024877881,0.17091325864142126,0.03308513727897972,0.0549425816381584,0.3413505284306596,0.3773295413754151,2.0282784,8
2019-05-11,0.038234282,0.59368306,0.014615825,0.020712838,0.26197812,0.07077587,0.04071664837792066,0.6079987652623027,0.014633613138585673,0.02069125093555961,0.2486215709038115,0.06733813944344337,1.6082648,3
2019-05-12,0.08567121,0.3495182,0.023729747,0.014451095,0.35151693,0.17511286,0.10018916812533116,0.33266435814483775,0.023686617667087597,0.014694204361588798,0.34433673474546317,0.18442891544489579,2.020558,14
2019-05-13,0.01980068,0.44274312,0.025781753,0.012780258,0.3279838,0.17091042,0.01954603300212244,0.47599910648108745,0.023640171750665424,0.012451121315386626,0.29590078269812914,0.17246277670919696,1.8120096,13
2019-05-14,0.020455357,0.40163076,0.028029408,0.01868639,0.33411422,0.19708385,0.020731805923939556,0.4115513605855922,0.02618383036654983,0.019546951204237238,0.3230016867374185,0.1989843352054319,1.8854138,15
2019-05-15,0.08646382,0.3093321,0.030436445,0.01365851,0.45482415,0.10528493,0.11171966121532777,0.316652964606648,0.029395481855249993,0.013384628133990814,0.4222543717673245,0.10659289958497614,1.9258283,13
2019-05-16,0.013906416,0.28510624,0.038995303,0.011484115,0.40363345,0.24687447,0.014237463414393916,0.2997367095592826,0.03787823046918679,0.012064705098149617,0.3790939467075709,0.256988936229769,1.885005,16
2019-05-17,0.03337514,0.4329896,0.03528896,0.045292947,0.33788776,0.1151656,0.03425389007628908,0.45765165046218537,0.034028936480936585,0.04470002318936131,0.31519547186436114,0.11417001951504276,1.9470899,14
2019-05-18,0.027515179,0.5674791,0.02383429,0.016590958,0.26948252,0.09509797,0.028837690364074676,0.5837788889776604,0.022673680257653647,0.017495555645257642,0.24454673709242358,0.10266748699702966,1.6656544,6
2019-05-19,0.025807371,0.586657,0.024464305,0.01740424,0.2354418,0.11022531,0.025021030648094054,0.5926593933982544,0.026577764429296616,0.017833693226978985,0.2435219456072245,0.09438618166664378,1.6621629,7
2019-05-20,0.014119752,0.22462797,0.052556213,0.033272155,0.525997,0.14942692,0.014456593097082887,0.23761413697856495,0.04927358691939559,0.036638381139350244,0.49490320079472344,0.16711409109711337,1.8547676,14
2019-05-21,0.02032091,0.31069046,0.055580065,0.02676823,0.42970532,0.15693496,0.019573246326714852,0.29440783594744235,0.05732117062093726,0.024967657849365353,0.4325772291144494,0.1711528554111223,1.9526577,13
2019-05-22,0.023668256,0.32198134,0.036325343,0.06018858,0.35108113,0.20675536,0.02481209602522335,0.31389059809703646,0.03640703943056338,0.07315262908454151,0.33066251751072456,0.22107511834385513,2.0723584,19
2019-05-23,0.05368528,0.35222217,0.040625423,0.034201756,0.32536027,0.19390512,0.054916653356771164,0.36344017673594253,0.041454646178057844,0.032309352100106443,0.316541913297285,0.19133725822081135,2.09701,22
2019-05-24,0.051341165,0.2764035,0.09053296,0.036713563,0.40528566,0.1397232,0.05845204705991507,0.2920325782817472,0.08111298570221631,0.03839119849314772,0.37786689292321146,0.15214430822593553,2.1462772,19
2019-05-25,0.06387447,0.5116902,0.07406395,0.013506951,0.3068135,0.03005094,0.06258916623171591,0.4988572827857496,0.07854189760894546,0.013635545725546486,0.31508969492968747,0.03128642779397078,1.785054,9
2019-05-26,0.17152421,0.2303365,0.024625782,0.18188243,0.35312134,0.038509704,0.1897705506110451,0.2622746400337951,0.022896050898901635,0.19058551394642287,0.2991045693129297,0.03536866262529637,2.214245,5
2019-05-27,0.02483056,0.35593492,0.039668053,0.016635884,0.45421466,0.108715996,0.025023944863591253,0.3413438568402069,0.040270965877507024,0.016655431653361728,0.4700512172690948,0.10665462721176834,1.8110327,10
2019-05-28,0.05573379,0.29353306,0.03704121,0.0637369,0.38892347,0.16103156,0.06503436198880644,0.29283586067608414,0.036534549501801364,0.05681953403156803,0.36874591145283314,0.18002977326582492,2.1346366,15
2019-05-29,0.085142106,0.23920089,0.06565853,0.018806957,0.4101045,0.18108697,0.08931536471212034,0.2490544545274648,0.06726138720668298,0.020458237087067677,0.381275623079948,0.19263492860275488,2.1358025,16
2019-05-30,0.053216264,0.44333348,0.029541997,0.02166162,0.22598499,0.22626166,0.05899175518612014,0.4173556537419347,0.031468429605525566,0.020356693661765846,0.21929180577368917,0.25253567312161096,1.9853314,17
2019-05-31,0.09019169,0.5545722,0.03387142,0.035690695,0.23144321,0.054230772,0.10133019970278512,0.5662081491090949,0.033051597135408194,0.033955442834614206,0.21688566004503135,0.04856895157978756,1.838434,16
2019-06-01,0.03181921,0.31557408,0.05585383,0.10553422,0.40243658,0.088782124,0.03527066170429605,0.3261147990957132,0.06184260359663018,0.10041505221852765,0.39730108026050803,0.07905581924016379,2.0968518,12
2019-06-02,0.017923372,0.39398724,0.029931959,0.23242144,0.27576214,0.049973834,0.016877869692567157,0.31992255476268044,0.0293996810728868,0.3346160996599731,0.2557326177552733,0.04345116192722686,2.0027604,8
2019-06-03,0.046027694,0.37536064,0.037108097,0.017139705,0.435866,0.08849785,0.050644078890550094,0.35476032700925186,0.036762025223642136,0.01755958020656206,0.4461422577814922,0.09413173417290813,1.8437175,25
2019-06-04,0.015441377,0.3161038,0.043777306,0.015876474,0.3939897,0.21481133,0.014327079509517128,0.3190953967304588,0.03897496365142671,0.01588604344682167,0.35659922857489984,0.25511727793830696,1.9166844,18
2019-06-05,0.062362615,0.58860284,0.019493189,0.02957831,0.20280991,0.097153075,0.027896313820562107,0.5966932715899618,0.017871520600648345,0.030683632259334022,0.20634403006557236,0.12051123977805188,1.7543018,19
2019-06-06,0.055953275,0.25116825,0.04246459,0.048552036,0.45612314,0.14573866,0.0735318104086895,0.22112363652767594,0.047144008760400834,0.043785190238108826,0.4426751449294879,0.1717401920014015,2.0603285,17
2019-06-07,0.06136285,0.41758224,0.031017076,0.04195623,0.31990507,0.12817651,0.06956939734775447,0.45974309494360116,0.0312026059578821,0.044616177928952075,0.2835744119835963,0.11129431092562245,2.026448,11
2019-06-08,0.27452677,0.16780113,0.07836466,0.01788586,0.42854977,0.032871816,0.2721808189595776,0.15813146509144588,0.08182850376822334,0.018121150508174203,0.4369537893423346,0.03278427841805359,2.0216641,10
2019-06-09,0.28456256,0.14680515,0.029122028,0.26481974,0.23525736,0.039433185,0.23419860196282802,0.1837446232318232,0.03435624863312846,0.1906759879679846,0.3093266462000374,0.04769790077702303,2.2536128,8
2019-06-10,0.07443787,0.18235765,0.07992647,0.01888352,0.53575915,0.10863527,0.08323478505082532,0.18248754710340226,0.08149712080454177,0.019678347125389756,0.5232078875202271,0.1098943004301999,1.9564484,15
2019-06-11,0.10644584,0.41727403,0.040524982,0.053112075,0.27890217,0.10374092,0.11254974103005314,0.42473441619139196,0.04243191412176766,0.05654393777651671,0.271284054481496,0.09245595323441835,2.135425,18
2019-06-12,0.03171239,0.43699482,0.028979601,0.07702641,0.27638793,0.14889887,0.03476280018577792,0.48801258882584847,0.02656427471966017,0.07907428498866764,0.2295429900872178,0.14204307502465843,2.03461,13
2019-06-13,0.074474916,0.34690735,0.03901482,0.087292425,0.34619775,0.10611272,0.09457392162530977,0.3342423081753771,0.036755214923201815,0.09376273217599582,0.3155547689336137,0.12511104725659503,2.1718144,13
2019-06-14,0.02220783,0.33886215,0.038910296,0.03848471,0.39148292,0.17005205,0.02383664571526143,0.352675176072521,0.038199823719405966,0.04129756234337534,0.3689997600856918,0.17499100964016337,1.9784434,19
2019-06-15,0.06700634,0.26781425,0.034896553,0.012085167,0.5873518,0.030845871,0.05655988904678577,0.22447844661308697,0.03606232117633055,0.011045654552955104,0.6401726369432351,0.03168105016312885,1.621965,3
2019-06-16,0.12494675,0.35882136,0.053133573,0.011811769,0.39913708,0.052149445,0.14500982349103106,0.3621372214669579,0.053619628568334736,0.012036189902523326,0.3772721835215574,0.04992494929362024,1.9572043,8
2019-06-17,0.026818832,0.39246204,0.06054324,0.012314178,0.38684416,0.12101757,0.028908199504729167,0.4019056330241509,0.06793001921826994,0.012120719557518216,0.3582639594696678,0.13087147201931293,1.891406,12
2019-06-18,0.03011377,0.4744841,0.029248742,0.024624275,0.36035997,0.08116914,0.03303368515366955,0.5045489236124949,0.028422909925140048,0.02405876494416721,0.3291122165694689,0.08082348422003671,1.767837,19
2019-06-19,0.018387025,0.26519245,0.046960622,0.079657495,0.50772697,0.08207546,0.02037281949002465,0.32745234032355675,0.04525196180425087,0.07014008696473555,0.45533352775095565,0.08144929039633676,1.9043132,24
2019-06-20,0.020406177,0.3629103,0.047270488,0.021018336,0.40816182,0.14023289,0.020906992346386294,0.3509567337286965,0.04489514265243233,0.02124244551358166,0.40423067913724225,0.15776800138352456,1.8956141,17
2019-06-21,0.029456578,0.27860126,0.06217506,0.012504577,0.41339362,0.2038689,0.03152480727138195,0.2850972583683054,0.06971454779739317,0.012230050945711219,0.38966662843441974,0.21176670997121116,1.9862407,16
2019-06-22,0.036432065,0.6451008,0.03838321,0.012559757,0.23203304,0.03549109,0.04062486083294084,0.6409531552660442,0.042696702169292784,0.012544027483769453,0.2287193200061819,0.03446192301028547,1.5018779,5
2019-06-23,0.014503879,0.1951838,0.09715977,0.018624818,0.58598644,0.08854129,0.014314563257846675,0.20274110491598213,0.09913826016535231,0.018400783555327118,0.5775650509103052,0.0878402140153682,1.7439795,6
2019-06-24,0.062629096,0.29174972,0.031924736,0.11187645,0.3567064,0.14511359,0.06505133796302302,0.3140644897996979,0.029120309801123633,0.12605657213402802,0.32813134085217494,0.13757593553126146,2.2155936,19
2019-06-25,0.01659344,0.19226815,0.03554376,0.07782325,0.45099127,0.22678016,0.016609488829609276,0.19904493220583613,0.03437284090814508,0.08015523364318967,0.43307644665669287,0.2367410665800443,2.016846,17
2019-06-26,0.019427536,0.34423804,0.0329661,0.049922563,0.37535837,0.17808735,0.01975869957004669,0.34812768297565605,0.032371736452560994,0.05555284088797681,0.3677718518117275,0.17641718018764754,1.9921886,19
2019-06-27,0.051291566,0.16297254,0.035684787,0.26854298,0.35020155,0.13130659,0.023262439579272327,0.2728690185336105,0.035856620012543805,0.0276922505705772,0.44306368438200333,0.19725599885027875,2.2420073,27
2019-06-28,0.026978016,0.28187618,0.032268442,0.07162687,0.3801263,0.2071242,0.02987405040151897,0.2992363760756649,0.029064976158771544,0.07736021209135861,0.33355363428034474,0.23091072791551814,2.0887485,13
2019-06-29,0.01706868,0.29341364,0.0368749,0.08222702,0.3352265,0.23518926,0.01867216384652613,0.30604949673349374,0.04003348833585732,0.02188778592473573,0.34697068713156737,0.26638638768400597,2.1109006,15
2019-06-30,0.014714802,0.12099143,0.048687637,0.024361469,0.582099,0.20914565,0.014631312777259464,0.1147484959092753,0.04772837462555189,0.026695576712195447,0.5657549696921635,0.23044128551539825,1.7276318,8
2019-07-01,0.037765857,0.23097539,0.07652397,0.032264385,0.41769144,0.20477898,0.034443245294819354,0.21519519964886807,0.0765489004338647,0.029294451419260924,0.4139812721658232,0.23053694076129544,2.1050024,24
2019-07-02,0.100159906,0.40699494,0.035959605,0.036696356,0.3837423,0.036446903,0.1275143602289724,0.4142699279885556,0.03350722941899043,0.03974028518885784,0.34934968836773606,0.035618531489041094,1.9122204,15
2019-07-03,0.01412076,0.19065328,0.08585337,0.104840234,0.4868185,0.11771387,0.013833590671947187,0.18233043822495676,0.09482265399309747,0.11806078814661389,0.4795340555712916,0.11141847722709639,2.056771,23
2019-07-04,0.02778416,0.2742843,0.060218047,0.032359343,0.4952144,0.11013973,0.02874821119200924,0.3020568648494283,0.05870110743119278,0.03352867134182594,0.4689055568297835,0.1080595539889634,1.9124048,10
2019-07-05,0.051701624,0.10048507,0.056185406,0.03758473,0.52703977,0.2270034,0.06021174075420419,0.11186222809812812,0.05751629559388361,0.04153811701374854,0.48445795334780284,0.24441365823558756,1.9379497,13
2019-07-06,0.05482495,0.32648194,0.068207614,0.02121727,0.32516104,0.20410724,0.04854441285796974,0.3197194658930453,0.05954243985424287,0.022394760726468434,0.3022079453382651,0.2475910062407162,2.1340253,4
2019-07-07,0.025134908,0.27406472,0.056485754,0.082910046,0.4400387,0.12136585,0.030525198601007757,0.34459607100442136,0.06472862840195555,0.09357382021382438,0.4329551048049311,0.03362114770488342,2.0677898,7
2019-07-08,0.09855557,0.47472087,0.025228834,0.014206997,0.28296196,0.10432581,0.09563524588727429,0.4738613918814262,0.024417658949248962,0.014244526818106128,0.2760408995866687,0.11580029811010438,1.9163958,14
2019-07-09,0.015895903,0.47278962,0.03272126,0.020405684,0.26796794,0.19021961,0.015905832863356523,0.46673589155160616,0.03639466119220381,0.022650553350256314,0.2595205816553367,0.1987924664898345,1.8464882,13
2019-07-10,0.025153434,0.2730974,0.041750513,0.3259525,0.26784888,0.06619727,0.03693243033042489,0.42752093499966415,0.061330633932575075,0.0697299005495813,0.3139323020744512,0.09055378226734716,2.131826,25
2019-07-11,0.025474792,0.3554614,0.04557531,0.076508075,0.35639083,0.1405896,0.025712146595551825,0.3729629454451335,0.04852838619559684,0.029539787240620848,0.37655889618584865,0.14669784878219214,2.0804982,17
2019-07-12,0.13239521,0.32894337,0.027445888,0.011657266,0.42285573,0.076702505,0.17390978523532996,0.33909204951710115,0.026070755587805704,0.011817923461381864,0.37980293185160485,0.06930654826153937,1.940338,15
2019-07-13,0.08928065,0.46871102,0.029230416,0.021016857,0.33191144,0.05984968,0.09568611407847435,0.517119550480616,0.027589073381771953,0.019123845682106108,0.2857587697758262,0.0547226722207851,1.8609334,9
2019-07-14,0.07156172,0.53851026,0.028260067,0.050419096,0.28009447,0.031154336,0.07027146281220635,0.521588283816583,0.028970921758207816,0.05237255428662483,0.2965794765168608,0.03021726177609962,1.7860018,6
2019-07-15,0.06600267,0.3755875,0.032259423,0.011153653,0.38287196,0.13212484,0.07285186754280135,0.37434954264584447,0.029744656753061476,0.011058686585735842,0.3593230688274159,0.15267221297765446,1.9377154,12
2019-07-16,0.030324709,0.48202103,0.0253269,0.019837523,0.33166036,0.11082943,0.030730705870286975,0.48981494817624416,0.023135612744019318,0.018209733095544377,0.29197746749212944,0.1461315095856009,1.7867361,11
2019-07-17,0.065311104,0.21767557,0.03421555,0.02886858,0.45248175,0.20144746,0.08272519054316778,0.2050170632985877,0.0329407619472356,0.029720216384474783,0.43678452131963763,0.2128122309233403,2.033498,17
2019-07-18,0.06308703,0.32950664,0.032445394,0.04029832,0.37418544,0.16047719,0.09389899818002449,0.3176233823602079,0.02955194020752137,0.044015366887008994,0.35259697715439164,0.16231335884167974,2.0806687,20
2019-07-19,0.0138159515,0.23619778,0.03110625,0.010671995,0.42081365,0.28739437,0.013115214932177825,0.2223005028779731,0.030312424261810706,0.010767279575304696,0.41577536223328887,0.3077292188847756,1.8452184,15
2019-07-20,0.013748867,0.47541842,0.018671842,0.010638991,0.24124794,0.24027394,0.013170345368190723,0.465722410610468,0.022901776235463953,0.010516582199246107,0.3043639120355225,0.1833249749923951,1.7611935,4
2019-07-21,0.024948897,0.67750764,0.017755672,0.012015167,0.24108636,0.026686223,0.026133750826867422,0.7330643448918371,0.015578877753990982,0.012090423065863708,0.18680739777441696,0.026325192652161815,1.3276136,4
2019-07-22,0.01622583,0.29693764,0.030214936,0.030513722,0.4354617,0.19064613,0.0160403158332646,0.2989400477303544,0.0253452572488356,0.030758140277741878,0.3631230798873507,0.2657931480140382,1.9009246,10
2019-07-23,0.014371072,0.13691771,0.038302824,0.018841505,0.5532341,0.23833275,0.01464739698855116,0.15240313898587696,0.037597356819918555,0.01878578082231608,0.5422539090256359,0.23431240159646596,1.7345369,16
2019-07-24,0.017326238,0.47424874,0.019730208,0.013289412,0.27626413,0.19914128,0.017709716472019122,0.5013299985084197,0.017435241786717785,0.013183361419446068,0.23508924154592592,0.21525243527563745,1.782723,12
2019-07-25,0.053440537,0.26939818,0.04083124,0.012668939,0.3657618,0.2578993,0.04344999323697558,0.28291819021817055,0.03470417098777187,0.012866623753545445,0.3530289739735242,0.27303206831016086,2.0387902,13
2019-07-26,0.09346536,0.2527238,0.04670674,0.019970668,0.4538841,0.13324931,0.11158572746989746,0.24554437363460915,0.0468840296858842,0.02429638397280702,0.4281596526232878,0.1435298107710682,2.045013,11
2019-07-27,0.10321471,0.58894736,0.029504852,0.012288521,0.061238494,0.20480607,0.12206064002637942,0.5180378339584139,0.034406362610628016,0.012003012316780814,0.06795016079752293,0.24554196550670737,1.7312362,6
2019-07-28,0.16683984,0.23811615,0.02481085,0.011720302,0.30793244,0.2505804,0.2790722636391986,0.18702762113562246,0.02104401412955379,0.01107183790834247,0.2433685611364678,0.25841567141911415,2.1550815,7
2019-07-29,0.062041648,0.25856996,0.053971227,0.058563925,0.47970527,0.08714801,0.0638288805906104,0.3404002900589739,0.045693942521384735,0.066330409843445,0.3968493512992454,0.08689715573634531,2.035629,14
2019-07-30,0.043200243,0.48470458,0.022826329,0.018523816,0.2697493,0.1609957,0.04658162998130066,0.48854775761104685,0.02093201729162256,0.01888609241877331,0.23287273849977572,0.19217977383452414,1.8674375,17
2019-07-31,0.013639219,0.20386298,0.04317299,0.082269706,0.51034755,0.14670756,0.01358315904741201,0.19615548898091878,0.04053943484659845,0.08814802056758235,0.5140664402166772,0.14750746214780175,1.9459283,21
2019-08-01,0.044337407,0.43934342,0.035615806,0.02412893,0.3785471,0.07802737,0.05263096180710787,0.41500240581317877,0.03750189067691723,0.024444855689236617,0.3939360869680461,0.07648379778006904,1.8392817,25
2019-08-02,0.028214686,0.4460805,0.038131423,0.019922517,0.36790186,0.09974899,0.029731129533075468,0.43701700832047846,0.03560965307804523,0.021501231605644426,0.36914901634340586,0.10699193531645826,1.8194672,15
2019-08-03,0.03791934,0.3876605,0.03886325,0.015042777,0.4046317,0.115882434,0.05885848284633027,0.4448354490610211,0.03807062700124316,0.014185585221569267,0.3536013539605124,0.09044850766982739,1.8706534,10
2019-08-04,0.096366554,0.40783405,0.039995145,0.014537519,0.39556414,0.045702577,0.09420951970762777,0.37598271069231237,0.042627796316123893,0.014437825619413015,0.427231804123318,0.045510361867273565,1.8601805,5
2019-08-05,0.014769878,0.31347024,0.037175115,0.052442584,0.47092956,0.11121266,0.015090606033350362,0.3187552371945915,0.035294686825061344,0.05867140894658877,0.45079481262437576,0.1213932639705715,1.8780655,18
2019-08-06,0.07687563,0.3541133,0.026100187,0.014078374,0.3259878,0.2028447,0.09288014050695742,0.3418309452345501,0.023584048160972117,0.013799387407652642,0.29711879058463536,0.23078670405192123,2.0327883,18
2019-08-07,0.046954717,0.42496142,0.02322344,0.043585658,0.29282638,0.16844837,0.0508873155273565,0.4169622830883626,0.023248855853064368,0.04594881315760705,0.28896521483571863,0.17398751932232612,2.0066204,24
2019-08-08,0.019980358,0.24183173,0.039987165,0.0140382545,0.50180614,0.18235633,0.018847417046267155,0.24819556670321344,0.035681916825215584,0.013810698333271315,0.4733834264887609,0.21008097513816615,1.8270704,15
2019-08-09,0.029293675,0.47809213,0.024410497,0.023085998,0.34358326,0.10153447,0.02531187747560609,0.43496722234296015,0.02518082802802882,0.024216148126002635,0.3868179655749772,0.10350594259975489,1.7790759,14
2019-08-10,0.020068346,0.35173768,0.01743253,0.030418575,0.30933535,0.2710075,0.022251614055570794,0.3927656036759593,0.01758384948265174,0.03306199193149234,0.3060552890140368,0.22828164061842876,1.9325997,4
2019-08-11,0.019908747,0.311642,0.02619035,0.009648043,0.41011637,0.22249448,0.02007925116230689,0.2859280984557541,0.026933693188549424,0.009545382112666284,0.4254637153060643,0.23204985188711766,1.8486816,5
2019-08-12,0.021661729,0.39201394,0.028713295,0.04329727,0.34314194,0.1711718,0.021210532314053884,0.39454316798083194,0.028229710403684185,0.0445539644849699,0.34348336197286694,0.16797926278494893,1.9579693,19
2019-08-13,0.06292936,0.400071,0.03025538,0.02756812,0.3888113,0.09036484,0.06715796515450234,0.38660466859924836,0.02915001335261183,0.029053025713921543,0.38634097903051295,0.1016933407633282,1.9186622,16
2019-08-14,0.02553606,0.43046913,0.03002895,0.019326115,0.31268308,0.18195668,0.027064414035158576,0.4400783422325017,0.030467663942337003,0.02085170495519825,0.29147004798508025,0.1900678407018559,1.8922294,17
2019-08-15,0.031097261,0.44226626,0.039727516,0.03854312,0.36123314,0.087132715,0.033226727031862066,0.4516136999413823,0.03874747463281073,0.042081765969688094,0.34500401551708065,0.08932633418897325,1.8796054,16
2019-08-16,0.06559821,0.21954645,0.06843211,0.03618908,0.4215357,0.18869849,0.06675805680216394,0.2876577637059024,0.06358683397605322,0.03165135261380135,0.36149922463253165,0.188846795559371,2.155439,15
2019-08-17,0.23162438,0.2875365,0.08594714,0.00996663,0.23183174,0.15309359,0.24109109192152808,0.2885565740632244,0.0999507671519405,0.009645568657242184,0.25045165116185064,0.11030435898882086,2.2797577,4
2019-08-18,0.005836617,0.016489299,0.1570406,0.017758822,0.744967,0.057907697,0.005922454170930379,0.01679422317382748,0.1727588780200165,0.019071300260700395,0.7262838750320438,0.05916928685744611,1.2180946,3
2019-08-19,0.020240031,0.52985746,0.021444976,0.0129937325,0.2389273,0.17653649,0.02127720473677932,0.5538648988161702,0.019075185978936135,0.012764961409299913,0.208054489840062,0.18496325447356854,1.7348555,16
2019-08-20,0.01754864,0.29491132,0.04329148,0.017756345,0.45211872,0.17437346,0.017386559253612776,0.30379658893087796,0.04184277921757327,0.018396546646079273,0.41901792770743185,0.1995595910435554,1.8784006,17
2019-08-21,0.031556867,0.37247616,0.018235462,0.011241447,0.27906954,0.28742048,0.02648680853390251,0.36913011380488603,0.0176871322412879,0.011138761126408018,0.2868735921237755,0.2886835901434318,1.8970268,15
2019-08-22,0.038508177,0.3522063,0.033612683,0.033104807,0.37088287,0.17168516,0.03214034405204502,0.34094661414219474,0.029676292265957162,0.034455581197698315,0.3592535566726168,0.2035275972630821,2.0056581,16
2019-08-23,0.07499968,0.5486404,0.042586237,0.0111536225,0.25160235,0.07101775,0.09250137423849321,0.5432464876822044,0.046290552272427225,0.010991433556115374,0.24397041769820732,0.06299972780245469,1.793559,14
2019-08-24,0.079104036,0.42195284,0.033795822,0.057921924,0.23301473,0.17421065,0.08400327646511649,0.4324019515111767,0.03363347224756447,0.04417139745856851,0.2252098637226541,0.18058005587527662,2.1468842,8
2019-08-25,0.017402764,0.17825052,0.23800571,0.018961843,0.47755346,0.06982567,0.0155666692211909,0.13432328447953135,0.26068475088392046,0.019869112316120256,0.4989653715533284,0.07059077808350797,1.9239084,5
2019-08-26,0.021835426,0.46285847,0.038052373,0.040350415,0.32965887,0.10724446,0.021768434899543637,0.4778952073557836,0.034657770556850494,0.04066069528330124,0.3165396292156678,0.10847825753352223,1.8744007,18
2019-08-27,0.013802399,0.20090723,0.08302462,0.018635226,0.5502996,0.13333093,0.014088288525143459,0.19685686634526883,0.09853696198187128,0.017984923369483007,0.5507391407242108,0.12179381512532414,1.817405,13
2019-08-28,0.058018334,0.38244426,0.051620815,0.04569289,0.33367565,0.12854801,0.0620031180675314,0.3950785445968268,0.050434939567885695,0.05592795956217665,0.3074958426156274,0.12905957853504865,2.1015966,18
2019-08-29,0.05249396,0.22686905,0.03818506,0.040291425,0.4612948,0.18086568,0.06275651181162208,0.21939158535349618,0.03750888362458732,0.04581624638840986,0.4450703241313195,0.18945643232108605,2.0363863,18
2019-08-30,0.091506645,0.28718436,0.048975766,0.058205426,0.4427633,0.07136449,0.06890585036303112,0.3301007651968251,0.050016089651119054,0.06525021790566245,0.40896991266195987,0.07675715555318567,2.0767686,9
2019-08-31,0.018195687,0.5095599,0.016784415,0.016133187,0.28235376,0.15697299,0.018240181665603556,0.5220245306409781,0.016407762307671193,0.016318806407150305,0.2739541142328382,0.1530545806277123,1.7303125,10
2019-09-01,0.115979016,0.24828064,0.04315339,0.010724904,0.4726495,0.1092125,0.13329376424361067,0.21941403156123776,0.0443667684126758,0.010598526683413061,0.47256517203140264,0.11976173211285801,1.9852688,8
2019-09-02,0.02251677,0.253612,0.036683165,0.021402966,0.5567928,0.10899229,0.024110373351655022,0.2659872933929046,0.03640895212260572,0.025291186977502465,0.5312007730349302,0.11700142737390691,1.7377373,17
2019-09-03,0.049051087,0.43447378,0.020738564,0.01475665,0.30139723,0.17958263,0.05490859926314489,0.4566358500757437,0.01842128452769165,0.014900393117297649,0.260909416052887,0.19422443389572444,1.9079654,19
2019-09-04,0.02104071,0.3069833,0.040155493,0.016341623,0.45097664,0.16450223,0.019677123613582828,0.29830851057516783,0.03581230115990299,0.01637611968791281,0.4584425556409217,0.17138337502980272,1.8699336,13
2019-09-05,0.014916016,0.22571789,0.03529234,0.0811409,0.48921546,0.15371735,0.014640186827315734,0.21127859380707945,0.033633174759592946,0.10363137226381555,0.4952213286991225,0.1415953549858892,1.9593749,15
2019-09-06,0.0308382,0.31166676,0.03985176,0.037763596,0.46365175,0.11622794,0.03318176135740515,0.29488269363465963,0.04304278917116724,0.041081939392431766,0.47059625366404584,0.11721453858404511,1.9177849,19
2019-09-07,0.08009066,0.27426413,0.16959953,0.065374486,0.2380975,0.17257369,0.06681165682354576,0.25657076883633806,0.1843095828568501,0.049672608127157146,0.23726724612138714,0.20536814356671387,2.4253578,9
2019-09-08,0.012092525,0.089280866,0.059129585,0.040037047,0.7141907,0.08526923,0.011451151557218884,0.09759837259423186,0.059365411944593535,0.045025858012474225,0.694152955264139,0.09240621695209342,1.4650215,8
2019-09-09,0.016939057,0.23670617,0.048915643,0.012687225,0.5397712,0.14498073,0.016082781034464894,0.22094441194569334,0.05551815214686354,0.012162442779276916,0.5706288882959536,0.12466333611664832,1.7687215,13
2019-09-10,0.046071853,0.14359353,0.04670974,0.014594698,0.5367939,0.2122363,0.053411189107942014,0.14353153754893055,0.04294090860646839,0.014442147910023245,0.5097516153711165,0.23592260858250064,1.8584979,14
2019-09-11,0.017630901,0.28784978,0.039940067,0.11622693,0.44035876,0.097993545,0.016596750234515633,0.2720745848783575,0.04089071157245156,0.12841830157619838,0.43991727914737755,0.1021023556109743,2.0157595,17
2019-09-12,0.07833514,0.19761723,0.08628494,0.060906745,0.345365,0.23149097,0.08763011911887282,0.21196636428733184,0.08702110963768687,0.0631344014463757,0.315021828371719,0.23522619379410087,2.3193743,21
2019-09-13,0.03263806,0.26865113,0.08900548,0.08804311,0.45589474,0.06576749,0.03146846316148335,0.24368460272132642,0.090323373679397,0.12372439204077873,0.452567255971578,0.05823191882734201,2.0646996,14
2019-09-14,0.020005288,0.5410177,0.029210368,0.010893972,0.2655593,0.1333133,0.020907645494327793,0.5703166641518327,0.023051654719487443,0.011153883413777654,0.22382999167861165,0.15074012653530414,1.7078489,6
2019-09-15,0.014476536,0.14283165,0.04332064,0.44800547,0.32697093,0.024394784,0.01715106052403547,0.3284136199243975,0.051841712468394384,0.15326569803815077,0.41228174820258656,0.03704616452309387,1.8626523,18
2019-09-16,0.020322403,0.45406607,0.04138457,0.03285837,0.36523998,0.08612862,0.01856272984776672,0.4384940078452224,0.04170191776770245,0.035168895985080086,0.36658763711964887,0.09948482443057284,1.8188784,18
2019-09-17,0.0642727,0.1863232,0.075923376,0.032754097,0.4685575,0.17216912,0.06930492519004924,0.19401544230543039,0.08233487219291495,0.034463409181815195,0.4540400127556996,0.16584131763333254,2.0995443,18
2019-09-18,0.059913523,0.39115748,0.031089826,0.013841063,0.34953707,0.15446103,0.06540380358876674,0.4063726377511003,0.028663979944030697,0.014384919050103357,0.3123314904026066,0.1728431789768182,1.960442,21
2019-09-19,0.11066008,0.46861652,0.031962443,0.016894016,0.34635657,0.02551036,0.12569204578787574,0.4781785745947462,0.030412853031441908,0.01611782989588165,0.3241984867046921,0.025400214346445286,1.7869407,15
2019-09-20,0.07329411,0.30950713,0.041843235,0.018773831,0.41344514,0.14313652,0.08129109526585351,0.2896305279590608,0.0413171255519844,0.016780880140176927,0.42391348181460964,0.1470668699632469,2.0275242,16
2019-09-21,0.024770228,0.24893992,0.038914252,0.015202677,0.5998684,0.07230456,0.028453528333951816,0.33311561338331325,0.032997809557649964,0.015584383951169262,0.5171143662828883,0.07273433816367536,1.6219252,8
2019-09-22,0.16572466,0.059874993,0.05028168,0.1834104,0.51262414,0.028084164,0.2113670121102606,0.07252520158471817,0.051272132669567635,0.22504338620095726,0.4175671732231237,0.022225103223561034,1.9775698,5
2019-09-23,0.033320658,0.4723714,0.022239123,0.017145682,0.29596272,0.15896048,0.03838718273786754,0.5016456799835649,0.022057294961253783,0.018273651526176507,0.28111496257519775,0.13852124111306802,1.83894,15
2019-09-24,0.06646549,0.3529864,0.033628937,0.019366032,0.44836712,0.07918605,0.06509605143144852,0.48629398354035563,0.026750440426111428,0.022632246287121197,0.3325666616353324,0.06666065708117663,1.8736272,15
2019-09-25,0.07418108,0.24189876,0.0444463,0.018072192,0.54217297,0.07922872,0.07962636066506708,0.24227180732601997,0.0433252333958076,0.017604664052695902,0.5241584837967389,0.09301344479974338,1.8466028,16
2019-09-26,0.029456798,0.32042456,0.035993546,0.019034188,0.39893836,0.19615254,0.026754072405269693,0.3116954442265784,0.0383848165779691,0.02062039041140936,0.3872243549632404,0.2153209019976873,1.9471755,17
2019-09-27,0.016851572,0.2806439,0.04296363,0.07776624,0.44675237,0.13502225,0.018019256156601385,0.3478770523484829,0.04264824796220731,0.0421204981555799,0.4099070135360387,0.13942792526025485,2.0047493,14
2019-09-28,0.13361816,0.47169194,0.031599462,0.030651918,0.3105439,0.02189465,0.1541724027123606,0.4558600530604186,0.031379788550660405,0.030975300263166777,0.30555187496746933,0.022060582368855605,1.8555994,6
2019-09-29,0.15649526,0.3926433,0.0377564,0.01591056,0.3618393,0.035355225,0.22592150732611563,0.37352313637231155,0.038663699286085325,0.01590575627228113,0.31362239808770737,0.03236353176389811,1.9229866,6
2019-09-30,0.038711775,0.3860169,0.06644135,0.04071226,0.362249,0.10586871,0.045346001360981845,0.39264200178775177,0.059915363688312843,0.04404824893563693,0.33677001012551044,0.12127838061997076,2.0332851,14
2019-10-01,0.049285382,0.28454146,0.03295489,0.059597727,0.42547822,0.14814232,0.04230747291298907,0.30570952669448487,0.029732950075358398,0.05394709907170435,0.40304605755945144,0.16525688389312548,2.067387,24
2019-10-02,0.07779323,0.26387173,0.037777122,0.015640976,0.4788061,0.1261108,0.10374399757051207,0.25618931071961515,0.037090308872030485,0.016387869858121115,0.4593628980841167,0.12722561569509136,1.9516106,25
2019-10-03,0.034022298,0.21263914,0.034750562,0.016153993,0.5210055,0.18142849,0.031671935226466184,0.2514713537305247,0.031458173814948795,0.015026149578080267,0.47334522028420023,0.19702715909037558,1.8422968,22
2019-10-04,0.0309572,0.47148836,0.02801389,0.014434524,0.31219852,0.14290749,0.01872863869604205,0.45330869345694963,0.02534829703731939,0.014428896919206739,0.30907798440125983,0.17910749581146385,1.8248233,21
2019-10-05,0.016000994,0.32515982,0.03472198,0.057462387,0.42745134,0.13920346,0.01683406531035009,0.3642113112931926,0.031121981220325837,0.05322877718335481,0.37126730243804845,0.1633365437820822,1.9477417,9
2019-10-06,0.060261995,0.4306363,0.027167661,0.16776617,0.29324687,0.02092106,0.060552772367346776,0.41127408453677333,0.027302293855188252,0.18548763538980784,0.294310315466853,0.02107293555428193,1.9767501,6
2019-10-07,0.17644022,0.18843178,0.039461575,0.091051914,0.4569203,0.04769417,0.16749188886057986,0.17117633461882337,0.04022169868235109,0.0949632996142989,0.47381205149807054,0.052334710888529236,2.1198075,15
2019-10-08,0.04854001,0.28702152,0.02650125,0.14028399,0.32465208,0.17300117,0.04962852970585634,0.32074784422719566,0.02566198031299291,0.1521547712029865,0.28863427207588876,0.16317258412677413,2.2298474,18
2019-10-09,0.08621508,0.2574635,0.077667855,0.012614122,0.43866155,0.1273779,0.09670777951838991,0.2735713612284169,0.0824472962875878,0.012308026416669766,0.39663722529290213,0.13832830913792854,2.0749154,16
2019-10-10,0.037689783,0.23834637,0.03507425,0.054191533,0.3989237,0.23577435,0.030969977282054504,0.24086796425150106,0.031083274123653384,0.04617649712468495,0.38739583606496325,0.26350642929808604,2.0891914,23
2019-10-11,0.019374635,0.33608502,0.048025616,0.015190762,0.32827264,0.25305134,0.020227853476839,0.3581033171089859,0.04102583130179204,0.015534947130760477,0.2958349508301532,0.2692731137743844,1.9702673,16
2019-10-12,0.017225979,0.37976676,0.029644433,0.011627249,0.3047928,0.25694275,0.016999384968922938,0.36465771472393455,0.028958281469883763,0.011075516141448225,0.30920832478554355,0.2691007407721774,1.8827707,8
2019-10-13,0.022120498,0.26464155,0.053932324,0.11623487,0.47550663,0.06756414,0.019819171642812963,0.26965562216813344,0.05298816113700306,0.14778270436271101,0.43894649621969,0.07080786045402053,1.9899043,9
2019-10-14,0.05441814,0.33399102,0.030367795,0.03525577,0.28690696,0.25906026,0.05614945359843995,0.3143973986412694,0.031166802123812457,0.040348654043969916,0.26579712146563333,0.29214054281501156,2.1018286,16
2019-10-15,0.01932623,0.18576813,0.041770242,0.038703457,0.6154814,0.098950595,0.020980393400838262,0.2136523436198792,0.03803493056526842,0.03703784079365698,0.58705237478228,0.10324209802641683,1.6952734,15
2019-10-16,0.03898958,0.34089813,0.026334444,0.057190675,0.37874764,0.1578395,0.050087872247155336,0.36210811099423174,0.02522051082420452,0.04282504578404897,0.3501826633113587,0.169575806025099,2.0369463,20
2019-10-17,0.012612397,0.24519598,0.02929036,0.023059612,0.40777463,0.28206703,0.012525176949953016,0.24553888161167725,0.026357933665473166,0.021824225686987577,0.3937318928224727,0.3000219003862376,1.8941727,16
2019-10-18,0.012225551,0.21582502,0.043139372,0.078630485,0.5412964,0.10888309,0.012096145204147549,0.21113189957439485,0.0409790508326983,0.09267481134179065,0.5255252114152741,0.11759286107179961,1.8668636,15
2019-10-19,0.04637505,0.5211317,0.029688088,0.018712323,0.28561977,0.09847311,0.06491602225540796,0.5301010014891143,0.030273144206762175,0.016935327724979167,0.2452119396578956,0.1125625614107569,1.7991767,15
2019-10-20,0.024052449,0.11712161,0.062497728,0.036837377,0.57380337,0.18568748,0.02881358066124834,0.11083118600223293,0.067704109371759,0.04795741334247099,0.5549341480658934,0.18975955469110978,1.8280244,13
2019-10-21,0.0690229,0.26628977,0.06733381,0.12659003,0.40077016,0.06999331,0.09714288163762916,0.27369271813491014,0.05515439344430156,0.10356275145738097,0.3871815511350863,0.08326570497373337,2.2113116,16
2019-10-22,0.08368774,0.29068798,0.041325666,0.037481416,0.36357623,0.18324097,0.10005864382594788,0.28790105200853044,0.042636656612181446,0.03321709185067214,0.32192695679040756,0.2142595960942652,2.1644948,20
2019-10-23,0.022406628,0.40624192,0.025176624,0.07750738,0.32318634,0.14548111,0.020810382548636926,0.3813116446319454,0.02468008531515085,0.07962734331739153,0.32705883555443394,0.16651170252233372,2.001681,14
2019-10-24,0.020443045,0.29571912,0.03393561,0.0828236,0.31739902,0.2496796,0.020141324458812348,0.2858779197716856,0.028213113672825276,0.10860297150584437,0.2867837406624138,0.2703809414094361,2.123128,13
2019-10-25,0.018112397,0.18411757,0.07892653,0.0429565,0.34542945,0.33045754,0.013950400115373386,0.15691280967549417,0.08646827022904612,0.009757077013825898,0.31872130892149725,0.41419013348301303,2.096123,12
2019-10-26,0.018330207,0.17349516,0.1187937,0.24667338,0.4059575,0.036750056,0.016924496941560962,0.13085438043905662,0.13495435654053303,0.2768339257761679,0.4102853847480588,0.030147448396015672,2.1105523,8
2019-10-27,0.021283021,0.27899256,0.060229667,0.12187754,0.38709652,0.13052067,0.01939879644475643,0.248090809738387,0.07021008159790978,0.15316368175745193,0.36101766463273877,0.14811896143855693,2.1596944,8
2019-10-28,0.07708781,0.32781368,0.04394298,0.054322895,0.40331954,0.093513064,0.05919446355667812,0.3070209377684765,0.045233670377279656,0.061592085965127434,0.42146247005606036,0.10549636346610358,2.0869184,16
2019-10-29,0.036793757,0.4410307,0.040153686,0.10201912,0.3221387,0.057864025,0.03223405563643678,0.48385681139448355,0.03242680887814033,0.08349984603258206,0.30412271086721127,0.0638597873818222,1.9827266,11
2019-10-30,0.019464927,0.352238,0.07125918,0.04789452,0.40780717,0.10133621,0.020895197585201006,0.42039232574644164,0.07695290867731497,0.042940578799337666,0.34242677863521737,0.0963922067431894,1.9848026,13
2019-10-31,0.05115906,0.41831183,0.024906999,0.09764316,0.28337806,0.12460088,0.052340369079905046,0.4288528473359772,0.02247797001408124,0.11388711661199037,0.2567536638466174,0.12568803637566414,2.0956879,16
2019-11-01,0.05498774,0.2727236,0.043415252,0.023724364,0.47532484,0.1298242,0.0650160244298358,0.28333884932533704,0.04054214053456018,0.02592139647591222,0.4359634269595929,0.14921815829810087,1.9582719,19
2019-11-02,0.0076978793,0.023207245,0.043257132,0.015056212,0.7381221,0.17265946,0.007537623500168062,0.023258094744922284,0.04230671944524244,0.014058179463326702,0.7307893479034664,0.18205003656403587,1.2280523,8
2019-11-03,0.017178444,0.42529735,0.056553196,0.04380605,0.4065549,0.05061008,0.016332820927228646,0.3666711670617751,0.06667235791777336,0.05387683937555607,0.44614205557030956,0.05030475018595267,1.8031125,6
2019-11-04,0.01676091,0.15519296,0.13523665,0.03855525,0.5113983,0.14285593,0.015156010576453462,0.13401695187941226,0.186358860355263,0.028705235031558328,0.5095566443719718,0.12620630521374407,1.9832674,11
2019-11-05,0.01490362,0.20062305,0.042102184,0.03327393,0.51390684,0.19519034,0.014873290474502273,0.20839794020470842,0.040613604186169286,0.03573754133237931,0.47017675765575595,0.2302008562031936,1.8647723,15
2019-11-06,0.022953592,0.34946758,0.093718514,0.034743134,0.39298493,0.10613227,0.021004218523402184,0.28833898933131236,0.14068423413048442,0.033153355223128185,0.3874048662936426,0.12941434392640064,2.0165293,16
2019-11-07,0.025695734,0.25900173,0.046524446,0.013505838,0.48501733,0.17025495,0.023446242515634166,0.25316722000094616,0.04777915218662714,0.014133748588155538,0.49797199580127216,0.1635016319924898,1.871481,17
2019-11-08,0.026859092,0.24904972,0.049712047,0.01314001,0.57598424,0.08525491,0.03059587335026799,0.26229484791303453,0.04980015309456976,0.012813028812762053,0.552863476903644,0.09163264000545147,1.6982771,13
2019-11-09,0.045465212,0.4481847,0.0802584,0.10590893,0.29909787,0.021084933,0.03743089451970471,0.3197307538934189,0.11163139391743764,0.15034660643373338,0.3587890938500573,0.022071291818129255,1.9949998,4
2019-11-10,0.019110713,0.5606687,0.0257232,0.017909652,0.33884764,0.03774012,0.021431711636748327,0.6824956239648923,0.018820594545955,0.01813081742438677,0.22310201953624062,0.03601927604386695,1.5243833,8
2019-11-11,0.015093818,0.3992654,0.035367623,0.01371108,0.27809188,0.25847018,0.01593697736782117,0.44857747855396973,0.028134998675247058,0.014646971395756513,0.22776223007789365,0.26494133639131967,1.893524,11
2019-11-12,0.037456833,0.23928197,0.04562874,0.025787225,0.59187675,0.059968457,0.051451371562091,0.2899712848873114,0.040850199138424956,0.027954398287845163,0.5304268302960551,0.05934590429651532,1.701779,13
2019-11-13,0.07861491,0.33854124,0.04217717,0.05109176,0.38700008,0.10257483,0.09852494804185503,0.32000420581127065,0.04000036996729679,0.04289177439282323,0.3885677774718681,0.11001092341259311,2.0963254,16
2019-11-14,0.029380508,0.2071793,0.0735465,0.043464214,0.41786212,0.22856739,0.025655212968297602,0.1859021315484605,0.07414280245569967,0.05029242327242002,0.39183951623904123,0.2721679338846613,2.1063197,18
2019-11-15,0.017496416,0.46250552,0.055404276,0.06569581,0.3244156,0.0744824,0.01765470429917882,0.4607534241549965,0.06813772826869736,0.0699556240400851,0.3084734128749213,0.07502510799880029,1.9119079,20
2019-11-16,0.027788034,0.40320262,0.024281273,0.23247352,0.12726201,0.1849926,0.02413148584549405,0.3505269905548354,0.02623691361925423,0.22954740492917872,0.1316335478021877,0.23792369471001568,2.1204333,5
2019-11-17,0.022855118,0.2460928,0.034364276,0.23817818,0.41689792,0.04161169,0.0201858580501758,0.1891577052606988,0.033128260675841986,0.318427795827628,0.39934672741600674,0.039753662082239564,1.9995728,6
2019-11-18,0.0152593665,0.33431464,0.041428316,0.028152015,0.3524126,0.22843306,0.01476258608246515,0.3043635499220044,0.04166281332878456,0.032114751339186995,0.3693185958554342,0.23777769039451027,1.9726865,15
2019-11-19,0.012267675,0.14159112,0.07369676,0.018137055,0.5254448,0.2288626,0.012969473934399206,0.15142464137698824,0.04485007800562304,0.02055199205954875,0.5113215918530859,0.2588822403559183,1.8340997,15
2019-11-20,0.021088127,0.33407986,0.048733212,0.017336106,0.4247959,0.15396678,0.021330709290540595,0.3429708991611646,0.047463793330832935,0.014795305220984356,0.40683164185841075,0.16660762554110306,1.8999697,16
2019-11-21,0.017733185,0.3480691,0.07077751,0.050637554,0.32894802,0.1838346,0.017722464602477925,0.3378780307613693,0.07660102866659066,0.05965060692234569,0.3092889098052545,0.19885895411842985,2.09831,19
2019-11-22,0.07514979,0.22480187,0.060669325,0.011461569,0.56897867,0.05893881,0.10335059658351284,0.23946435902532,0.05567960864803576,0.012045253874361093,0.5225945294579509,0.06686567656848558,1.7874869,10
2019-11-23,0.0127410935,0.24529044,0.082895406,0.01556167,0.4000289,0.24348247,0.012616913109692008,0.2469745321228529,0.09133351167755428,0.016635645122663856,0.3817894261727417,0.25064997520039917,1.9937881,12
2019-11-24,0.09174649,0.46277994,0.03301108,0.1378167,0.21450846,0.060137324,0.1002951641672529,0.4599481661927875,0.03261318675677137,0.16325092233527247,0.19009040752407974,0.053802151618093715,2.107384,10
2019-11-25,0.030530555,0.41143113,0.0910811,0.028292883,0.38116726,0.0574971,0.03440721626854705,0.41156256780679923,0.10158566930911142,0.03130828015799545,0.37048091609580697,0.050655359929805535,1.9085033,15
2019-11-26,0.012267235,0.27327976,0.061907474,0.019074498,0.5537694,0.079701684,0.013044800569849467,0.2982136277978689,0.06093523226681084,0.02099486300948205,0.527856806819327,0.07895468780560161,1.7097986,12
2019-11-27,0.022466308,0.51122344,0.028591858,0.014068015,0.35254955,0.07110083,0.02378828503294578,0.5636954666770762,0.024674724687658696,0.014137391348993437,0.30061805212149634,0.07308610102573661,1.6524918,14
2019-11-28,0.018239632,0.2954979,0.048726797,0.09454104,0.42910537,0.11388925,0.01687839793112837,0.26226178402889144,0.04394675100841668,0.0843204056865267,0.4560865081762545,0.13650615359854254,2.0399315,17
2019-11-29,0.026444897,0.39506245,0.056427438,0.0591275,0.37000084,0.09293688,0.02757107646287494,0.37249571853337266,0.06662516929503828,0.05019046243305378,0.4030146362973416,0.08010293835144698,1.9924698,12
2019-11-30,0.008162245,0.023427617,0.0866306,0.013519283,0.80240554,0.06585472,0.008625430540885867,0.024208215146916123,0.07246666135654853,0.01451718754528045,0.8106609609584983,0.06952155472422246,1.086445,4
2019-12-01,0.053889778,0.34765828,0.031188298,0.020036448,0.3619503,0.1852769,0.05702074888660871,0.33581146470151885,0.030591591231620908,0.020762395015594654,0.3600331765778474,0.19578063475902294,2.0073721,11
2019-12-02,0.025004951,0.4118749,0.07849529,0.055515245,0.34403983,0.08506983,0.027722669911661172,0.47728096591132535,0.08294298826744832,0.04287931218660217,0.27278149170574395,0.09639259945599188,2.0119207,19
2019-12-03,0.06463478,0.266737,0.08997839,0.017119031,0.49863538,0.0628954,0.08341604765263373,0.2993762931377335,0.08222912950915968,0.018372773785738063,0.45552519263248575,0.06108057405410876,1.9286236,15
2019-12-04,0.012404661,0.2046175,0.04836618,0.09934538,0.40218046,0.23308584,0.012366731148472358,0.19884849758598466,0.05560540327637172,0.08856509592711019,0.3931456275158648,0.2514686441562777,2.1074686,13
2019-12-05,0.013862434,0.20979948,0.06994223,0.05692566,0.5990512,0.050419003,0.01434323102541985,0.2625033605457193,0.053291255379691316,0.06681563647456103,0.5465768134658068,0.05646969509894892,1.7221689,19
2019-12-06,0.023329435,0.45361674,0.025398957,0.09138069,0.26922077,0.13705339,0.02421616923241148,0.4238550586865422,0.024986437045538424,0.11131190656604897,0.2690553123366954,0.146575114252466,1.9964792,17
2019-12-07,0.014865031,0.30598667,0.03486617,0.01378689,0.57900023,0.051494945,0.0197516711439934,0.4915998040492056,0.02644051472992256,0.01275337419157849,0.4051670433884321,0.04428756603563141,1.5438907,3
2019-12-08,0.025158167,0.2393142,0.042449627,0.09841757,0.5014019,0.09325852,0.02368676001682618,0.24059520391195682,0.0390223433871818,0.11356828757401806,0.48823054369503915,0.09489686306056912,1.9686272,12
2019-12-09,0.01775353,0.32099932,0.024190303,0.044860024,0.30367875,0.28851807,0.01696157401758336,0.30101980849760096,0.025068746931806368,0.05479825667946046,0.3193987372006997,0.28275288426127543,1.999803,13
2019-12-10,0.015581995,0.22168575,0.034322314,0.06817536,0.47653335,0.18370128,0.014020501265129832,0.18044610676287104,0.03286944858825128,0.07671136653833674,0.4701262100939639,0.22582637807017159,1.9651403,14
2019-12-11,0.01549803,0.20258975,0.041445635,0.06576174,0.5201006,0.15460426,0.01601657979912887,0.21311399449051507,0.040914084064226156,0.06608260783043671,0.4946230237462729,0.16924971089752705,1.9153038,20
2019-12-12,0.014019278,0.26644817,0.03514107,0.014038021,0.48084888,0.18950458,0.014455191818739263,0.30472829686855885,0.03138567960219239,0.013668265067639363,0.4143946972143577,0.22136786453325946,1.81356,20
2019-12-13,0.13187343,0.37979925,0.036697183,0.013985879,0.26219806,0.17544624,0.14568123711262768,0.3649079953791844,0.035085233711859454,0.013938593452232811,0.2389256347141514,0.20146131041306076,2.1239321,18
2019-12-14,0.042194784,0.41177207,0.041421838,0.012417243,0.4194028,0.07279127,0.04948431642110266,0.4042544428394735,0.040771547318314436,0.012487706739125417,0.4157134587590571,0.07728854085117574,1.7896038,7
2019-12-15,0.2579484,0.6942538,0.008955972,0.016194053,0.011499437,0.011148339,0.36810067806367286,0.584159123692611,0.009805948605727198,0.01650468772596355,0.011122138389823072,0.01030746590955069,1.1734074,4
2019-12-16,0.014579896,0.24151775,0.028313367,0.041727245,0.48398292,0.1898788,0.015583764859366463,0.2506605646940027,0.029279251458877137,0.04245576256790327,0.4570908736293869,0.204929773307623,1.882654,16
2019-12-17,0.017735474,0.4439798,0.0184132,0.067777984,0.2537459,0.1983476,0.01596527885487456,0.36157314034632604,0.01904935514232918,0.08269017595486507,0.2714907948602498,0.24923125036389754,1.9575365,14
2019-12-18,0.02969558,0.26754293,0.05105231,0.047428183,0.5208568,0.083424196,0.033602272031291146,0.28645647660718343,0.04731185466940987,0.055976562414562704,0.49091360214805474,0.08573923314739613,1.8763666,20
2019-12-19,0.08967748,0.46403027,0.029263336,0.018855877,0.27124026,0.1269328,0.11137849881084816,0.45117459348008543,0.029246952107421866,0.016431229586702862,0.26459606849407424,0.12717267774710236,1.9716799,13
2019-12-20,0.05567094,0.18068355,0.039165583,0.01544671,0.5005719,0.20846134,0.06385496255508774,0.2381447341456806,0.03498754005852136,0.0157435212683647,0.44628564036825463,0.2009835989164948,1.9253109,15
2019-12-21,0.014021303,0.3753482,0.03591166,0.011753287,0.41709417,0.14587142,0.014638686312879885,0.379078734887615,0.0309756626698412,0.012570469447042954,0.39412572001234053,0.1686107860431327,1.7959558,5
2019-12-22,0.087626375,0.40035257,0.05986369,0.13529125,0.22409296,0.09277315,0.058777783070569974,0.6537100774160326,0.03363943833093741,0.0907829200684314,0.10098403804635792,0.06210571722132424,2.271904,6
2019-12-23,0.017482663,0.264912,0.043573283,0.13758391,0.36966768,0.16678047,0.017245739636218248,0.2784611873070404,0.037005175113959024,0.13289330391955856,0.3264095399874861,0.20798504945440643,2.1621141,17
2019-12-24,0.020814141,0.31541362,0.058493007,0.09960561,0.37774497,0.12792864,0.01872450458911526,0.2937354073799977,0.050020412050822916,0.10890575218181665,0.3931980334885908,0.1354158777668557,2.1224122,17
2019-12-25,0.022988046,0.29847184,0.0945046,0.03986418,0.37227404,0.1718973,0.022022103819490733,0.2775786682644849,0.11311524350997613,0.04216602275512031,0.3344592404316763,0.2106587291298789,2.120105,12
2019-12-26,0.08844245,0.33359942,0.028783523,0.027818842,0.3251188,0.19623698,0.08981558040282911,0.2710517418027968,0.027885814551993314,0.02470448914968346,0.33963285325529746,0.24690951048106133,2.1169534,12
2019-12-27,0.016421339,0.24519937,0.06655402,0.01635783,0.5636049,0.09186256,0.01572610377480771,0.4249928040143939,0.0563475612977393,0.013381261176015156,0.40187351842807173,0.08767872138926462,1.7345031,12
2019-12-28,0.0903956,0.39395866,0.034394886,0.03915471,0.41789323,0.024202911,0.09437001368669012,0.6596589600115179,0.022689989433120946,0.03380906279995101,0.1719166198028941,0.017555387604733935,1.8491213,4
2019-12-29,0.08434145,0.19527794,0.08968776,0.011455569,0.31598917,0.30324808,0.0650448632794088,0.18157102046541992,0.08709708233815222,0.011081868701559085,0.32061070860170227,0.3345944560015988,2.1941435,9
2019-12-30,0.01646354,0.32594693,0.028411848,0.014701127,0.3385226,0.27595395,0.016592615026456963,0.34497157712389126,0.025051256119820828,0.015248820149561344,0.3072879774210521,0.2908477411562149,1.9017379,13
2019-12-31,0.015709717,0.18636411,0.04390705,0.2569631,0.3784366,0.118619435,0.01573547823678182,0.1778681882762198,0.043181981677965366,0.2731165909013363,0.3662285118623158,0.12386926562028742,2.1429284,22
2020-01-01,0.15451686,0.026992334,0.11991865,0.13594194,0.5346458,0.027984412,0.18726746770756386,0.028651996425343156,0.09384292597232957,0.1417896781558151,0.5204688218592365,0.02797912549251698,1.9426106,6
2020-01-02,0.14164664,0.19688083,0.043701496,0.020414872,0.519487,0.077869095,0.18892591299838973,0.20133081406215325,0.03786117629602683,0.019130015881857945,0.4886634679098643,0.06408861287583618,1.9505857,7
2020-01-03,0.02660574,0.33331254,0.07914803,0.0824709,0.3527069,0.12575592,0.029475726913089292,0.3360338543862674,0.08208191190699513,0.06174561759871396,0.3644430853207871,0.1262198329113256,2.1604958,12
2020-01-04,0.14528422,0.22531849,0.032486748,0.031878028,0.3884618,0.17657077,0.21146547770141805,0.22111803288815168,0.03139817248177693,0.04037649018672476,0.35213002324010745,0.14351184586366175,2.1794953,6
2020-01-05,0.11632347,0.27767023,0.08478362,0.040733233,0.4513973,0.029092127,0.13087521771578323,0.297679046861741,0.07963610527577775,0.03982042110575373,0.42261091164030473,0.02937828746390843,2.0307152,11
2020-01-06,0.12923522,0.22597949,0.04097778,0.077185124,0.3665169,0.16010551,0.12771789946809903,0.18960771740257815,0.042398783861492616,0.07308257616212666,0.3915042750711637,0.17568875810522597,2.294371,15
2020-01-07,0.12324439,0.03262862,0.10841272,0.011106646,0.57647604,0.14813161,0.12149736886731181,0.03384146149868699,0.08844505508972118,0.010793727562728263,0.6143109638380828,0.13111143142950654,1.8191901,8
2020-01-08,0.022440812,0.29756418,0.06495766,0.016569367,0.4494802,0.14898778,0.023240412213364824,0.31229494279142617,0.06907063642227992,0.016947503709302314,0.4191232037826344,0.15932329328951922,1.9252946,28
2020-01-09,0.0640856,0.37169883,0.050384875,0.02309784,0.39282504,0.09790782,0.06849882978402158,0.34521895415918596,0.05058432622484545,0.026521213702275316,0.4062539738761777,0.10292271339078435,1.9852738,16
2020-01-10,0.08623231,0.2756253,0.08014599,0.036514245,0.394095,0.12738715,0.11123218846355841,0.2753087328019433,0.08796158959549494,0.011124737519798372,0.39106173464790006,0.12331101904127924,2.191639,14
2020-01-11,0.06717488,0.66984046,0.056985363,0.014557043,0.1283023,0.063139945,0.06706375241603373,0.7102875091436279,0.05334238833887764,0.014490311720094271,0.1062964742598275,0.048519546657220844,1.6050276,8
2020-01-12,0.14897057,0.1954071,0.05343622,0.0653872,0.422404,0.11439491,0.16395360214416332,0.17489498126153552,0.06153047507841734,0.05789791687614724,0.4322060402211262,0.10951697636387181,2.2355835,13
2020-01-13,0.10822613,0.087658435,0.039714903,0.051600665,0.47439247,0.23840743,0.13814079942149157,0.09479410616871652,0.03992939500590473,0.05146364714371306,0.46087016859693397,0.2148018767307829,2.0640574,9
2020-01-14,0.018321086,0.22205785,0.032765824,0.0133701125,0.42575267,0.28773245,0.016441203445951458,0.17890730069873856,0.036276572090634084,0.013284905215934718,0.47068848781506223,0.28440152962333115,1.8742248,16
2020-01-15,0.016284382,0.29649433,0.039986227,0.13140316,0.33077532,0.18505657,0.016329661801651362,0.27436125098339936,0.04188775892264281,0.1503094307958829,0.32468207925216747,0.1924298109213199,2.165576,17
2020-01-16,0.01822851,0.27253804,0.06272069,0.054144166,0.34500736,0.24736126,0.015903609656446226,0.27430468696023935,0.06993157610056967,0.06455357188879729,0.3360720442131518,0.23923452992867117,2.1230056,21
2020-01-17,0.051987935,0.27104595,0.045949962,0.08815911,0.44755307,0.09530394,0.03163012378819208,0.2741566978502133,0.04405101879147609,0.10996226535138158,0.4456140265563705,0.09458586557916282,2.0876377,22
2020-01-18,0.030773329,0.43730095,0.055245098,0.012745902,0.41895398,0.044980716,0.03807886681223909,0.41309830919002966,0.06803235485645841,0.012440491866509305,0.4228114654582634,0.04553852885122084,1.7145288,7
2020-01-19,0.034805465,0.26894805,0.06023606,0.06469264,0.49084255,0.080475226,0.03140032291654867,0.26744811488198594,0.057662194368972554,0.07018419979444784,0.48628554117902767,0.08701961983041152,1.9743533,13
2020-01-20,0.011140708,0.13127442,0.044696692,0.03921248,0.6685368,0.10513892,0.010770968229151905,0.1294242708081288,0.041959243162699986,0.038298108763025786,0.6602981875334977,0.11924920398091877,1.5704868,15
2020-01-21,0.061260007,0.3329061,0.031665914,0.017094467,0.34197712,0.21509637,0.0713359114894712,0.37285013229058867,0.028461671599956974,0.01785622948538544,0.3091855880422178,0.20031046154553553,2.0393934,17
2020-01-22,0.014939974,0.2682573,0.040372536,0.014256016,0.46763384,0.19454034,0.014834960001704442,0.3329275140444752,0.03744509872785139,0.012798585960285182,0.42649253552106076,0.17550127403856378,1.8464682,13
2020-01-23,0.046742894,0.15274878,0.06268754,0.023192275,0.6101753,0.104453206,0.04967274779183316,0.13062294465716032,0.06507430045697762,0.023291964060196,0.6190619461282545,0.11227610598526605,1.7723414,16
2020-01-24,0.07483916,0.36293256,0.022690808,0.048479047,0.30269447,0.18836397,0.024288638684568212,0.3782961094830216,0.02130916009841292,0.06559928742697783,0.3285906554151179,0.18191616981896067,2.1217296,16
2020-01-25,0.10460947,0.44221368,0.01700831,0.015327,0.27823222,0.14260937,0.12153292902638671,0.46145890845670745,0.015307742647494547,0.015585800299377797,0.25954046271628456,0.12657418459099534,1.9678558,7
2020-01-26,0.027845023,0.62749773,0.01958757,0.021112358,0.21272846,0.09122882,0.02694663610765226,0.6575369051289597,0.016307034303986532,0.021984900157867894,0.18657827430249604,0.09064621718194657,1.5845245,6
2020-01-27,0.034129526,0.36404383,0.03285343,0.014847599,0.38427055,0.16985504,0.032010280239854604,0.36693394877488494,0.03150683193917432,0.014671608988293977,0.37599042773775876,0.17888689101039804,1.9137349,24
2020-01-28,0.05333952,0.29166174,0.031758975,0.03576189,0.347002,0.24047588,0.05781951661408826,0.29268042026665736,0.028845860357545522,0.018700997105627715,0.3259200399053626,0.2760331436405212,2.098221,25
2020-01-29,0.016147532,0.26550785,0.0344148,0.04546684,0.43414825,0.20431478,0.015062122293975,0.2588332280040278,0.03203098821653036,0.05131912409169699,0.4257432383529373,0.21701131473357968,1.9648188,26
2020-01-30,0.013834486,0.28220582,0.026157275,0.11057104,0.3010246,0.2662068,0.013772229754168377,0.2950010649380628,0.02247516655221399,0.10546478447386366,0.25733093078222485,0.3059558179841825,2.11897,16
2020-01-31,0.020815434,0.3595716,0.04260825,0.060547635,0.42339513,0.093061954,0.019678850730761758,0.3564490914514033,0.04089145208359753,0.060841711280926206,0.4196062786183919,0.10253261839016459,1.9296037,25
2020-02-01,0.038855884,0.6913991,0.018311277,0.016181054,0.17677452,0.05847815,0.04740063658827165,0.7335432472418849,0.015569479318029019,0.016048298739927233,0.13380853746716168,0.053629794854557475,1.4335854,11
2020-02-02,0.020157624,0.46600342,0.02675152,0.054653473,0.31038257,0.12205139,0.020456977557626314,0.44645165616392785,0.029984198885644697,0.06026290321629994,0.3159367954405884,0.12690748657884476,1.8900763,13
2020-02-03,0.016386306,0.3759434,0.033525538,0.024666617,0.3851428,0.16433533,0.015086698588433223,0.3366218341127083,0.03455617074371524,0.025333430295332502,0.40135708206064263,0.18704478092801244,1.8820871,26
2020-02-04,0.020974444,0.2934713,0.0500914,0.023806864,0.36662146,0.24503447,0.01990391688063807,0.290220149738923,0.051679266174581816,0.025073942169659646,0.3407134067556208,0.27240930510464256,2.0086355,23
2020-02-05,0.0155102555,0.42585096,0.024009103,0.09053728,0.29142538,0.152667,0.015810476977093733,0.42711236710594497,0.022922843225212507,0.10984431940142789,0.27551389642097324,0.14879609329331786,1.9929649,11
2020-02-06,0.077301204,0.21584348,0.043978155,0.069342695,0.52174044,0.071794085,0.08495678463823843,0.23293381411242,0.042732459915343836,0.0521346673688317,0.5114317950626763,0.07581048619424081,1.990645,19
2020-02-07,0.030283459,0.3871176,0.02083815,0.07450584,0.24858764,0.23866728,0.03473825489915802,0.381277886819719,0.018989992702839357,0.0683468277822485,0.22923834710548444,0.26740867478367797,2.0708392,15
2020-02-08,0.053434137,0.4725025,0.054183654,0.010981997,0.27133688,0.13756081,0.08303451790443976,0.41683439267719435,0.08403975344828207,0.011095517004685891,0.28275946009282876,0.12223635614779013,1.9405473,7
2020-02-09,0.052115038,0.2523481,0.031453002,0.11519461,0.32009542,0.22879378,0.055317242315784214,0.2958128009647789,0.02933353499957214,0.13291460592468649,0.2526315994627233,0.2339902049162343,2.2524452,9
2020-02-10,0.017228134,0.23240794,0.03821269,0.14378537,0.33600438,0.2323615,0.017955107376316237,0.2555802848500907,0.02977611991460288,0.1405930177172224,0.31922204768701623,0.23687341268861442,2.1904457,18
2020-02-11,0.021759082,0.39123043,0.036287196,0.083947934,0.34062365,0.12615168,0.023099334373610024,0.3781418412877522,0.037530342519091243,0.09200546446886877,0.3542963688461469,0.11492664987423158,2.0295517,17
2020-02-12,0.025194986,0.117420636,0.060355503,0.01561352,0.5457175,0.23569791,0.018685015674864493,0.10661650096976907,0.060516297710913484,0.015495576059230593,0.5485952512189142,0.25009136727757897,1.8030828,18
2020-02-13,0.027742859,0.46944267,0.044076648,0.07038346,0.33657396,0.051780377,0.030286088873418365,0.5125214889696108,0.042055174789284784,0.06126677980023842,0.29987265313868766,0.053997802797991955,1.8735532,19
2020-02-14,0.068042964,0.17614582,0.05325506,0.014272638,0.46687716,0.22140637,0.0796499338672003,0.197428441833451,0.05165485959475754,0.015285381130661385,0.4382444439566006,0.2177369466665172,2.0125768,16
2020-02-15,0.031230258,0.48274928,0.033536755,0.0723673,0.24258706,0.13752933,0.033789075205322185,0.47476635109260745,0.03613314455973432,0.08690880603847635,0.22791667036347443,0.14048596140772626,1.9911573,8
2020-02-16,0.03417702,0.42478368,0.027340205,0.012300886,0.4433105,0.058087777,0.035890261524972794,0.3769096809901914,0.02995966789520768,0.012336016546188412,0.4884354065400634,0.05646900788154719,1.6699469,4
2020-02-17,0.044356674,0.22854438,0.03625477,0.03926902,0.43076548,0.22080967,0.04102228319597754,0.20840369578122067,0.0362035029367894,0.042682492140342046,0.4318943970525954,0.23979362044614486,2.047516,16
2020-02-18,0.07318336,0.3375973,0.032699604,0.021160608,0.29151252,0.24384661,0.08350961498212822,0.3654618058898793,0.031873237347376696,0.018460323459901503,0.24764340503753451,0.2530516156053438,2.0989027,14
2020-02-19,0.016225029,0.43367332,0.025954356,0.070212826,0.3522619,0.1016726,0.016931612704409196,0.47013882172797317,0.025983224524038513,0.05275304392297151,0.3312290361884535,0.10296425868903655,1.8905401,15
2020-02-20,0.016778463,0.35056233,0.04172338,0.013683267,0.4402232,0.13702933,0.01594145733806349,0.3377175486867042,0.03762396167115702,0.013798408647907004,0.4402583118057707,0.15466030156706276,1.8190374,19
2020-02-21,0.05995314,0.36457977,0.024281139,0.016504005,0.32750118,0.20718081,0.06625542720480752,0.3902782919677719,0.023878074906348426,0.01657053696683063,0.3096067198295481,0.19341096967358926,2.0000253,19
2020-02-22,0.16725333,0.31543764,0.17812073,0.069367416,0.2535498,0.016271077,0.2524174279189566,0.32766849507521467,0.21949242375573189,0.06031756655208916,0.12631694289799603,0.013787179168930255,2.2655747,6
2020-02-23,0.017837746,0.3363303,0.024407158,0.011127725,0.42427942,0.18601768,0.02095098172198618,0.41363151407308435,0.020805135734363822,0.01144183192509071,0.33480343797917406,0.19836708614505763,1.8114662,6
2020-02-24,0.019723529,0.4533951,0.042646196,0.026389912,0.35155144,0.10629382,0.020424949937767164,0.4835189518753276,0.041345446734893744,0.024811072834620692,0.31955554490332605,0.11034404297385807,1.8355433,19
2020-02-25,0.022771187,0.37259355,0.03213979,0.021337332,0.39998838,0.15116975,0.023806212769389653,0.43806423754928003,0.027362090706615393,0.022015929936687488,0.30815811169685553,0.1805934145670086,1.8736031,13
2020-02-26,0.017028933,0.4778273,0.10014609,0.019293616,0.25905082,0.12665321,0.017794982360219896,0.5104710345379625,0.08658210270406903,0.01906424031690198,0.20191803133625394,0.16416957852218744,1.9338833,6
2020-02-27,0.031742726,0.50883263,0.06156404,0.015749574,0.23780909,0.14430194,0.0319421659286448,0.5350058315929055,0.05957999328610998,0.016131204541294315,0.2156723407986698,0.14166844536611037,1.8916702,23
2020-02-28,0.0525998,0.697137,0.01310879,0.014620157,0.11663503,0.10589922,0.04860560933651122,0.7498066606701794,0.01050734843548947,0.015213563831380356,0.06267349766436532,0.11319331980882745,1.4620248,19
2020-02-29,0.03509817,0.37108245,0.04187578,0.07691218,0.40380087,0.07123052,0.03143626964418451,0.3813197935985792,0.040476389893869244,0.0738282476754587,0.390229509298027,0.08270978205799702,1.9764209,7
2020-03-01,0.02098626,0.45952114,0.01707009,0.015878452,0.29245755,0.19408649,0.019552380079283307,0.434396858637949,0.015900927569454323,0.015345653272638567,0.2735094249441989,0.2412947462656842,1.8054107,12
2020-03-02,0.015024214,0.3627679,0.028430976,0.053805087,0.35994172,0.18003012,0.01566284958051865,0.3975071027078904,0.023466756168293062,0.056824703958188325,0.31591545892833767,0.19062314344917974,1.9705148,24
2020-03-03,0.030022178,0.48602897,0.057049397,0.017153151,0.21369697,0.19604933,0.02932751902911027,0.4462299907619281,0.06195762728028474,0.017899373336278022,0.2148560856750152,0.22972941689309848,1.9306874,28
2020-03-04,0.01897927,0.4328316,0.029088287,0.012304575,0.3556225,0.1511738,0.019260511720081194,0.4696836563031133,0.02658283222632511,0.012840664445321209,0.3152127859826599,0.15641957282849184,1.8004795,13
2020-03-05,0.028727194,0.54085267,0.03149002,0.05340596,0.20698062,0.13854356,0.024590084450196153,0.509238089996065,0.034814287089129425,0.06290503541118941,0.2277752441188897,0.14067725611744014,1.874955,21
2020-03-06,0.019195147,0.48514652,0.032397453,0.04386898,0.15835784,0.26103404,0.019435279890488957,0.48903314069511133,0.02143763568669676,0.04353450287543814,0.14739552701459244,0.27916389703284133,1.9007411,20
2020-03-07,0.025997922,0.4551282,0.14787547,0.06257466,0.27588865,0.032535125,0.02758935496313233,0.5192754825634076,0.1456365609540976,0.06767769178140229,0.20735187197027333,0.03246904182469464,1.9850653,6
2020-03-08,0.15581049,0.42423669,0.028957056,0.11283741,0.15706764,0.12109067,0.16391140720023692,0.4620847479503708,0.02545966369745757,0.1140535378404847,0.11283033149021651,0.12166028954482824,2.2341344,11
2020-03-09,0.031158201,0.6390764,0.016309919,0.015146823,0.15527578,0.14303285,0.03239065215208665,0.662976838859905,0.012688721124754571,0.0156842549541004,0.11901028946780975,0.15724924613630736,1.5756693,11
2020-03-10,0.0422459,0.28205207,0.070870996,0.080619946,0.3824194,0.1417917,0.02787984432212331,0.2914094331165652,0.07608506830445258,0.09203947393970235,0.369661583036773,0.14292459954786507,2.2012937,20
2020-03-11,0.02017975,0.5084113,0.022645963,0.013116243,0.24252778,0.19311893,0.019352777020704034,0.49128825400851706,0.02358145067877519,0.013038874389277599,0.2621562271854083,0.19058239240284383,1.7694023,19
2020-03-12,0.074951895,0.49654144,0.032906864,0.052234985,0.25943866,0.083926156,0.08355339195819438,0.5509537623771813,0.029342216419901992,0.053223904708092296,0.21201694659311457,0.07090976972375226,1.971238,27
2020-03-13,0.018433891,0.47048554,0.061014503,0.018809315,0.35124922,0.08000756,0.017925461047596878,0.4290702928676942,0.0674353004833019,0.019458336065183067,0.3840974332428749,0.08201319269984716,1.7937009,17
2020-03-14,0.031154085,0.36207494,0.028294414,0.013693719,0.30506665,0.25971624,0.025024452100317948,0.3854616189641958,0.018286265260344454,0.013460902893982387,0.18161793859363173,0.37614887619083576,1.9445418,4
2020-03-15,0.0174521,0.41378194,0.091116115,0.016506542,0.37150174,0.089641556,0.018303025977996656,0.39658397426160913,0.11085319977070741,0.017415447289449344,0.3757954270034951,0.08104890875524239,1.8839766,10
2020-03-16,0.021334402,0.64915854,0.02515993,0.014513669,0.19521508,0.094618365,0.022203692603704552,0.6864234691232706,0.022116235234655605,0.014914742899523109,0.1613843432741813,0.09295751497282936,1.5273349,23
2020-03-17,0.024513245,0.5418249,0.02042122,0.06785268,0.23843305,0.10695497,0.026473962555971932,0.5756078356058384,0.018851911335686724,0.0832367109332862,0.19091129476970478,0.10491829587990781,1.8262718,14
2020-03-18,0.073336266,0.58835864,0.021348022,0.076024674,0.18374015,0.057192262,0.08101714258201523,0.6149684867466073,0.01932443777725705,0.07184472189928126,0.15605457801050326,0.05679062463608794,1.8129498,25
2020-03-19,0.022556908,0.52677834,0.054447785,0.01554409,0.25058678,0.13008612,0.02339030949312898,0.5315798224997312,0.03345683156609735,0.016782757266522515,0.24844661122099265,0.14634368943381765,1.8156272,25
2020-03-20,0.034705017,0.43734595,0.027368031,0.0148901725,0.27818337,0.20750743,0.03163355927867482,0.4628888104142965,0.02421636419280635,0.01568493056125698,0.2449714233738797,0.2206049029068984,1.9068307,21
2020-03-21,0.017835036,0.45277476,0.020601837,0.0424795,0.36796007,0.098348804,0.020150336731040254,0.5570178119616183,0.018058545564422712,0.0505772075669609,0.24892780445385018,0.10526833103123247,1.7899721,3
2020-03-22,0.10203116,0.5834764,0.01780608,0.13171297,0.13516104,0.029812401,0.10642651976506433,0.5180807314199606,0.02117095749403621,0.16636467720037484,0.1572852781708717,0.03067188317991454,1.8194993,11
2020-03-23,0.019917483,0.5307754,0.022743085,0.023655692,0.2247283,0.17818005,0.023248181083911374,0.5971056751014634,0.01826514421661232,0.02353970857428624,0.1784525560794549,0.1593887262136826,1.7769138,23
2020-03-24,0.03092947,0.48348096,0.023337571,0.04302666,0.24504456,0.17418079,0.03200285814997048,0.4662888795386,0.02317218376780278,0.04739537770624414,0.24339424535808146,0.18774645990514258,1.920158,22
2020-03-25,0.08597473,0.5411251,0.028463887,0.042814568,0.24774614,0.053875573,0.0915750374680306,0.5830337843280088,0.026179557403408226,0.051029952136420455,0.19645198863183255,0.05172966765943527,1.8503158,26
2020-03-26,0.08724636,0.5480563,0.040537916,0.017220775,0.18385139,0.123087265,0.10103023964155886,0.5764842943730402,0.04705592160943646,0.017556062215209924,0.15954324463587682,0.09833024222724106,1.8920949,19
2020-03-27,0.019044848,0.46408424,0.028049434,0.015751407,0.34916943,0.1239006,0.019260231267593454,0.48766729167313916,0.02629076398265185,0.016667996011126892,0.3149701498442741,0.13514354943383441,1.7650889,19
2020-03-28,0.024358567,0.46819365,0.028099732,0.09498918,0.33898246,0.045376375,0.028470984124629454,0.4641488638600349,0.029374544081384155,0.12646705776990377,0.3081601883467428,0.04337834716782968,1.842057,8
2020-03-29,0.036028955,0.50584024,0.027955405,0.020622004,0.31120792,0.09834551,0.03931799617639159,0.49453832937680015,0.029005788356280607,0.02142047363108587,0.31855814086051587,0.09715927399262382,1.7830136,8
2020-03-30,0.06306707,0.4038608,0.050675403,0.03310423,0.32353383,0.12575863,0.04345285624980212,0.39730275670156157,0.05671258044110842,0.03471614281254163,0.3451470472960404,0.12266861414621565,2.0634222,25
2020-03-31,0.076503605,0.5282063,0.027223904,0.01639725,0.2056478,0.14602116,0.08494373072494714,0.4868034874634635,0.029873933617820463,0.016530332256215897,0.20546504742215854,0.17638347456555156,1.8834215,16
2020-04-01,0.02403206,0.49654374,0.023379158,0.045459844,0.27994663,0.13063855,0.02541461338831064,0.4754718856705546,0.0243826520998099,0.05097285115927764,0.28126791435578474,0.14249008475847563,1.8579788,20
2020-04-02,0.07134152,0.3668406,0.031852122,0.04066762,0.3266682,0.16262992,0.07948221394559862,0.37773083631733867,0.03272146966204045,0.04536538079045837,0.3050008809400686,0.15969922517107316,2.1021714,27
2020-04-03,0.10908336,0.332693,0.06352837,0.027636185,0.32906264,0.13799645,0.12928747199565516,0.4018298074249243,0.07164177475661439,0.02936405697193444,0.26850627535665567,0.09937061589577481,2.1945825,19
2020-04-04,0.02152921,0.51755106,0.03231435,0.01851866,0.19693995,0.21314679,0.020333226573284832,0.4818777499045245,0.03201403203209385,0.019387038875089767,0.20614729839916174,0.2402406468477894,1.8145889,15
2020-04-05,0.1032685,0.4664095,0.019609671,0.07587707,0.2013027,0.13353255,0.09326234152155252,0.48843051421525485,0.01815569234465779,0.07238411212022795,0.18846694122482913,0.13930040604979235,2.0983744,11
2020-04-06,0.07117467,0.57720816,0.019161845,0.016532462,0.17364444,0.14227842,0.08525795172438905,0.5856300195975309,0.017164095092315024,0.017111105225098643,0.13218366395983994,0.1626531378334712,1.7750119,15
2020-04-07,0.021111006,0.52206415,0.03267698,0.06714219,0.2499302,0.107075475,0.022777010405033177,0.5838217867294159,0.02891868713192499,0.06757056188677187,0.19497466778184208,0.1019372772487244,1.8750471,25
2020-04-08,0.031724624,0.40038726,0.057707787,0.024520833,0.3578374,0.12782209,0.033744643220971995,0.37374674672658603,0.06353738156835678,0.02572755308941238,0.36147519026408004,0.1417684726314804,1.9652007,22
2020-04-09,0.046133686,0.49107772,0.028485663,0.020503143,0.2390438,0.17475596,0.0435656820892495,0.4375645323779494,0.03053627617795216,0.021221317809008374,0.2706484086045453,0.19646377436839235,1.9031248,22
2020-04-10,0.05121366,0.459983,0.03483859,0.019539807,0.35395056,0.08047439,0.060422554646220455,0.5113386524571071,0.024720197993862957,0.021213182674395693,0.28507207732130396,0.09723332822247492,1.8374791,13
2020-04-11,0.024303703,0.5120793,0.036621023,0.027686715,0.2627579,0.13655134,0.023231712971932026,0.489979228171147,0.03739546869837006,0.03212927760778842,0.25487362638965294,0.16239068567043377,1.8416616,11
2020-04-12,0.018976206,0.56367666,0.02435209,0.010620284,0.23934545,0.14302932,0.01411863931266874,0.4617594097640134,0.021323649438416713,0.009379711172883906,0.231561748383837,0.26185685844337936,1.6699075,6
2020-04-13,0.04741563,0.32260424,0.047752928,0.016433526,0.37990826,0.18588543,0.021586527032497277,0.33049951089308977,0.042562650465448056,0.01521492979478343,0.396720622864662,0.19341577861610024,2.0237544,20
2020-04-14,0.018021809,0.37137902,0.034114413,0.021740563,0.34892666,0.20581754,0.016379774792365014,0.3360595364120123,0.03567564032941128,0.022927414534215394,0.34410395409845645,0.24485366970235017,1.920874,18
2020-04-15,0.032928653,0.39049643,0.03389465,0.034815464,0.3402039,0.16766088,0.03518588755142679,0.39832912157448375,0.03178882832341103,0.029676310526532752,0.30857235919010756,0.19644748987100327,1.9872191,21
2020-04-16,0.018195525,0.4602112,0.024725566,0.060950663,0.3126579,0.12325914,0.018149973704443805,0.43376763059119294,0.026318188086822625,0.0716472726547428,0.3148787182138861,0.1352381969057945,1.8951396,19
2020-04-17,0.06105708,0.36776453,0.04159489,0.1095352,0.3603179,0.05973038,0.04927460192343141,0.4397656062101883,0.035733571243216515,0.11396567549721573,0.30597809996874215,0.05528243987304582,2.0907662,20
2020-04-18,0.019542638,0.23740855,0.04272753,0.35303277,0.2596399,0.087648615,0.015761177986484343,0.2127812659595515,0.05540583347470311,0.2489682223075015,0.33138038460630287,0.13570309744507336,2.14106,10
2020-04-19,0.0188236,0.44650036,0.02471046,0.14635715,0.2460399,0.11756858,0.01786831768157331,0.3970864311778626,0.026498049717657148,0.15770097189341886,0.27091736907330927,0.12992888793535615,2.0258207,8
2020-04-20,0.075638965,0.431671,0.01920102,0.026754979,0.2622296,0.18450446,0.11902277017622503,0.44075119104456073,0.017956774248735357,0.026222440525042905,0.2243490834415096,0.17169776160085612,2.0104475,21
2020-04-21,0.017403957,0.4210166,0.06714697,0.08051231,0.31934986,0.09457027,0.017659767661137582,0.4088930799393268,0.08596373646941109,0.05465272547021828,0.35976420374553525,0.07306648252537519,2.0291154,19
2020-04-22,0.04573787,0.4307934,0.027227331,0.08031016,0.32263774,0.09329353,0.02805824895205881,0.5009891304882916,0.024186385405289817,0.06988181726296143,0.2581463695401739,0.11873804390241473,2.0064862,26
2020-04-23,0.01786037,0.33277714,0.06495756,0.047851644,0.44641024,0.09014304,0.018409338633723103,0.33485959244068403,0.06669038803182885,0.053455561957100176,0.44153422033605083,0.08505090692578779,1.9303856,31
2020-04-24,0.031140571,0.3772642,0.06278463,0.041722782,0.32311988,0.16396797,0.03158332196405505,0.38556878868124483,0.06445683705873433,0.045599696603396064,0.2997978225993569,0.17299354034516756,2.082723,23
2020-04-25,0.10733173,0.70410347,0.021088406,0.015839718,0.10325791,0.04837875,0.16674136503111875,0.6672977550851802,0.025558250661012777,0.0168984769064615,0.07982976044337502,0.04367436738715717,1.4637313,4
2020-04-26,0.15495102,0.58010876,0.027359976,0.026141346,0.17764378,0.03379511,0.03377696210601294,0.6367533395470489,0.03382257664311573,0.029754291589968822,0.22517688473856448,0.040715979625151055,1.7600719,7
2020-04-27,0.050128512,0.4144585,0.021306757,0.0133971255,0.33153373,0.16917537,0.053563782664643435,0.35601325061864747,0.026820529399928253,0.014714207470758868,0.3851480757151037,0.1637401554394438,1.9065049,20
2020-04-28,0.061141208,0.35763454,0.024152884,0.09984314,0.28642243,0.17080578,0.0585240267254969,0.4118878893892765,0.020099038240648646,0.10206149602950487,0.2265886219547673,0.1808389149396178,2.1907985,21
2020-04-29,0.030070288,0.53290504,0.016510095,0.015860053,0.2471668,0.15748775,0.03313590654820397,0.523318167924406,0.016194989372055265,0.016259590521921767,0.23975814994219163,0.17133319944598235,1.7468605,21
2020-04-30,0.065511174,0.43557116,0.030007552,0.017909052,0.26809308,0.18290801,0.06626764780762268,0.4228768538780633,0.02639492801814724,0.01770765413329935,0.23840605053828437,0.22834686875362792,1.9930127,23
2020-05-01,0.020597149,0.44271475,0.037524186,0.0683881,0.35466692,0.076108925,0.019961712821529826,0.41038531018659036,0.04016178264618209,0.06340948697670203,0.3864071283439622,0.07967457268329341,1.8913883,14
2020-05-02,0.023909457,0.53122973,0.021448169,0.046684265,0.29409,0.08263835,0.023454505481896273,0.507753618017146,0.021969055530751774,0.047593814658907864,0.3131665756355967,0.08606241884615812,1.7553735,11
2020-05-03,0.018752802,0.4306513,0.023013778,0.039868042,0.33873588,0.14897819,0.019325995620394817,0.4398063921515649,0.02225346813081815,0.04512649387490752,0.32349858086227523,0.14998905213348074,1.8797989,13
2020-05-04,0.022701504,0.51956326,0.010599688,0.016120406,0.1766109,0.25440428,0.023853762080965922,0.5393854322182696,0.009694459224510912,0.01607723611070699,0.150720251513752,0.2602688412606881,1.7244629,14
2020-05-05,0.034179535,0.3805632,0.040130515,0.015306697,0.38125634,0.14856374,0.0340921857510069,0.3802696103074248,0.03819378890116016,0.016113212639369722,0.36942925831828366,0.161901960981078,1.9144385,19
2020-05-06,0.030292701,0.5294522,0.037720554,0.069417804,0.22528015,0.10783661,0.03171978873523151,0.5529512566574274,0.029974843160775526,0.06409445358936794,0.21121956446874102,0.1100401004313899,1.9149641,21
2020-05-07,0.031279154,0.37143916,0.030920632,0.068106845,0.29544303,0.20281118,0.02837134125520683,0.36169694827667537,0.02570613181808428,0.0819309880189072,0.28415037732437015,0.2181442014486417,2.092656,18
2020-05-08,0.04486151,0.28955516,0.046680655,0.060326885,0.36213955,0.19643624,0.04549634658152194,0.2866671146186977,0.03464459174983838,0.06534418190145024,0.3566734684088224,0.21117430198476,2.161301,24
2020-05-09,0.024393937,0.45032296,0.042753324,0.0340872,0.39662072,0.051821828,0.025072679612266318,0.4287033170948466,0.044340891037466884,0.05633883658211458,0.3941145730492482,0.051429695525041674,1.7600437,5
2020-05-10,0.023322973,0.48511267,0.030021582,0.010458614,0.38670138,0.06438278,0.023436780807590887,0.4994966493025091,0.029478962555579986,0.010221501119179873,0.36975938740437586,0.06760670660488097,1.63821,7
2020-05-11,0.017038502,0.22638546,0.028831022,0.064287305,0.4472171,0.21624064,0.01856725595715441,0.24729636197943697,0.02540593257807183,0.07399122947204663,0.405334917504158,0.22940433049187142,1.9842561,18
2020-05-12,0.01548129,0.30601776,0.026269024,0.021636691,0.4393821,0.1912131,0.015118025054037015,0.299754396497316,0.024797313625301864,0.021989492386621925,0.4290570613345224,0.20928370937387994,1.8511356,21
2020-05-13,0.08094449,0.43972665,0.028279716,0.02216568,0.32618952,0.10269394,0.09944966779657861,0.4241957403686859,0.027626325827546004,0.0224037916416907,0.3111362529338667,0.11518820370218812,1.9464788,20
2020-05-14,0.020131543,0.44683957,0.027996128,0.0679593,0.27940035,0.15767309,0.020215659585986253,0.45146892056807464,0.025382253352435293,0.041135007219936355,0.2658677535726058,0.19593040973227757,1.9749622,20
2020-05-15,0.09546223,0.15379444,0.061070487,0.015636554,0.5215478,0.15248847,0.11801536745830724,0.12852139958770462,0.06565274260191155,0.01587504934483185,0.4995148508533497,0.17242057168743477,1.9825613,22
2020-05-16,0.011232068,0.20217963,0.05035884,0.010412786,0.6319345,0.093882166,0.011825272567663418,0.21516678140764714,0.042710215418394044,0.010590946934259942,0.6047197585896996,0.11498704070318033,1.5635853,9
2020-05-17,0.025257679,0.26682934,0.033228796,0.018738657,0.5237544,0.1321911,0.022713688349971693,0.24460344511122445,0.03190335251893002,0.01792543192255309,0.5300114440620081,0.15284264334602754,1.7879341,7
2020-05-18,0.04166203,0.29986805,0.031327013,0.03165322,0.40515888,0.19033082,0.044808514043710286,0.2475072419168401,0.03316902689376714,0.03643543747700807,0.4411406558629452,0.19693912670644684,2.0099227,17
2020-05-19,0.021508316,0.2786775,0.05476637,0.04834211,0.46064186,0.13606384,0.022759756969581886,0.2770870160515991,0.057386392159005886,0.03043083525272539,0.456382912526178,0.15595307797214164,1.9802846,17
2020-05-20,0.017374167,0.45490313,0.018195994,0.0139369955,0.30104357,0.19454613,0.018960414984704105,0.4902523835027594,0.01696750379888572,0.014361805619701446,0.29251125608805517,0.16694663312456345,1.7904971,15
2020-05-21,0.04202245,0.49377632,0.031122642,0.04376545,0.3127289,0.07658424,0.04861378209911949,0.51160135925572,0.028115580436421754,0.051407072465102,0.2996389643089331,0.06062324808997957,1.856546,18
2020-05-22,0.018608665,0.30573788,0.034036886,0.121723995,0.3568845,0.16300806,0.0194980407818745,0.32220299613257103,0.034257056350480895,0.10721362598857036,0.3547271153014924,0.16210113978428348,2.1225734,23
2020-05-23,0.021818165,0.5272196,0.01784327,0.013517777,0.24968533,0.16991588,0.020188098374261616,0.42233630238117226,0.020073169779066567,0.014050154428263158,0.3105946406256681,0.21275762063167408,1.7291913,5
2020-05-24,0.11374597,0.38498548,0.029149657,0.010902796,0.3648539,0.09636219,0.1491669043705093,0.30215201119103563,0.033263128953980974,0.010454522341257605,0.39954967669800545,0.1054137466619486,1.9626241,8
2020-05-25,0.020268517,0.32410604,0.076124296,0.026455881,0.46504667,0.08799856,0.01983523058252684,0.31585505945061126,0.0721784231518234,0.028161679148137532,0.46517646617845704,0.0987931449492325,1.8845251,14
2020-05-26,0.018747756,0.3781298,0.042275403,0.055170447,0.39832452,0.10735209,0.018582794362826217,0.34266831302207323,0.04407285070921651,0.06182764609031877,0.41869989366402754,0.11414851334956987,1.936246,20
2020-05-27,0.017192166,0.26463366,0.045637425,0.033561848,0.4538862,0.1850887,0.017204051961726714,0.26676611734377564,0.0409961144645129,0.0356753033782176,0.4208674242903119,0.21849099875983616,1.9436377,25
2020-05-28,0.01624935,0.36769748,0.048580833,0.012415251,0.39101836,0.16403873,0.015827807125819195,0.3471442120672147,0.05511960964124742,0.012886709361709398,0.3897302966726204,0.17929135031713048,1.8754109,17
2020-05-29,0.054781694,0.3817452,0.05043088,0.015040915,0.37270436,0.12529697,0.05854166964298937,0.3373331997145032,0.05851076582089907,0.016081846835930096,0.4365773285043144,0.09295517748342237,1.9744707,19
2020-05-30,0.024002314,0.48039922,0.04510386,0.014519927,0.3888244,0.04715028,0.024183965826458806,0.4733360048572179,0.046559805321674946,0.014136470049760179,0.39885921322204076,0.042924527457965156,1.6652275,10
2020-05-31,0.019266268,0.28404143,0.03434911,0.08706535,0.3537754,0.22150245,0.017003232849007913,0.23986815791400584,0.03256246027571081,0.109872134728371,0.33940006415450635,0.2612939492232291,2.1112509,14
2020-06-01,0.0570159,0.4340096,0.041202053,0.024267927,0.34338024,0.10012425,0.06869886173878628,0.4380280758512677,0.0318629844700565,0.019352171104972574,0.3217007032274838,0.12035719446209972,1.9399817,17
2020-06-02,0.10966851,0.42222542,0.04254714,0.07138193,0.24825923,0.10591777,0.14159711386960583,0.3955251475619698,0.03978764352816798,0.08994021808302476,0.20157465589959248,0.13157524024396572,2.1826448,17
2020-06-03,0.036187273,0.4867808,0.025111208,0.063318014,0.32956228,0.059040435,0.04041749819985151,0.4971659676004967,0.0227188526136981,0.08430437069196489,0.2988707449165595,0.05652256617150519,1.8332047,18
2020-06-04,0.023904236,0.49015516,0.031209929,0.078782916,0.29626784,0.079679914,0.021740954076460737,0.4734250992957626,0.02835643103426215,0.06082456375329719,0.3164749095153994,0.09917803838444306,1.8886641,17
2020-06-05,0.025473738,0.31164733,0.07086007,0.08560769,0.38431302,0.122098155,0.025478500272420913,0.2817225773335373,0.07775230640859371,0.10870634699849314,0.39409327643920883,0.11224700315732386,2.1339037,22
2020-06-06,0.039815035,0.5376688,0.030826136,0.017900964,0.34164897,0.032140095,0.03538393232610354,0.4608500002159845,0.03694532172136386,0.017894995660627952,0.41013775162807325,0.038788009478098996,1.6138737,7
2020-06-07,0.026044331,0.31545854,0.050069064,0.038880415,0.40053758,0.1690101,0.023200008403173947,0.30586493407753734,0.04324991958192429,0.044680164031722945,0.3569213927524978,0.22608359305649797,2.0227706,6
2020-06-08,0.064136654,0.22822739,0.04376128,0.08547214,0.45452276,0.123879775,0.0781456627185642,0.18367667267993854,0.04381161870902997,0.09904341557688313,0.45895751149285713,0.136365112158244,2.1317503,21
2020-06-09,0.07153178,0.36593798,0.029493023,0.021145828,0.39085716,0.12103421,0.09397742050927785,0.3055335607020477,0.029023995081839202,0.022806914892756307,0.41831308732482875,0.13034503737238815,1.9689559,17
2020-06-10,0.019554302,0.36751068,0.028072739,0.028481774,0.38044775,0.17593277,0.019623101957649904,0.3875476612206284,0.02550802952092661,0.03146960726432736,0.33922087392545175,0.19663073498314798,1.9041396,25
2020-06-11,0.023343625,0.4349761,0.029536465,0.014764043,0.24920149,0.24817824,0.0217270142058309,0.39149563576568724,0.02442868159838011,0.01484612950202843,0.25489276249577386,0.2926097581231234,1.8873496,20
2020-06-12,0.08431129,0.43641987,0.049369913,0.044384845,0.3053829,0.08013117,0.08160992963901464,0.3715775117265034,0.058742942455496376,0.05102370898025581,0.36044339195346525,0.07660251840049648,2.0510182,14
2020-06-13,0.18421817,0.40616152,0.028797138,0.014124598,0.24367706,0.12302152,0.20799383023493406,0.4275599078681106,0.027548860898077364,0.014027042722577373,0.2476523331739682,0.07521803271295846,2.0799882,8
2020-06-14,0.10766364,0.34165165,0.042150926,0.029541451,0.40684122,0.07215111,0.11809903976604788,0.27250544609632327,0.04645930106604335,0.032252073950689075,0.46344234978618776,0.06724176681335811,2.0197165,7
2020-06-15,0.018608833,0.3715236,0.030901799,0.06910529,0.29426375,0.21559677,0.015473260261916024,0.3200312039961591,0.03139502737591459,0.08541286147407409,0.28292555354944626,0.26476208921433625,2.0556521,14
2020-06-16,0.016280297,0.47413093,0.024097502,0.012964917,0.2909851,0.18154128,0.01844360288453642,0.573867188335275,0.016336500426850455,0.014940193909573324,0.1974183421629795,0.17899419603083494,1.7831169,13
2020-06-17,0.020447433,0.33181983,0.044695113,0.048439052,0.39123163,0.16336694,0.01919585334798287,0.30462313521421447,0.051934228879961415,0.05239218215796223,0.3906927759983165,0.18116183334841854,2.011519,22
2020-06-18,0.08267278,0.44367272,0.027148573,0.015449601,0.31364146,0.11741487,0.11724468311568524,0.4272879218774204,0.029337345352166436,0.01487436065843577,0.316671368973316,0.09458431685558757,1.9392188,15
2020-06-19,0.0658841,0.3529246,0.029283043,0.11476114,0.266259,0.17088813,0.07711197535500416,0.3205031718939148,0.02935573877051984,0.13646239364232515,0.2568058363942686,0.17976089803736667,2.240299,20
2020-06-20,0.02086292,0.33513078,0.032734994,0.017983502,0.3945064,0.19878139,0.021573038862195602,0.33089100992005305,0.026683136613181387,0.015347012319946516,0.36466608748414603,0.24083972802241727,1.9034703,14
2020-06-21,0.071405,0.46646896,0.033551395,0.012692752,0.2827913,0.1330906,0.07748999028641339,0.5002279972619572,0.031458587685814485,0.01227983771614442,0.2430467568220611,0.135496820129225,1.9318918,12
2020-06-22,0.05126556,0.2510454,0.05342721,0.08098921,0.42211294,0.1411597,0.05605856572731753,0.19874765792557592,0.04084938763689426,0.09036471008044944,0.42749959968949414,0.18648007615036352,2.1637268,20
2020-06-23,0.023675583,0.39052492,0.04474871,0.022882184,0.4348586,0.08331,0.02491382582690822,0.3694632540131875,0.05177393414731023,0.023356533688370745,0.43309320205022994,0.097399238579841,1.8040029,21
2020-06-24,0.029906116,0.27737918,0.049962036,0.049089428,0.49439657,0.099266626,0.03148490299888591,0.2510260894764178,0.04248536237171945,0.059918830947662045,0.5004116555180476,0.11467316868889632,1.9272932,18
2020-06-25,0.016091883,0.3218971,0.07574455,0.013464389,0.45855203,0.11425008,0.014982850816225702,0.297078301433426,0.08534937610258783,0.013469417596002018,0.4648038038070718,0.12431625318880273,1.8612989,18
2020-06-26,0.018610926,0.37805253,0.06821323,0.01841469,0.40955615,0.10715247,0.01875376427933918,0.37228018569393106,0.06999647617707654,0.020358178614299824,0.4295366799113464,0.08907472177594157,1.8806026,18
2020-06-27,0.016531734,0.23860613,0.045847885,0.03829875,0.4006892,0.26002634,0.010651507412113076,0.1242879255558956,0.07034875867400418,0.022137767820207016,0.5322173891665083,0.24035665695691044,2.0092444,5
2020-06-28,0.04007997,0.67262703,0.022136621,0.014789931,0.17261606,0.07775035,0.04652921409723768,0.6521977627104609,0.025073287228456403,0.0150592448435902,0.19458749611041512,0.06655298427910394,1.5064224,6
2020-06-29,0.06435516,0.2558716,0.067326255,0.07187705,0.48461255,0.05595743,0.07700048065385756,0.19713791005236425,0.08052704207182028,0.07771099612012461,0.5128593141858631,0.05476428407429849,2.0321941,19
2020-06-30,0.04346599,0.2100854,0.06033274,0.1420398,0.47058693,0.07348912,0.023616113118968034,0.18389479605838419,0.06338986947201657,0.16263024294489703,0.4802233384402088,0.08624564840419394,2.1023974,26
2020-07-01,0.030889718,0.4823199,0.04207302,0.029330323,0.33413112,0.08125594,0.027387321239286833,0.4237191942217053,0.051291881919520256,0.035998555820020844,0.3569289678006929,0.1046740867749574,1.826676,19
2020-07-02,0.035905607,0.34977508,0.06630612,0.019499673,0.4266568,0.10185671,0.04293943509443973,0.28562017561336017,0.08133856627758256,0.02018396140001712,0.4539857184288993,0.11593214346736588,1.9327096,22
2020-07-03,0.07168215,0.49497032,0.021454804,0.11494008,0.25008383,0.046868872,0.08428160662209985,0.46030813083364114,0.021006166655877144,0.1377667211364558,0.24510231140850988,0.051535074089820006,1.959374,19
2020-07-04,0.024692165,0.6311793,0.010742935,0.09090833,0.056033697,0.18644358,0.025168401457448506,0.7219304659830766,0.00973735679421015,0.03952447696533816,0.04744882890913369,0.1561904558156238,1.620385,11
2020-07-05,0.031496268,0.4848025,0.037967574,0.014754319,0.36488998,0.066089325,0.030278260758896912,0.46444364506675156,0.03554147063732273,0.014946336846706258,0.3777320393496797,0.07705822891831551,1.7221879,6
2020-07-06,0.01757528,0.22027849,0.03881519,0.026450394,0.49448997,0.20239067,0.017389270881436658,0.1948453336753918,0.035777137437426276,0.03097032554694926,0.48649862327235466,0.23451930885707498,1.8726623,16
2020-07-07,0.01985698,0.29470953,0.04121946,0.0665425,0.42672408,0.15094745,0.01779424138827711,0.28509550185285987,0.03922920526404492,0.07926069373454979,0.4083640096845731,0.17025635161492325,2.017576,21
2020-07-08,0.06634634,0.4644752,0.03769309,0.049597424,0.2835806,0.09830735,0.08165544961339927,0.42670884761852773,0.034196433816170275,0.060657961325240276,0.2880077867332309,0.10877353086659358,2.0113254,23
2020-07-09,0.017236685,0.2780629,0.04519981,0.09365216,0.46206293,0.10378555,0.01605270079703459,0.2468570650007063,0.04334300372433578,0.11891190357847335,0.4529190664066207,0.12191627632261351,1.9901937,24
2020-07-10,0.014179299,0.329672,0.07275193,0.015292585,0.32899195,0.23911224,0.013904811808966945,0.3182718958860517,0.08343757912831701,0.016746048916134085,0.3144591512773076,0.2531804988839675,2.0033755,14
2020-07-11,0.030208584,0.6858231,0.01844107,0.017743291,0.20639548,0.04138847,0.03328120730239087,0.7869182559938118,0.013325936541931638,0.017058139119122406,0.11882364509342719,0.030592846314433316,1.3951411,7
2020-07-12,0.08370849,0.3943792,0.06601956,0.017072376,0.40475446,0.03406597,0.10609864763499421,0.4762484294654691,0.06762882377774034,0.01726796513667873,0.2997373417881272,0.033018831794107306,1.8823006,5
2020-07-13,0.016853318,0.38180292,0.05349527,0.013213125,0.3613746,0.17326082,0.015464831095432225,0.36793161287158305,0.050073463065831485,0.013179361957223005,0.3290754398663429,0.22427529742378122,1.906933,25
2020-07-14,0.06453823,0.3978564,0.027258594,0.01615406,0.33910897,0.15508372,0.034590388811262224,0.3263978309683708,0.030114498400157036,0.014939381894768622,0.417697864866852,0.176260030787553,1.9680743,22
2020-07-15,0.013432825,0.23504795,0.050627656,0.058403928,0.55964977,0.08283785,0.013254708047278588,0.22959942400376188,0.04709636624094816,0.07639695972576063,0.5511626382898761,0.08248990143825642,1.7980965,21
2020-07-16,0.028676257,0.4175858,0.037744775,0.018440831,0.3767725,0.12077983,0.026464578469701933,0.3914089905083568,0.03634568378418384,0.014089394576011393,0.3854210061081329,0.1462703555199974,1.856621,23
2020-07-17,0.03529053,0.41146243,0.028913237,0.09725913,0.30035585,0.12671879,0.037640907539908335,0.406705411058512,0.027467383504811167,0.12254466092049097,0.28537825543931744,0.12026338144778624,2.0710633,21
2020-07-18,0.016111305,0.42337468,0.02268497,0.019010397,0.3708305,0.14798813,0.01636907380348097,0.4400499333716482,0.02332650542635233,0.022285799432064646,0.35774871650120804,0.1402199581952359,1.7921711,12
2020-07-19,0.017887052,0.3558744,0.06500518,0.136982,0.32132596,0.102925405,0.017266363613614263,0.38635011191488233,0.06590580989969128,0.13358321823499045,0.2915944269592906,0.10530006280095258,2.1474025,13
2020-07-20,0.017310787,0.36051232,0.033241086,0.018275386,0.4277223,0.1429381,0.016297721658518807,0.32453973956578974,0.030699801539995398,0.018708554787067417,0.4252478555963754,0.18450633190022214,1.8259305,14
2020-07-21,0.01865572,0.21371508,0.035613436,0.050654124,0.4879315,0.19343014,0.014909958659946128,0.15933969447335125,0.03522872763497399,0.05982397836002534,0.5079444203965547,0.22275323134610087,1.9358517,27
2020-07-22,0.028319538,0.32058844,0.03659692,0.03128444,0.4733201,0.10989057,0.028273881115843637,0.29605252348095246,0.03880995925503012,0.03501120058575519,0.4875511087176239,0.11430131848335666,1.8636515,24
2020-07-23,0.01962805,0.4416913,0.028720068,0.062550545,0.31943977,0.12797028,0.01661470030375382,0.3628304368483877,0.03332226060356701,0.0752848743479803,0.37981771614710524,0.13213002187640693,1.934738,22
2020-07-24,0.03276866,0.33123323,0.09157914,0.034255084,0.38397667,0.12618726,0.022137592472992875,0.29796860198188563,0.10158788750514045,0.0358913264750037,0.39967542492917635,0.14273918596549692,2.0792696,29
2020-07-25,0.014717315,0.31260952,0.059235767,0.009842232,0.5530574,0.050537854,0.01635960572990606,0.4002454800582574,0.05959396214226541,0.010063067668028464,0.4572555784184467,0.05648237202986626,1.6113691,3
2020-07-26,0.022398517,0.40009063,0.08507647,0.023054307,0.35052106,0.11885898,0.022575169254018004,0.3852842152752129,0.13249823977916905,0.025348703976275436,0.3224391332065346,0.11185452675530369,1.9747105,10
2020-07-27,0.01272088,0.19650137,0.042983565,0.054442026,0.59166,0.10169212,0.012483872482152183,0.17505668048787035,0.04302670491564962,0.03450234843194293,0.6207992252332215,0.11413115946583549,1.7484553,20
2020-07-28,0.027815187,0.28438312,0.063594475,0.040109143,0.41950026,0.16459781,0.024657196096056228,0.2128101926378268,0.0733027168211273,0.0440372904679615,0.48076439596049186,0.16442819389988134,2.052721,31
2020-07-29,0.01831733,0.43539935,0.019928975,0.06118191,0.27205026,0.1931222,0.019723556419671065,0.4719142408518878,0.01835644875236681,0.06724596572882277,0.22440539781993774,0.1983543918719582,1.9562817,18
2020-07-30,0.07864544,0.316493,0.10793349,0.013735017,0.3721879,0.111005135,0.06684113025513992,0.3059527876169429,0.11813970504411735,0.013470273847594255,0.3685049730838619,0.12709112850835663,2.1281672,33
2020-07-31,0.024284666,0.39033386,0.06024044,0.08455068,0.31326595,0.12732442,0.025848067986170644,0.3388576256283038,0.07283188999173706,0.11163225720277747,0.2982179947074284,0.15261217769381002,2.1086962,21
2020-08-01,0.022788782,0.6219853,0.020686422,0.015603362,0.23206392,0.086872235,0.020768635993316253,0.5802832890494087,0.017601958570288106,0.015520546329742594,0.1972582402832178,0.16856731495275787,1.555084,10
2020-08-02,0.024057312,0.55943656,0.017858375,0.02692672,0.22207923,0.14964178,0.022409009494462014,0.5278488978955951,0.018454120662140073,0.03415682612265841,0.2335309274847216,0.16360019677579946,1.7344553,10
2020-08-03,0.08452825,0.31990963,0.032843933,0.019948037,0.36391008,0.17886007,0.09754193245039151,0.33106287986951266,0.030970556991851018,0.018603683970574963,0.3026964788151164,0.2191244680363741,2.076665,20
2020-08-04,0.04587887,0.22382122,0.071735926,0.014200441,0.46974134,0.17462221,0.03512779119979456,0.25077912529621954,0.06929657502202097,0.013187209367663884,0.4234954907532487,0.20811380190063156,1.9988714,26
2020-08-05,0.048832,0.41352007,0.05754815,0.026134819,0.3494828,0.10448215,0.07326078266485983,0.34572841636490453,0.06717970643680593,0.030060288375906737,0.36088849419499835,0.12288230879986729,1.9845215,22
2020-08-06,0.052940246,0.33558723,0.041101612,0.0795126,0.33532062,0.15553766,0.0678277414064843,0.3181399369949853,0.04585914359224157,0.07677271617027552,0.31770849028043324,0.17369198976580574,2.1789243,25
2020-08-07,0.048872996,0.31246218,0.033016086,0.01979343,0.4185019,0.16735335,0.04463328919430733,0.33110113976839245,0.029250498693657156,0.019292247837009432,0.3812831205245107,0.1944396924113812,1.9692293,28
2020-08-08,0.024100669,0.47285652,0.09073934,0.013009989,0.3600707,0.039222796,0.018360677888353154,0.3259388300379847,0.13177098828200287,0.013238335252313424,0.472448340804902,0.03824280626145033,1.749991,6
2020-08-09,0.012030599,0.11547646,0.042707462,0.01324711,0.5334293,0.283109,0.012148033319379295,0.12150804474881277,0.037901369128583495,0.012663121534777912,0.44994440703290756,0.3658350155392226,1.7123257,6
2020-08-10,0.051240977,0.26689634,0.068312705,0.07765389,0.38775966,0.14813644,0.03627678638717191,0.2793149603876463,0.07718245968659534,0.06138784471689312,0.39635724667190364,0.14948070028282565,2.2171311,24
2020-08-11,0.07952906,0.30915406,0.0547502,0.014286788,0.387846,0.1544339,0.09343636180607728,0.31943294847731896,0.05193675608465333,0.013921204543094324,0.35951287382655667,0.16175986202977566,2.0772376,30
2020-08-12,0.022912253,0.48270246,0.03685409,0.016070187,0.32763883,0.113822155,0.020784868208040586,0.43559265383592366,0.041487816418604544,0.014907883838302513,0.3488979020108811,0.13832887889346626,1.7876003,22
2020-08-13,0.05728506,0.4760177,0.035725903,0.07233947,0.26982886,0.088803,0.06835571020109918,0.42091207576727035,0.031906012991043294,0.08960550783881342,0.2631341851547927,0.12608650794292778,2.0121,23
2020-08-14,0.023632718,0.46401316,0.0394293,0.08073508,0.29824957,0.09394016,0.022137394225657504,0.4342959564562628,0.04240386558459317,0.0913180992154412,0.3028290395104888,0.10701564229287798,1.9598504,28
2020-08-15,0.12407559,0.35847166,0.028869873,0.0143745905,0.40916514,0.06504312,0.0628214481582016,0.44871711084158156,0.024248020318172935,0.012448723914038404,0.36957555859874397,0.08218913195843078,1.9236885,7
2020-08-16,0.09358219,0.4198236,0.03096066,0.01395445,0.31739947,0.12427964,0.04659811730928486,0.4197889816213108,0.03370478763221733,0.014664455481978407,0.34103643350400487,0.1442072370151344,1.986101,10
2020-08-17,0.021995762,0.39629203,0.031772602,0.059130304,0.24774323,0.24306604,0.020439760611309976,0.3697729051981869,0.02919987974288358,0.03875584171168765,0.22303369196708445,0.3187979009240311,2.0443919,18
2020-08-18,0.018469565,0.3280032,0.03946107,0.042730965,0.41687834,0.15445684,0.01895668782299018,0.3177599928324315,0.03657232488094001,0.04482501346380505,0.3939598698161871,0.18792610261155657,1.9546953,25
2020-08-19,0.017535778,0.3635996,0.06062954,0.01904684,0.48080394,0.058384307,0.014780435984202563,0.2925551184408925,0.057128464665601474,0.0193247269054462,0.5598628499494298,0.05634840493776148,1.7342474,21
2020-08-20,0.08397974,0.36600518,0.05905284,0.047053542,0.32679668,0.117112026,0.08417721246391012,0.3269764036208672,0.06731600207446846,0.05710821292921864,0.3322146510004661,0.13220751150824184,2.169036,25
2020-08-21,0.059295185,0.43340716,0.027437115,0.027830828,0.29539087,0.15663883,0.07409165826705404,0.44034244891229785,0.026297979505397442,0.031851445502956925,0.26188346383778177,0.16553300984883804,1.989215,31
2020-08-22,0.019891018,0.48930958,0.03632898,0.017069891,0.3922317,0.045168817,0.020985211702629614,0.46221011953147306,0.04070292800609475,0.017845826309775003,0.4212918253687831,0.036964076927421714,1.6224166,7
2020-08-23,0.014210808,0.374679,0.031299423,0.014175137,0.33948106,0.2261546,0.016629616423493317,0.5349414927914494,0.014294478566314968,0.015373678931166434,0.13688760139579306,0.28187313777884343,1.8754554,5
2020-08-24,0.020645423,0.40080026,0.03886594,0.027382312,0.32197848,0.19032755,0.01930124745079998,0.3385201274076823,0.030571142249958955,0.032156883575794604,0.3453598851579983,0.23409071685535418,1.95044,22
2020-08-25,0.06409779,0.41481024,0.029067988,0.019908428,0.36516783,0.10694772,0.07054047033039151,0.45140731490898584,0.023759556364485162,0.020622271924345535,0.3093544921810075,0.12431589017532267,1.9171484,19
2020-08-26,0.020466236,0.4487031,0.023213837,0.0694424,0.31885225,0.11932218,0.022399455049714658,0.49227418310587295,0.018298341073523846,0.06270048231921838,0.2397009185061946,0.16462662497868213,1.9186149,16
2020-08-27,0.020288996,0.43428746,0.0526645,0.032855533,0.33516312,0.124740414,0.019324714217409552,0.4337090096521766,0.04326324966603008,0.03594475027178509,0.2817206153952002,0.18603767821533276,1.9253963,24
2020-08-28,0.016083388,0.2725933,0.064868145,0.053753164,0.48928607,0.10341592,0.014557029750936375,0.24019838511374403,0.07429026187286088,0.04551412151954357,0.4996947576435935,0.1257454322474473,1.932792,22
2020-08-29,0.071516395,0.4286995,0.021861207,0.13371548,0.21054925,0.13365822,0.07165051703928145,0.32782497122214443,0.023504779070072618,0.151403481021532,0.24520271452867132,0.18041356554924057,2.1660619,8
2020-08-30,0.19970733,0.33253327,0.03404858,0.01565138,0.3767918,0.041267674,0.2311878166401251,0.3557454787746917,0.03049582481917091,0.014644690811418016,0.33080250841105313,0.03712371836592098,1.9726005,9
2020-08-31,0.07412611,0.30381995,0.055010658,0.022758279,0.5002163,0.04406869,0.09729692373659203,0.27040885306790263,0.04291361006432025,0.019477265508099355,0.5183740863061465,0.05152924745441693,1.853208,18
2020-09-01,0.013899556,0.2419663,0.076044865,0.017516408,0.5199571,0.13061576,0.013473672823945975,0.2242271631349635,0.09187334009487888,0.01654538978028903,0.515731343322469,0.13814909476875076,1.8401126,25
2020-09-02,0.017167248,0.3091884,0.049407482,0.022705201,0.51208484,0.08944685,0.017162430501960244,0.34188967600111536,0.04352170386897276,0.019597649798699195,0.47515266380783666,0.10267585596396854,1.7686082,22
2020-09-03,0.020166581,0.34536317,0.069854446,0.026783226,0.43761945,0.10021311,0.020056592152153083,0.3454593602551892,0.0726177200250685,0.024743316363600255,0.43247393967335723,0.10464905195538306,1.9057266,34
2020-09-04,0.027758365,0.4917411,0.025671273,0.030055791,0.2703113,0.15446219,0.02923538723627675,0.5255126333261007,0.020980030014986027,0.026053462782330956,0.21670186269011082,0.1815166140405913,1.8610872,20
2020-09-05,0.025955979,0.5629307,0.0263367,0.016260523,0.31653252,0.051983573,0.02483754479840794,0.5641372718181975,0.02516894273747823,0.014239628173969307,0.3072051618208275,0.06441145094978182,1.5852553,7
2020-09-06,0.2242335,0.41295376,0.026166856,0.014974209,0.2234687,0.098202966,0.44398876495009326,0.34195765650665527,0.01824888647232206,0.014051882121480359,0.10733299351850269,0.07441980670153348,2.050762,7
2020-09-07,0.01940572,0.28051218,0.044671003,0.0732826,0.43422624,0.14790225,0.01958958310618109,0.2620878175650875,0.04582274151035621,0.0862725605013012,0.4198560800611282,0.16637122050545342,2.0318122,15
2020-09-08,0.12024152,0.43625724,0.021117697,0.0130167985,0.32202622,0.08734049,0.1732233718739969,0.46737853449106503,0.01881639958277666,0.013636445734079872,0.2620510780201714,0.06489417415982415,1.9222336,18
2020-09-09,0.024992632,0.5241438,0.043986693,0.03119396,0.27215204,0.103530824,0.022092125408443932,0.47398385418157735,0.03529993088446638,0.030076759351268606,0.30724676056923655,0.13130055208471403,1.8255016,17
2020-09-10,0.018366879,0.24011777,0.05225205,0.027902149,0.50159854,0.15976259,0.019372329995500266,0.21543689284791592,0.049399570672923734,0.03159680088738451,0.5002733882477609,0.18392101323794094,1.8887252,30
2020-09-11,0.08069971,0.37029406,0.049195383,0.02859699,0.31196994,0.15924393,0.08203289169349164,0.3628930541812047,0.04533820229763219,0.034674972895823296,0.31638649534375063,0.158674395779797,2.1305645,24
2020-09-12,0.07327808,0.44590136,0.040528767,0.12676506,0.27360195,0.039924785,0.06325746296437668,0.3998804948649998,0.028110786237664494,0.14992268085307844,0.31029139284293106,0.048537168847761145,2.0581396,8
2020-09-13,0.015568578,0.24186228,0.023319049,0.059878048,0.41051722,0.24885485,0.015181232892279281,0.1808498446603274,0.02285659923509305,0.08265069049434717,0.3743315777805265,0.32413008830877466,1.9850842,7
2020-09-14,0.03526894,0.36743167,0.057012435,0.034703735,0.33597505,0.16960818,0.03999112998225011,0.33904426688385636,0.06162806691186525,0.04355856562007443,0.32383559591627187,0.19194237867893407,2.0676363,23
2020-09-15,0.014145414,0.24774894,0.06569058,0.10245611,0.40435958,0.16559936,0.01341819388316123,0.2009034298469029,0.0690300666728985,0.13443048199777155,0.403635292609224,0.17858251824354793,2.138256,27
2020-09-16,0.016984083,0.3370874,0.0505056,0.042643517,0.40734684,0.14543256,0.01770004756533312,0.33562437105592047,0.06059382242499694,0.053239044327933735,0.37206193809455723,0.16078076236543518,1.9726465,19
2020-09-17,0.017067432,0.36416844,0.05071101,0.032370247,0.36039633,0.17528659,0.015448959064493431,0.3201463972076016,0.045120235488355094,0.038989433717117855,0.36178497316423214,0.21851001050310698,1.9802681,26
2020-09-18,0.015790224,0.43252665,0.07465898,0.017993819,0.36737502,0.09165529,0.016343687665912005,0.4537202192005643,0.07642680067498749,0.019069740319321717,0.32318451634860684,0.1112550428084513,1.8480057,18
2020-09-19,0.24592267,0.3225915,0.063161016,0.015672648,0.31155202,0.041100126,0.30809223002819947,0.3556648552354845,0.07424945229140198,0.014194956588759152,0.20987921509133992,0.0379192733609797,2.0832987,8
2020-09-20,0.089369714,0.30408478,0.03911021,0.078682385,0.39003387,0.09871899,0.10102479703132967,0.26196082248893493,0.04089285288766712,0.09222023493949574,0.3789431990907185,0.12495806159793925,2.1646738,12
2020-09-21,0.056557305,0.4219889,0.053913403,0.023013841,0.35238487,0.09214173,0.06500056246766317,0.42696304043530325,0.04615735856589061,0.023464821677692094,0.32948225109270796,0.10893196924717086,1.9592439,28
2020-09-22,0.04124609,0.4268002,0.03492312,0.016173003,0.3900192,0.09083836,0.02872532193170867,0.42037111103693475,0.03623064469577961,0.015183115330201056,0.39524118958414306,0.10424860952344474,1.8233796,29
2020-09-23,0.020386841,0.37050077,0.07569167,0.0798778,0.35425478,0.09928811,0.01928073223719947,0.31189712645187384,0.08652734783260398,0.10321266311145333,0.3569716859825425,0.12211043505557005,2.0795362,31
2020-09-24,0.055889852,0.42358392,0.044118002,0.042817887,0.26629633,0.16729404,0.04629289706748926,0.4045601418062123,0.04123393669917417,0.04994772917745657,0.24556283673543067,0.2124024549031108,2.0906613,26
2020-09-25,0.05513225,0.43088242,0.028997604,0.050169434,0.2829432,0.15187511,0.058166083828103635,0.4283937181688022,0.02907723252411937,0.04661803436400881,0.2672922763912451,0.17045263438037592,2.0468836,27
2020-09-26,0.12920974,0.67062765,0.025214681,0.014361658,0.12424486,0.03634143,0.14966958575894596,0.6348214076828995,0.02746575170004404,0.014601239234691133,0.13551769188700383,0.037924330575055315,1.5374262,9
2020-09-27,0.13962404,0.48747846,0.072167054,0.011845941,0.23523462,0.053649884,0.16840525676604132,0.49244700116005097,0.05503191644158397,0.012920216137131669,0.20614656370744083,0.06504902265836102,1.9689499,7
2020-09-28,0.07283217,0.5105643,0.021659877,0.041850217,0.28994077,0.06315268,0.10363121910292383,0.4471646891982976,0.022078477456949568,0.048661527558226336,0.3132395740408062,0.06522451669189071,1.8513345,17
2020-09-29,0.052557487,0.22754069,0.06366409,0.04819909,0.4980242,0.11001443,0.06380626895494984,0.2064759741619605,0.06583204803719395,0.037815658092299365,0.5060177600978735,0.1200522847862075,2.0243554,24
2020-09-30,0.037936468,0.21600251,0.04256557,0.020213122,0.61682564,0.06645669,0.04523129942844983,0.17588632054073453,0.0407607483318905,0.01887697291131402,0.6457493577433947,0.07349530985770217,1.654157,25
2020-10-01,0.05979433,0.3870091,0.033889025,0.04908001,0.4136753,0.05655217,0.08162339003690768,0.41050326378029456,0.02976686834400491,0.06871291949960316,0.3530570310041606,0.05633652468787008,1.9130979,25
2020-10-02,0.026014334,0.47717693,0.035391077,0.021846885,0.28699616,0.15257463,0.02393370130866173,0.454174857909176,0.03768574854437395,0.023778685666952872,0.27505199940726094,0.18537498336888406,1.8681084,29
2020-10-03,0.015185695,0.2378021,0.04063226,0.019734396,0.56979454,0.116851024,0.016696485600295814,0.27959903452867096,0.037731383764512426,0.02207462417796212,0.5163843671545891,0.12751411725497575,1.7083324,9
2020-10-04,0.030722199,0.33785024,0.11356478,0.023509912,0.3487089,0.14564393,0.036122293689342354,0.33082650380137074,0.13932516317318203,0.02112977834773625,0.31440712815936356,0.15818909917337864,2.10172,8
2020-10-05,0.013199761,0.28348532,0.08307471,0.016341694,0.45710284,0.14679566,0.012565948401581773,0.25138914096964476,0.08916701057035362,0.018990058265713587,0.46049411980072785,0.16739372321586765,1.9157615,30
2020-10-06,0.029907545,0.257612,0.0658968,0.057939377,0.5322631,0.056381173,0.03173584390677831,0.23640057229404918,0.07033110740390987,0.0682351077381034,0.5387371383000487,0.05456021620054659,1.8703079,27
2020-10-07,0.029968487,0.3240445,0.048477963,0.05727695,0.4624912,0.07774089,0.031126059455590147,0.3055133879208271,0.044934817571916426,0.06445813252461861,0.463592434320028,0.09037517309936814,1.927475,35
2020-10-08,0.021644715,0.40501788,0.05743769,0.05021102,0.349061,0.11662768,0.017863926697119926,0.3157289006397799,0.06657319198009162,0.06300794846707981,0.3915215356521856,0.14530448283805547,1.9928445,27
2020-10-09,0.056117963,0.2895672,0.049094845,0.036195885,0.46132752,0.10769659,0.0671956736445042,0.27366217329422415,0.051511462031827104,0.03998509236873245,0.48509876080157865,0.08254684672655303,1.9988768,23
2020-10-10,0.021815252,0.20052333,0.026936254,0.010348795,0.40085426,0.33952215,0.014176225805460692,0.10850738744792685,0.027398096599952616,0.008321443673410102,0.3962283851048681,0.44536849980086674,1.8517162,5
2020-10-11,0.22553928,0.46471378,0.048680197,0.01770771,0.17224042,0.07111862,0.3251492951778394,0.414807628146461,0.039408839614407554,0.015353977471347972,0.1327250360200367,0.0725552073722143,2.021965,12
2020-10-12,0.015876649,0.3168303,0.0423787,0.044701282,0.46224463,0.117968425,0.0147446923659833,0.2847407015238747,0.0441944978470028,0.05106459644465794,0.4881170301402728,0.11713848066674708,1.892319,26
2020-10-13,0.020330274,0.43345064,0.044853054,0.019360151,0.37846264,0.10354322,0.019221897551051956,0.45843831579987854,0.03695834564654356,0.022286307528829114,0.3373591784370733,0.12573596466338394,1.8173658,20
2020-10-14,0.0145536065,0.3007216,0.054138824,0.034466527,0.5292848,0.066834636,0.013030172016412624,0.23919394757727067,0.05937899133612708,0.038356898720868504,0.5763451557484792,0.07369482119431565,1.7520423,27
2020-10-15,0.027108168,0.45752576,0.02139868,0.03781236,0.2843901,0.17176495,0.024027096931768306,0.44312676498101694,0.020414141960253936,0.04152418803457638,0.2747529790648515,0.1961548368842831,1.9070117,22
2020-10-16,0.06725255,0.2893978,0.04756166,0.060351163,0.45082402,0.084612794,0.037239791583661676,0.23043188213341848,0.05643730031794844,0.08792074543854664,0.4832767831823423,0.10469351758600666,2.0526695,19
2020-10-17,0.103491746,0.2758334,0.098361894,0.012248095,0.34853336,0.16153151,0.04631332255133792,0.24675960363353627,0.11968379810450935,0.012312166340694312,0.3970213793105923,0.17790975202067302,2.2129252,9
2020-10-18,0.096060224,0.3529214,0.08906814,0.015619657,0.27990836,0.16642225,0.12608202831435225,0.3204826237388109,0.10788449186013162,0.016545361047488064,0.21859057824525321,0.21041491101435472,2.2041802,7
2020-10-19,0.01436776,0.27081025,0.042861547,0.06121667,0.4974061,0.11333772,0.013713031146315635,0.2716308504702908,0.04070237904012594,0.048108164065731755,0.4888136039261693,0.13703198980188755,1.8969624,24
2020-10-20,0.027322078,0.30694193,0.076779686,0.108197436,0.3772588,0.10350005,0.023914555670677348,0.2723238382922794,0.09055479966711279,0.09274055265051444,0.40134409374485275,0.11912215265258999,2.1656232,20
2020-10-21,0.02395841,0.40343913,0.037028488,0.057567053,0.38299114,0.095015764,0.024674565552070052,0.41055262965542705,0.032570975537513966,0.06440477648193016,0.3620821715159576,0.10571487795920483,1.9234258,28
2020-10-22,0.023585537,0.33187306,0.027803645,0.0149995955,0.42851934,0.17321883,0.022220727820575176,0.3497550574993808,0.02352075695759059,0.015335539870127847,0.3747455611327985,0.21442235522850642,1.8522198,24
2020-10-23,0.018788166,0.38207838,0.10046429,0.03976797,0.34832528,0.11057591,0.0186622012174204,0.36183019307193454,0.08848400687496959,0.04900569304164399,0.33986320482491544,0.1421546969268875,2.0374157,23
2020-10-24,0.018898256,0.1953083,0.0656097,0.20151123,0.34499553,0.173677,0.019872015449983745,0.20329686133017813,0.07786070198727954,0.08556766860624794,0.40724005202109326,0.20616270148428004,2.2602472,5
2020-10-25,0.20689608,0.6231392,0.017935246,0.014976119,0.08057863,0.056474783,0.26267177109282724,0.5474753509563812,0.019833899677202504,0.015263652307188486,0.09083658699317282,0.06391878884885431,1.6172472,7
2020-10-26,0.04770257,0.5364569,0.025684405,0.06241559,0.26464963,0.06309091,0.04318857009310559,0.5288261035467043,0.023801066659258196,0.053439004420745485,0.2743090790127554,0.07643617517110592,1.8359302,21
2020-10-27,0.060637694,0.36930352,0.027267968,0.015665457,0.35549086,0.17163447,0.07254664390783139,0.3665753160393136,0.02471861980399407,0.01596321659290133,0.3301012314292419,0.1900949498648371,1.9783968,20
2020-10-28,0.02849664,0.3237321,0.03264254,0.059671562,0.44287547,0.11258169,0.02636534783284247,0.3129186040330765,0.028760305575959426,0.07403569841779398,0.426270040856896,0.13165000659481094,1.9519917,28
2020-10-29,0.018005311,0.41440853,0.048946735,0.073771305,0.37409866,0.07076946,0.017632204778635207,0.3905672236867967,0.05456803823368168,0.090357179811464,0.3682484056607653,0.07862695125686259,1.9225498,33
2020-10-30,0.086798355,0.42226872,0.021257859,0.0132024195,0.26624444,0.19022824,0.08857336028528573,0.3747887025368051,0.022696363210464594,0.013723749143328473,0.28268692887848557,0.21753088786709335,1.9955515,19
2020-10-31,0.0123050595,0.21596253,0.03659904,0.040526044,0.55995965,0.13464765,0.013546004373899056,0.26926392086788764,0.03162407455327566,0.03129497218876105,0.5260413334031356,0.12822967497200213,1.775647,7
2020-11-01,0.03842158,0.4623356,0.02673364,0.015647503,0.40448573,0.052375954,0.03044744009147936,0.39584197991068165,0.03028153798384712,0.014962655326264727,0.46802729247987174,0.06043909514706328,1.6798215,13
2020-11-02,0.02069307,0.3664522,0.032204445,0.027787248,0.40534347,0.14751956,0.02109518862579516,0.3507341057539336,0.029506552716697082,0.033643796623069606,0.390378870114313,0.17464147536920693,1.8851538,32
2020-11-03,0.016161514,0.278958,0.052310392,0.024472203,0.5035303,0.124567576,0.0157992369270948,0.2548161033852512,0.056660358091047996,0.024528498732932946,0.49857726850232087,0.14961853771497985,1.8363991,26
2020-11-04,0.057588335,0.29348958,0.031110145,0.07331366,0.36382923,0.18066905,0.08298414528624751,0.3210295098750234,0.025735030157725398,0.09190855760100405,0.283029815867114,0.19531294487929562,2.1650538,25
2020-11-05,0.020289732,0.31544486,0.04064218,0.049825393,0.38497669,0.18882117,0.01692690349330772,0.3023585182471707,0.0391856433368845,0.0513867856578097,0.36892282869034243,0.22121931727161176,2.0268285,40
2020-11-06,0.018586317,0.3118723,0.06889122,0.059208658,0.4482107,0.09323081,0.018184748626737416,0.31634926299103094,0.06879535170534738,0.07067906354945244,0.42882350427822746,0.09716806955992774,1.9765068,32
2020-11-07,0.15830351,0.5160861,0.028166164,0.016568372,0.24309866,0.03777715,0.1438803011887025,0.5393496792508139,0.026088148274507113,0.01595796478182732,0.23698278927677277,0.037741092222026866,1.8311001,10
2020-11-08,0.022627015,0.48362944,0.028543783,0.1190221,0.20739777,0.1387799,0.018332697570228196,0.4859298169592028,0.03087952239492376,0.14802203476397188,0.1626029408187436,0.15423302808727363,2.008558,9
2020-11-09,0.015230065,0.25539812,0.04353924,0.04614872,0.46239948,0.17728439,0.016149180562786584,0.26589714460043673,0.04007785916117191,0.029661369489438406,0.41925298974341857,0.2289614582298663,1.9535505,31
2020-11-10,0.06613446,0.3989774,0.03927784,0.015676843,0.3492668,0.13066666,0.03728855122757828,0.29107851216753067,0.04752128349425237,0.015729048046875405,0.4778329820581237,0.13054963834726085,1.9791458,23
2020-11-11,0.02059607,0.36146644,0.027997838,0.08435545,0.38913715,0.11644704,0.019396798757240378,0.3666041609930866,0.02578513014139184,0.0970237396666995,0.3465669078655388,0.14462326513796622,1.9824975,27
2020-11-12,0.02486693,0.34754592,0.026217856,0.024858404,0.39242348,0.18408743,0.019921010853558945,0.3060170151464288,0.025631343964706833,0.022239650481585087,0.39638693061314545,0.2298040508165069,1.9117103,25
2020-11-13,0.051470872,0.4003963,0.042924076,0.035291597,0.36047503,0.10944213,0.06472574411525278,0.37030434444800925,0.04585732157329657,0.04805088661585745,0.3459207701130212,0.12514092983177388,1.9941956,29
2020-11-14,0.09630447,0.15238208,0.10352455,0.009870657,0.57371974,0.06419852,0.150240601047794,0.09868166823333029,0.14560777088089025,0.010190815617088672,0.5512412317574692,0.04403791306461792,1.8574353,5
2020-11-15,0.021797756,0.5232404,0.029463315,0.074792415,0.2223775,0.12832862,0.021960029340311576,0.4797457585676662,0.03322088552020337,0.09266584509345079,0.23130678991119458,0.14110067986813382,1.9013143,11
2020-11-16,0.014094439,0.25180042,0.040327955,0.05011511,0.4822483,0.16141382,0.014399422803140412,0.2567834988068371,0.035590359293910676,0.07201961529153435,0.4484780405631568,0.17272908167347403,1.9229913,20
2020-11-17,0.04375886,0.3052266,0.05498509,0.07992842,0.42344114,0.09265986,0.05812290735068672,0.29089806924172334,0.07088577440798599,0.051598130072051794,0.4027884843483352,0.1257066380872691,2.0845242,22
2020-11-18,0.022613931,0.2903518,0.049938124,0.052370124,0.4719857,0.112740315,0.024355597193562454,0.27928680869503236,0.05194908417531056,0.06189843990342135,0.46391644353396005,0.11859363977332406,1.9466641,31
2020-11-19,0.079425655,0.42593133,0.04456772,0.040660426,0.34643382,0.06298101,0.08052235102052097,0.3693911994626615,0.07217262295008776,0.0340929570615918,0.3835851851752183,0.06023568364249403,1.9836131,26
2020-11-20,0.07477353,0.3882228,0.05802613,0.014516656,0.38599783,0.078463,0.10013701882744921,0.3189954847473387,0.07246729579366444,0.014117294101672834,0.41019624670345955,0.08408664059185919,1.9548645,30
2020-11-21,0.022815727,0.4133908,0.09028789,0.020274583,0.42806938,0.025161631,0.018756230801329318,0.40304337334773405,0.11700111879926767,0.022076951513066004,0.4137531451950155,0.02536918711756168,1.7362003,9
2020-11-22,0.13223673,0.36657208,0.041231796,0.019114124,0.38012585,0.060719416,0.1644659954817208,0.30428375971450566,0.045308083366066246,0.01963997034518915,0.40038799615689175,0.06591419884265777,1.9913615,9
2020-11-23,0.0404991,0.27103928,0.03364404,0.04467892,0.41183335,0.19830534,0.056287637626477635,0.24329449761979965,0.030083479974983566,0.05067646690375732,0.3630268580935928,0.256631064709144,2.0527964,27
2020-11-24,0.043614957,0.3270673,0.04440706,0.06114943,0.41751108,0.10625019,0.07833814352430178,0.358869047411819,0.03659326303636277,0.0723388389536603,0.3530578587789119,0.10080285093485061,2.040264,24
2020-11-25,0.043438908,0.27064863,0.035513952,0.04326159,0.453547,0.15358993,0.05297419297090312,0.24768531833137059,0.033077393107811284,0.051433208362009236,0.4346729565061618,0.18015693192767895,2.0063698,32
2020-11-26,0.019206215,0.34956962,0.035056412,0.07316146,0.37821808,0.14478825,0.018380533027301634,0.34734738571395596,0.029279379529396927,0.11057322689647435,0.30362187613378533,0.1907976264833002,2.0192764,25
2020-11-27,0.01669072,0.41064823,0.04038815,0.014319073,0.33809802,0.17985584,0.01575480125922204,0.38695471696431893,0.04266884152297716,0.014413296077818867,0.31554532803409807,0.2246630280448791,1.8746583,22
2020-11-28,0.022206306,0.2265948,0.041839343,0.09268707,0.5605575,0.056114975,0.02161664159366294,0.18461731622997826,0.04505371459004367,0.11938115590313834,0.5707780016373889,0.05855316371179916,1.8182236,8
2020-11-29,0.015231528,0.20657776,0.05218526,0.119956225,0.53104085,0.07500843,0.013970461007248344,0.17488069702704323,0.053825558653098196,0.15026450580150127,0.5288186224660244,0.07824019501056406,1.9164691,9
2020-11-30,0.022196654,0.3251894,0.08992757,0.015351312,0.46563622,0.081698835,0.02465315506087689,0.2899571482966234,0.10848368396986131,0.01459377241048073,0.47874170761544244,0.08357053780473525,1.8626516,27
2020-12-01,0.014228666,0.19152485,0.051289372,0.04788635,0.51096874,0.18410197,0.01463468483640032,0.1776757781531216,0.053366814590901535,0.04114645344602578,0.5076090551250586,0.20556721354881952,1.9181378,29
2020-12-02,0.039449416,0.23647034,0.043351267,0.027209964,0.51092726,0.14259173,0.053898952521970744,0.23247861666062355,0.04363639983953668,0.025149009878905594,0.49057253296184294,0.15426447894121073,1.9093571,32
2020-12-03,0.06169062,0.2963327,0.038038168,0.06071959,0.35578737,0.18743157,0.07565227643605213,0.29802859687597333,0.03290331675520519,0.08286285608016361,0.32301051301025796,0.18754244290737587,2.175915,33
2020-12-04,0.02166206,0.29212657,0.048507534,0.041342806,0.44427788,0.15208311,0.02337847737864043,0.2541163654115405,0.05414129064115438,0.028320846110418862,0.4568010370187441,0.1832419714309685,1.9734048,36
2020-12-05,0.015383996,0.40076962,0.034008063,0.021173492,0.37863487,0.15002993,0.014897226152786623,0.3617730617093093,0.028561554715671112,0.023560563298122582,0.40989726714221175,0.16131030957191553,1.8460721,10
2020-12-06,0.016918104,0.32215115,0.05280856,0.0973394,0.45327967,0.057503078,0.018016295320861395,0.34885822224560775,0.0558941126422065,0.07849275181405525,0.42811101775252147,0.07062758147894976,1.9315928,11
2020-12-07,0.034768634,0.30448028,0.048630428,0.016571365,0.5380989,0.057450444,0.041963076515536206,0.3277603572991607,0.04311590720281302,0.01673824680973867,0.5043111461044969,0.06611127671230568,1.7188746,27
2020-12-08,0.021695383,0.33684295,0.03697542,0.06286128,0.43977925,0.10184573,0.02342434954824564,0.33931363808575227,0.036246368251209665,0.08152489370115935,0.41328482974216574,0.1062059276125939,1.9323581,26
2020-12-09,0.046894196,0.4109327,0.048595365,0.016493024,0.37867448,0.09841028,0.04103663985093605,0.4248925316824516,0.045346884523929515,0.016662201324253896,0.3643068934713809,0.10775485519025631,1.9036428,35
2020-12-10,0.054050807,0.41287643,0.039451063,0.047558445,0.38107395,0.064989306,0.06572731420422548,0.43558184484586965,0.03925538381669115,0.06238212841562974,0.3297231165812429,0.06733021001337278,1.9341159,26
2020-12-11,0.040404018,0.40810823,0.029254928,0.052254286,0.37243807,0.09754043,0.03980539202402241,0.3943507487440219,0.0262190536742291,0.10321869121238712,0.34420210759595105,0.09220400349649958,1.9445165,33
2020-12-12,0.023586031,0.41700825,0.022666434,0.10788298,0.22310385,0.20575245,0.022116907900560517,0.5174124716882813,0.02085501427465355,0.06874644096346062,0.20230493746978997,0.1685642410705692,2.0762799,10
2020-12-13,0.029174976,0.39767572,0.04087144,0.011306869,0.38756463,0.13340636,0.03230132864041845,0.40253047051922897,0.044048659214039394,0.011625138741353677,0.36744545706675924,0.14204894772170046,1.8571405,8
2020-12-14,0.01808752,0.4422444,0.030335572,0.048878323,0.31632036,0.14413382,0.018176462097813845,0.4256285195885456,0.028574790684335417,0.09374060411121288,0.31604214599543845,0.11783745929484397,1.9191391,30
2020-12-15,0.021091212,0.30173695,0.08406288,0.032509558,0.40612072,0.15447867,0.021709380886283495,0.3396623981502264,0.05777121871402987,0.03700649593360181,0.36514873565130795,0.1787017737018955,2.0442235,29
2020-12-16,0.024335284,0.17066796,0.040980376,0.07677457,0.5541953,0.1330465,0.020089993472832548,0.17768923052088442,0.03557926930657743,0.09529791692759777,0.5228479245416862,0.14849565583312466,1.8980556,37
2020-12-17,0.06396588,0.19050822,0.046865303,0.04244025,0.54412144,0.11209885,0.06300350213212023,0.17990641499703644,0.048316088652083096,0.034279767990481366,0.5608724821749687,0.11362174414712516,1.9414725,39
2020-12-18,0.019976139,0.3105382,0.040437914,0.038831383,0.4682397,0.12197666,0.017827843222332336,0.2904951564445456,0.0360340842410477,0.04876113394924574,0.4598787957541036,0.14700297289353664,1.8886561,32
2020-12-19,0.07551811,0.23337178,0.03196111,0.014031943,0.45378876,0.19132833,0.04732643963175976,0.23455965318097904,0.03534277640588036,0.011876540534917221,0.4713240324692778,0.19957056124068245,1.990275,12
2020-12-20,0.014064641,0.2299419,0.036832623,0.027500328,0.5206775,0.17098302,0.013832963797932597,0.21973887180740212,0.03179167141337414,0.027770991995069317,0.49599131370538974,0.2108741855932034,1.8180681,13
2020-12-21,0.021785941,0.47250515,0.04814298,0.015640069,0.35000277,0.09192311,0.022223128184377154,0.46977932205076245,0.04766373577565927,0.017127718805958207,0.3578592408466757,0.08534685371319932,1.7824785,37
2020-12-22,0.030308632,0.30906492,0.038805995,0.024316719,0.49183646,0.10566723,0.03865577342888928,0.25793520360050765,0.04005682250306789,0.02334080582547481,0.5126352853347255,0.12737609102333883,1.8348649,24
2020-12-23,0.05013621,0.42625016,0.03311796,0.013740361,0.32094976,0.15580557,0.0378519052356468,0.3970461167174367,0.03516260858327998,0.013317063651999299,0.31800250720688605,0.19861982008232026,1.9328009,23
2020-12-24,0.08285903,0.37542298,0.030889615,0.056636605,0.34058532,0.11360641,0.060040814205818964,0.3644712367796825,0.03332963874995535,0.08009524950342622,0.3340939323647366,0.12796910676147782,2.1036396,25
2020-12-25,0.047058277,0.360399,0.02646839,0.04188384,0.39270017,0.13149029,0.05861636648031185,0.3587646897003997,0.024995900851652722,0.042374774189892425,0.3823012228791095,0.13294705439702467,1.9829562,17
2020-12-26,0.042163067,0.33003542,0.04616706,0.014081202,0.36304197,0.20451128,0.04955614830716624,0.31883510167253504,0.050887930573796036,0.012825964529343002,0.32198553168180283,0.24590933947276683,2.0108383,8
2020-12-27,0.10253362,0.0982882,0.20583732,0.04300256,0.40905446,0.14128381,0.1268910335131083,0.09213650855566971,0.17791631113836207,0.03218107026103059,0.40601710845960276,0.16485795531621436,2.2568886,10
2020-12-28,0.01398407,0.26427254,0.07896143,0.025532158,0.5279323,0.08931752,0.013345327065507078,0.2402077175989664,0.09447462424600045,0.028867075727366503,0.526634531585229,0.09647072156559654,1.8156304,25
2020-12-29,0.016377797,0.29915905,0.027388815,0.04208336,0.4292214,0.18576959,0.01777133830605548,0.3073823355362879,0.023296345667405096,0.0551695123602432,0.36400909053704095,0.23237138307032904,1.9273614,17
2020-12-30,0.019946864,0.25592142,0.026098993,0.15685442,0.4079463,0.133232,0.01912020050937603,0.260455380380204,0.022581007292334438,0.17592802902162027,0.3530311608701658,0.16888422754479163,2.0874598,26
2020-12-31,0.012088614,0.13690698,0.06584535,0.2009772,0.52263147,0.06155039,0.012338129086806043,0.12913821881488544,0.06037297799234576,0.23922006040149169,0.48785778713269135,0.0710728346659181,1.9302403,16
2021-01-01,0.023011805,0.34432805,0.066616915,0.015093402,0.49888265,0.05206724,0.028540960106451636,0.5112814791813746,0.05076393350234025,0.014632617384134605,0.3446752654424394,0.05010578107522996,1.728976,6
2021-01-02,0.019837763,0.34476432,0.05737006,0.07621296,0.44318396,0.058630913,0.01722293127239032,0.246570548284252,0.0708640801845657,0.07119583504629817,0.5291706478009922,0.06497595328376196,1.9217091,14
2021-01-03,0.056585964,0.36486015,0.026550574,0.033456948,0.30990583,0.20864053,0.062010762128141106,0.44502860842854314,0.020975052918547992,0.02352495553534406,0.21539059616410824,0.23307000198301187,2.0636535,12
2021-01-04,0.016244616,0.2957583,0.033592034,0.09974633,0.441405,0.11325371,0.014597663318049842,0.2354704686192135,0.03502139011128236,0.14642842357439143,0.4729443718615872,0.09553767364815802,1.9891934,20
2021-01-05,0.014156956,0.23031265,0.03811368,0.044011366,0.42472523,0.24868014,0.013555915215094038,0.21739772360465312,0.03841248050214645,0.05204911903637623,0.42818693756531584,0.25039783810969,1.9767653,29
2021-01-06,0.05255313,0.37811413,0.047355924,0.097403154,0.29421496,0.1303587,0.05807445847239914,0.3539231351884053,0.04975449943496051,0.11361843690355404,0.2768063472164756,0.1478231226429611,2.192022,28
2021-01-07,0.034619935,0.44575426,0.028643452,0.016879061,0.28144863,0.19265467,0.039867351164367494,0.44454721144707127,0.029437554379795224,0.016380862831766724,0.28501342775725663,0.1847535957007824,1.9063178,26
2021-01-08,0.020939197,0.42403245,0.024598826,0.01563446,0.34535587,0.16943918,0.0211858126128273,0.46186143872811564,0.0203698301985085,0.01562614578124694,0.28382764091935364,0.19712911820286624,1.8306026,21
2021-01-09,0.09329716,0.42222807,0.043791797,0.034294296,0.36610046,0.04028823,0.10342922346937358,0.4748642424750527,0.04189961585242251,0.026072240647178613,0.3108273880361749,0.04290728612029413,1.9263971,7
2021-01-10,0.07821716,0.2972088,0.033605207,0.018534167,0.4997316,0.07270308,0.09665104019251887,0.21453865334879438,0.03593315081574446,0.01726081919151607,0.5681460337098838,0.06747028227291597,1.8540177,10
2021-01-11,0.013887166,0.26837897,0.059465367,0.030122332,0.40602183,0.22212432,0.012982989903066133,0.24556172718800082,0.06674772086637235,0.03457849634036059,0.39431898407163096,0.24581006571396805,1.9994298,29
2021-01-12,0.055698957,0.21215984,0.055824056,0.015245566,0.5817364,0.079335205,0.07597725354260668,0.19095689429286433,0.05195060058587963,0.015023475399583265,0.5774048412234132,0.0886869162202416,1.7757199,26
2021-01-13,0.0264363,0.2558705,0.049276177,0.030739987,0.4846538,0.15302324,0.02334195283068395,0.22447612114011287,0.0539160854550978,0.02764791848540034,0.5084474851130502,0.16217043347328322,1.9310334,40
2021-01-14,0.050693247,0.44984558,0.045776233,0.014891681,0.3610593,0.07773396,0.06847453634355943,0.47446522183330175,0.04350432034984849,0.015130609037449769,0.310453568300916,0.0879717473260223,1.8477048,30
2021-01-15,0.019159945,0.40078688,0.024115114,0.11771303,0.31974113,0.1184839,0.01914465507059202,0.36530753160797363,0.020074924524937053,0.16227291102202449,0.29383278159204457,0.1393671754090385,2.0215142,26
2021-01-16,0.11198325,0.37779674,0.018292218,0.016208252,0.3155989,0.16012067,0.23944626547677048,0.32232854076764045,0.018495301796756028,0.019556992964322093,0.25843692296105847,0.14173599073220525,2.0345156,9
2021-01-17,0.02562291,0.26986077,0.094128005,0.030970357,0.53840435,0.041013654,0.025170828050072206,0.2548722060798827,0.11713598747131505,0.024510777775342753,0.537114350580351,0.0411958758897476,1.7914745,15
2021-01-18,0.037879903,0.36564705,0.035862245,0.0206121,0.36683443,0.1731643,0.03163403400937382,0.35989630178694476,0.030952266226086607,0.02345102861851132,0.3840935131386226,0.16997284334154172,1.9660413,24
2021-01-19,0.014766546,0.15733264,0.05270744,0.08681024,0.5039819,0.18440124,0.015964072789680754,0.16058053022642457,0.045561892546211624,0.0831751197544538,0.44960492959136567,0.24511346522779734,1.9874476,21
2021-01-20,0.06559272,0.3420615,0.03619846,0.01519031,0.39540434,0.14555266,0.055734243231747235,0.380978029474653,0.034454578424456477,0.01455478072789446,0.359527737395246,0.15475060671831434,1.986256,24
2021-01-21,0.042014927,0.43678993,0.031116316,0.0411789,0.3405031,0.10839683,0.05186657407573527,0.44845796743461763,0.02695929707306921,0.05767324145191019,0.2792033605189078,0.13583955470255193,1.9360766,32
2021-01-22,0.03136991,0.3382951,0.039804775,0.03550714,0.45600754,0.09901554,0.025966761150984917,0.27674885643810826,0.04392962179585897,0.039410343688519936,0.5040369536721274,0.10990745834998729,1.8887054,21
2021-01-23,0.023096828,0.39277968,0.070562966,0.018289046,0.44313982,0.052131664,0.021828838461459516,0.3331796468331373,0.08887620423796122,0.02024660612056421,0.49126139023579934,0.04460731123751681,1.7730756,6
2021-01-24,0.02048767,0.3381802,0.12830526,0.008119152,0.41217533,0.09273236,0.01888676681456348,0.29124706188790356,0.13919639340660386,0.00789956230496663,0.4426236662092365,0.10014651672500852,1.9255258,5
2021-01-25,0.013198663,0.31855503,0.028366381,0.054041594,0.34733513,0.23850316,0.012079821643261181,0.30400378196460087,0.020193659591186925,0.03561527204396473,0.2574480921995768,0.37065935937752814,2.0045414,21
2021-01-26,0.05787428,0.25537354,0.040690456,0.025563778,0.43380323,0.18669471,0.0726268607936688,0.23633186810840848,0.04007354812874377,0.024579984500344564,0.41829180134205496,0.20809592197051957,2.0387294,28
2021-01-27,0.015045518,0.2937423,0.021917196,0.017154798,0.35618052,0.29595965,0.014296794624376089,0.29345090588844147,0.019251288647646553,0.01800626906950213,0.3267603388292988,0.3282344043268607,1.8819948,23
2021-01-28,0.044983633,0.36493906,0.03285964,0.06839667,0.38882616,0.0999948,0.0379687010201044,0.39095746090513467,0.031942140182048336,0.04858879899344767,0.3835456106098369,0.10699727838911412,2.020682,39
2021-01-29,0.050189074,0.33847734,0.055234212,0.044953626,0.44697848,0.06416725,0.0647508795614566,0.2990543652897724,0.05434422762685714,0.057168830916883705,0.4494574521671941,0.07522423890857817,1.9511039,32
2021-01-30,0.12051914,0.29738432,0.06717346,0.11536277,0.374808,0.024752282,0.14245383984859353,0.33226807887006593,0.06369837791023346,0.12568111081302585,0.31523506470866325,0.020663521082041388,2.172085,11
2021-01-31,0.0659748,0.20115463,0.05460237,0.043529034,0.5807884,0.05395077,0.08122867822041728,0.1682066550102623,0.05514653531551081,0.048207577429717,0.5973862794122007,0.04982425939479245,1.8325708,12
2021-02-01,0.02728411,0.38547277,0.041614495,0.053172205,0.38501775,0.10743863,0.030649246921433376,0.389090505217219,0.04298047828823195,0.048113271595624216,0.367126332871993,0.12204015991055922,1.9638196,37
2021-02-02,0.01732744,0.28171414,0.07814864,0.017345618,0.49160662,0.11385755,0.018057275751692244,0.297980314147639,0.08439975001071759,0.018847999562043027,0.4604420766043295,0.12027257739989347,1.8656515,31
2021-02-03,0.038368452,0.29304436,0.06649425,0.06336991,0.40939716,0.1293259,0.04882207230691829,0.31153995426486464,0.07788586336954943,0.06489752111195535,0.37577191561022416,0.12108266769796033,2.1207666,30
2021-02-04,0.040481735,0.37686798,0.04637694,0.014240365,0.26299462,0.2590384,0.039739147858620434,0.4089395143180825,0.03452110690148574,0.012887365459298809,0.22308544082192236,0.2808274274958582,2.0222595,27
2021-02-05,0.019396957,0.27507976,0.03683013,0.057621483,0.5023323,0.10873934,0.01861204333228519,0.29821415243741095,0.03209721446430276,0.07245124371084596,0.42617247259174457,0.15245288942742738,1.8822533,27
2021-02-06,0.014404212,0.4116337,0.019474737,0.020801404,0.36236545,0.17132047,0.013167196686656231,0.32164907426750844,0.02124408818414866,0.02414509371257164,0.4250014727630463,0.19479305522371798,1.8088499,9
2021-02-07,0.04397918,0.13201848,0.045853503,0.030619476,0.6199334,0.12759592,0.05681570375725797,0.15991758253629842,0.04480091088337852,0.022873317310741683,0.5803630456852563,0.13522939729028163,1.74841,8
2021-02-08,0.023594992,0.36423826,0.034342162,0.029425245,0.4358258,0.112573534,0.022451061179828997,0.3891130923844176,0.03264385770363529,0.03264645462818815,0.42123657383600027,0.1019089711682581,1.8518902,26
2021-02-09,0.067812465,0.2611364,0.09206286,0.014928437,0.459651,0.104408845,0.08204575624102785,0.2774777116159815,0.0967954278239711,0.013895239177639527,0.42696607947520254,0.10281980158368385,2.0322728,27
2021-02-10,0.022285251,0.40833467,0.028782085,0.045583062,0.3586833,0.13633165,0.02285650513252044,0.3918517409607589,0.02915708859835874,0.043303864312207445,0.37476029806100447,0.138070493635866,1.9228498,31
2021-02-11,0.023622023,0.35870877,0.058467682,0.028455159,0.4064022,0.124344155,0.02114275384556995,0.3509558698890794,0.06403534311829578,0.026654600669776426,0.3978496773705276,0.1393617565542452,1.9457374,29
2021-02-12,0.01619071,0.35565665,0.057056494,0.06116933,0.4241473,0.085779496,0.015384777535296901,0.33260413437659575,0.06696903071459812,0.0757233203514345,0.3969964300125619,0.1123223175953978,1.9378185,26
2021-02-13,0.010495312,0.30926934,0.04830695,0.012480321,0.5373519,0.08209618,0.01088888132490079,0.35711165763731373,0.04153360576861276,0.014009752253413617,0.5058980093643598,0.0705581014320978,1.6603014,5
2021-02-14,0.017787328,0.32592833,0.06919267,0.06254678,0.44781068,0.076734215,0.018636532627317886,0.35874456945551947,0.0731168648614467,0.06167412909317298,0.4165186620836937,0.07130925001023262,1.9505336,11
2021-02-15,0.029132973,0.36519495,0.044922564,0.018019697,0.39597255,0.14675729,0.032952734623669336,0.3414643840482394,0.04807683368137638,0.01879989285153658,0.40725227020691285,0.15145389339304616,1.9203655,32
2021-02-16,0.018522404,0.3380941,0.040886454,0.054000787,0.32452732,0.22396892,0.016526784021079644,0.3222331101122702,0.03608492574475765,0.06645700519065251,0.31906608877411224,0.23963209039436703,2.0618713,26
2021-02-17,0.026992988,0.3494102,0.029652273,0.014938809,0.41333196,0.1656738,0.024565308005699813,0.3288113664958332,0.031190527981928475,0.016375305316225483,0.4252952770578159,0.1737622257569849,1.8683653,34
2021-02-18,0.019351492,0.2833217,0.05117986,0.09469355,0.42178488,0.12966849,0.018038845399465365,0.30135477396388033,0.05675938036891048,0.07296617532499886,0.4164521252622958,0.1344286834006823,2.0745707,33
2021-02-19,0.022731623,0.36702168,0.08078322,0.041799292,0.40574104,0.08192317,0.021445704829243028,0.3411525265634862,0.08496828700827148,0.03560185777786462,0.4146347611070726,0.10219685410084592,1.9632429,33
2021-02-20,0.06910943,0.19695376,0.034930773,0.070614256,0.48259276,0.14579906,0.08251291198536885,0.2806944412522857,0.02842442347409889,0.08009206024361071,0.38518464570270955,0.14309153953323012,2.0794387,16
2021-02-21,0.03612897,0.46268395,0.10382203,0.020627812,0.3333295,0.043407727,0.038243436615084184,0.43299719318063257,0.1410232656194716,0.018521655851553215,0.32965619428151705,0.039558243179842266,1.8670932,9
2021-02-22,0.014503457,0.22444382,0.042600874,0.08223004,0.48843485,0.14778697,0.014384161918034726,0.22244822383170362,0.041762558165872536,0.05889250145308597,0.4853709488143914,0.17714161621759889,1.9753001,27
2021-02-23,0.048410147,0.4088962,0.032433864,0.022190988,0.4004414,0.08762735,0.04146082679515785,0.3958531064225047,0.033001544798394934,0.021089251305371266,0.41230445073670086,0.09629081166609427,1.8578879,24
2021-02-24,0.048601203,0.2897134,0.039504487,0.028009893,0.4958987,0.09827229,0.04716366300894032,0.3235702715387542,0.037845097435871916,0.030194494786298945,0.4491482271195538,0.11207824708905445,1.8891978,30
2021-02-25,0.08005311,0.31428528,0.035903376,0.036065616,0.3520167,0.18167593,0.07571895219901863,0.3293014791669921,0.02992447138047115,0.04014461422140035,0.31472863739463086,0.21018183850195585,2.138895,36
2021-02-26,0.02069067,0.3940191,0.036361318,0.05678069,0.397211,0.094937235,0.01995226228193373,0.35780877582973036,0.038691025787086754,0.06291007274428362,0.4188421267650875,0.10179573587287011,1.9056194,31
2021-02-27,0.022218106,0.6010644,0.035342287,0.038146682,0.26680997,0.036418565,0.01680935093984704,0.4390953084804849,0.06239921958939719,0.02960202272332438,0.4234820286949229,0.02861207483099427,1.5962683,6
2021-02-28,0.013599283,0.24079336,0.04633129,0.019536259,0.5314011,0.1483387,0.012835903293772608,0.23104089731346866,0.046689477896199746,0.01767362237510874,0.5162862937886041,0.1754738267630386,1.7882833,14
2021-03-01,0.03379128,0.16134116,0.059865188,0.05211798,0.57264775,0.12023661,0.04119638591107646,0.1825227619852059,0.05372374161472351,0.062148983573332685,0.539670739213088,0.12073739090077108,1.8830948,40
2021-03-02,0.07195157,0.19892488,0.052823994,0.019143045,0.51675254,0.14040393,0.06698775584614595,0.1703113695211504,0.05632867880857788,0.019762786235400516,0.5420313956911567,0.14457801207103294,1.9598441,36
2021-03-03,0.014995256,0.271394,0.025041794,0.046368383,0.37808353,0.26411703,0.01411219915722134,0.2465948374354704,0.023125148099503078,0.034618407114368886,0.36804832694912615,0.3135010934099386,1.9779938,31
2021-03-04,0.04834251,0.34485447,0.04347531,0.03219459,0.40075338,0.1303798,0.04181905938546974,0.3600183437495657,0.04074581762873506,0.03880272867756989,0.390194286908941,0.12841977624821713,2.0091097,36
2021-03-05,0.043495953,0.38641754,0.026136393,0.04325962,0.31177056,0.18891996,0.03708691263723207,0.3642677818072096,0.02309574216438425,0.05086124159270277,0.2878087677327081,0.23687957165008847,2.0386453,32
2021-03-06,0.022271099,0.49752846,0.023239728,0.010412865,0.16193147,0.2846164,0.021526603219277123,0.53293937309045,0.01744582618471885,0.010660568262331322,0.13361724611435039,0.2838103988266983,1.7593303,10
2021-03-07,0.01416921,0.13886529,0.043386266,0.030048106,0.5684076,0.20512353,0.013648839310702217,0.12510069208244,0.04174131547882433,0.03515498648504378,0.5561624502108893,0.22819174266351747,1.7629201,9
2021-03-08,0.013985194,0.24123481,0.046406567,0.20936404,0.33034134,0.15866803,0.013877000814013307,0.23306582132196635,0.050745535665544995,0.2209995988153946,0.3125630541509591,0.1687489897659782,2.2081902,16
2021-03-09,0.036670458,0.1711674,0.057195395,0.057055496,0.5865013,0.09140991,0.045476080337854746,0.18262844842475762,0.053354614331064774,0.054833373214538565,0.5558606542209396,0.10784683118374083,1.8495826,28
2021-03-10,0.03481574,0.25463384,0.039751593,0.107016936,0.47554058,0.08824132,0.04017508528261706,0.25611378071749974,0.03591368753533769,0.13409630340067308,0.4368734896686868,0.0968276547136074,2.0201695,29
2021-03-11,0.021887667,0.16535349,0.041191828,0.111983396,0.49683982,0.16274378,0.019533198261267506,0.14543037156954342,0.04177076132010694,0.11452512685722883,0.49869775630878765,0.1800427730591492,2.0209258,38
2021-03-12,0.029381096,0.2570464,0.043564066,0.14478865,0.4216869,0.10353286,0.03148883704044015,0.26642193633325545,0.04414519756914379,0.14706008623613356,0.4113098521662107,0.09957407205164459,2.117975,29
2021-03-13,0.013357979,0.1284999,0.054108497,0.27888992,0.38196287,0.14318082,0.012723439164704926,0.11082483161321331,0.046382846638806825,0.3062729511456493,0.35819406128499176,0.1656018498857966,2.1368635,14
2021-03-14,0.021498183,0.35648876,0.02892679,0.1100165,0.36999616,0.11307354,0.02137649865865369,0.32715841182647437,0.028317892025391554,0.13189870909809526,0.3540548936125505,0.1371935656098152,2.034054,10
2021-03-15,0.02810079,0.25847185,0.043833155,0.01655702,0.5249693,0.12806793,0.03189284267412142,0.21882571477036983,0.04916987954120693,0.017697300967144655,0.5626775292752477,0.1197367395750126,1.812838,33
2021-03-16,0.070821,0.3525582,0.072108895,0.061032686,0.3040282,0.13945104,0.08052323851499726,0.3270480936534462,0.07864513577576107,0.05753997986028923,0.29467366079064494,0.16156990721362474,2.2391448,36
2021-03-17,0.054773133,0.16608445,0.050439492,0.057660036,0.5261677,0.14487517,0.0532520587135883,0.15820213861884105,0.04954469470204086,0.05961150856585572,0.49203364581306985,0.1873559470953125,2.0056143,39
2021-03-18,0.041426618,0.23943461,0.078911796,0.052959546,0.4329859,0.15428151,0.035574104936389295,0.21712560342406517,0.08517342870180647,0.06847918893535725,0.3973163402010909,0.19633132343954032,2.136542,41
2021-03-19,0.024329446,0.24544442,0.057111662,0.061989814,0.44446376,0.1666609,0.027855366073505708,0.2580115832251154,0.05493801311873604,0.07408880629485656,0.4069243731446159,0.1781818593992031,2.063184,34
2021-03-20,0.099248596,0.27205706,0.04560527,0.053325444,0.39365026,0.13611338,0.0860020183582189,0.29278151580162,0.042296953712910826,0.046898092641440334,0.35136434685744894,0.1806570669781137,2.1914551,12
2021-03-21,0.014316922,0.13785204,0.049261197,0.049767517,0.6250376,0.12376472,0.015462315811983153,0.14405629077466084,0.04423445864218428,0.05816989703525356,0.6144316517856263,0.12364538459142393,1.708021,16
2021-03-22,0.019073162,0.45875862,0.036694918,0.028403845,0.36820236,0.0888671,0.01819819582403629,0.44535922471898826,0.036926404813673284,0.029091981904480226,0.36793858816741676,0.10248559933853342,1.7866689,33
2021-03-23,0.022947107,0.35964996,0.041986417,0.04234029,0.31467837,0.21839789,0.020013757400945447,0.32762259813799505,0.04170622974944187,0.041138143380364096,0.3104586369900855,0.2590606465889077,2.0450315,32
2021-03-24,0.018883074,0.34673968,0.06466332,0.018145189,0.34580153,0.2057672,0.018004129335446848,0.3464848228989849,0.05120055697626206,0.019668185189057445,0.32799779983468585,0.2366444917940763,1.9975187,34
2021-03-25,0.03391033,0.32364672,0.03974624,0.02141576,0.46583092,0.11545002,0.03549295382933174,0.36338431913930386,0.03602853274238021,0.02153740538795486,0.41215174136284216,0.13140503671830717,1.8689774,32
2021-03-26,0.028964028,0.24305785,0.045894455,0.05645158,0.50634164,0.119290434,0.030991969075284294,0.23941274234455712,0.041045860860858895,0.06579685044451201,0.49072464736631516,0.13202790328279143,1.9451588,28
2021-03-27,0.01362507,0.41714615,0.042155806,0.012340919,0.47440445,0.040327612,0.011893990093196685,0.33900426319300014,0.051510845638894465,0.012202593263350455,0.5489341945002294,0.036454101953491726,1.5786102,4
2021-03-28,0.011820504,0.20510621,0.034010842,0.016478434,0.5790169,0.15356714,0.012824528799677439,0.2504033901243712,0.0326814221038848,0.018284862599062326,0.5289044004827638,0.15690140931075455,1.6795231,11
2021-03-29,0.0400907,0.32961673,0.035439823,0.057944626,0.39645988,0.14044826,0.042365059477765886,0.37232955557442116,0.03379303364811727,0.06299185693841684,0.37007122343596793,0.11844925510610567,2.0495877,35
2021-03-30,0.01465407,0.36023092,0.027520418,0.041753054,0.35767403,0.1981675,0.015510965613354348,0.3894039282278696,0.025333409395888698,0.045051934463447144,0.3245255347585031,0.2001742348767156,1.9471567,34
2021-03-31,0.042883042,0.2451384,0.060664758,0.032222215,0.44583052,0.17326103,0.03688291952954908,0.23645134151213795,0.069625326975656,0.029465644841656535,0.43806044654254217,0.18951433180326197,2.0547726,30
2021-04-01,0.015688598,0.22917596,0.07171174,0.12099068,0.45114267,0.11129034,0.015490134890083882,0.2069753061517372,0.08296406331532294,0.13888466709896427,0.45636984709157524,0.09931597652508319,2.0930226,39
2021-04-02,0.017260356,0.19228107,0.052084338,0.02475243,0.5572845,0.15633729,0.021016532406730442,0.22226714584307927,0.050504182121765454,0.025866693362026898,0.54023291690182,0.14011254759272512,1.8012204,30
2021-04-03,0.016072745,0.37333137,0.028502764,0.091190666,0.3861429,0.104759544,0.016669447625842458,0.4331955959495714,0.028639169613612337,0.06681268810179175,0.3773041265937259,0.0773789823411054,1.9588904,13
2021-04-04,0.020777164,0.36084425,0.030320698,0.09378665,0.40499723,0.089274,0.023815513253055927,0.43409994345321423,0.02784638397170046,0.07548992330676609,0.3613074720043516,0.07744074616436443,1.9592147,15
2021-04-05,0.03624354,0.33724612,0.061906025,0.037477605,0.41568762,0.11143909,0.046314713760770024,0.33451304731886394,0.06827233454288828,0.037569562444815865,0.38515237805217406,0.12817796524846753,2.0075684,31
2021-04-06,0.034863915,0.34957844,0.05791626,0.11767988,0.29217988,0.14778164,0.043462631639341505,0.3428499334874831,0.06780277289907816,0.10777403384662025,0.2887306710456691,0.14937995468163523,2.2264895,35
2021-04-07,0.018194051,0.2703427,0.066407934,0.084888674,0.3706491,0.18951757,0.016781792787012306,0.2685305293541801,0.060526150399445595,0.08766487696209586,0.34841890678183596,0.21807774006189476,2.1627107,38
2021-04-08,0.018516764,0.3133967,0.059093986,0.05893333,0.40525633,0.14480288,0.017976899509164115,0.31797955598260974,0.049937096674369186,0.05406768734559712,0.40615984048367776,0.15387892679353754,2.0448277,27
2021-04-09,0.02684104,0.2484504,0.055815183,0.067356974,0.46382156,0.13771488,0.02752068555538551,0.2477315407151425,0.051168476054755906,0.0648212186030763,0.4693812955461581,0.1393767812231181,2.0417275,28
2021-04-10,0.009923478,0.110837154,0.04787704,0.020770172,0.6288536,0.18173851,0.009832405808980102,0.0924934193118087,0.047607975449059536,0.020556662929125478,0.6608128723104991,0.16869667167229296,1.6117095,12
2021-04-11,0.018475488,0.24135023,0.059578486,0.06977535,0.46792156,0.14289887,0.0194997776825083,0.26869224509870676,0.056799383091303224,0.06296273929459739,0.43077507292438805,0.16127077807687193,2.0255842,16
2021-04-12,0.012459403,0.18852521,0.088649616,0.01723859,0.5352191,0.15790813,0.011725213622914057,0.16199471690323525,0.0954913242193134,0.016424692484753176,0.5450509646252937,0.16931309671842762,1.8466661,39
2021-04-13,0.016903043,0.2670993,0.05971868,0.055522688,0.46050936,0.14024699,0.016456192633494886,0.26565153728712404,0.053197110152198836,0.04863398364778777,0.4592469000846492,0.15681428661810504,1.9951998,38
2021-04-14,0.051915057,0.22075169,0.048828404,0.07182663,0.46917295,0.13750528,0.0614490072830216,0.20724889731047577,0.04855821851849147,0.0771181456780955,0.47007845778419394,0.13554727808829797,2.0941315,33
2021-04-15,0.014689388,0.3276541,0.04513846,0.03493448,0.4354402,0.1421434,0.015806465384941064,0.39149777125755836,0.03854247937671507,0.04052619498014795,0.36784591395177846,0.14578119304909143,1.9100534,38
2021-04-16,0.023607919,0.31002727,0.04762238,0.025568696,0.4145002,0.1786735,0.02253467224672477,0.28750053060481773,0.050395380451039216,0.023543140444810692,0.43229854913485943,0.1837277240509351,1.9663831,37
2021-04-17,0.020815842,0.23424675,0.05061079,0.014871936,0.48415375,0.19530092,0.02405606290033987,0.27900136777136314,0.04745268047387657,0.015605262366810093,0.4665108860228709,0.16737374327219023,1.8817338,13
2021-04-18,0.043999776,0.4682585,0.029605474,0.07250475,0.25531983,0.13031167,0.04819262172015989,0.4584272344343345,0.02708486172964639,0.080556856713816,0.2389575169207919,0.1467809095331133,2.021664,18
2021-04-19,0.026756305,0.3362473,0.026426706,0.044085886,0.38411406,0.18236975,0.026268660267888714,0.3377023028717333,0.02435726121415499,0.040415735052365356,0.3706506495373095,0.20060539732346064,1.9835165,31
2021-04-20,0.022550484,0.35492122,0.039769437,0.03372367,0.42096677,0.12806843,0.023235405593143705,0.35322720129442575,0.04070437796525143,0.036462411513719796,0.4153999472036635,0.13097064604401087,1.9088832,31
2021-04-21,0.019378176,0.21692984,0.052974463,0.020650785,0.503448,0.18661875,0.021122008573017235,0.23370583066540784,0.0452317247766391,0.018687078969044372,0.4657552785565305,0.21549806213916448,1.8790634,35
2021-04-22,0.016251352,0.28296733,0.056259234,0.043018848,0.46939054,0.13211267,0.016210128210279052,0.2875937800314493,0.060025123226854896,0.05413032744248027,0.4474824224222216,0.1345582084557946,1.9387463,36
2021-04-23,0.028050173,0.185525,0.07954251,0.07219242,0.5310775,0.1036124,0.03098779834851908,0.15086735834564127,0.08860889027991302,0.09499088152239842,0.5366979015186806,0.09784716805190341,1.9835254,44
2021-04-24,0.04914674,0.3619678,0.069509216,0.06828164,0.3503763,0.1007183,0.04103744237522055,0.35112262173447145,0.06824024926314361,0.06171143572208374,0.3844473950084442,0.09344086892191143,2.139753,14
2021-04-25,0.028826976,0.27413836,0.04107463,0.06536799,0.5205243,0.07006772,0.03053317624619082,0.25052796732713056,0.041024365501133246,0.0768051242033854,0.5302001894992164,0.07090916681167299,1.8647604,19
2021-04-26,0.03590137,0.38091654,0.054891303,0.04793391,0.40550178,0.07485508,0.03638654905632398,0.4190224060930687,0.05383345029728518,0.04758208125326125,0.36257195691880956,0.08060354378809458,1.9506509,34
2021-04-27,0.057968516,0.31710577,0.05946463,0.022692073,0.37819955,0.16456947,0.0581439769614653,0.30950981171632713,0.06346578982069466,0.020630419991434775,0.371211427298415,0.17703858557892457,2.088611,30
2021-04-28,0.025636517,0.24726915,0.042635456,0.031131672,0.53113353,0.12219366,0.023052171148933816,0.22783514367948543,0.042665685627366404,0.031102583630874387,0.5522510758353067,0.12309334235523788,1.8392903,36
2021-04-29,0.04367086,0.24178448,0.049532566,0.037488785,0.5090014,0.118521936,0.04281221439383,0.2572121941826736,0.04979861373313212,0.04249495940674701,0.4941248075626794,0.11355719748102915,1.9454048,45
2021-04-30,0.018197754,0.3144611,0.053412028,0.027301393,0.42629585,0.16033183,0.0185280052078254,0.3060475410766939,0.05016891332708298,0.034534718094533776,0.4168907673664961,0.17383005072199914,1.9454087,30
2021-05-01,0.023744002,0.3938399,0.05164057,0.0430746,0.4434493,0.044251673,0.026054814560971955,0.4116497979595096,0.049892131728513645,0.039838844400830443,0.4288178525100041,0.043746565329288875,1.7930738,14
2021-05-02,0.018585635,0.31921127,0.030888619,0.15185125,0.33816183,0.14130138,0.02011829529259755,0.3083748708277963,0.03313196231293286,0.13722715191014848,0.3529874115399601,0.14816031642992714,2.128494,13
2021-05-03,0.047915697,0.28042147,0.050277796,0.05796995,0.45677057,0.10664451,0.048466703940397635,0.2805633692086486,0.047928035844235356,0.06738239595092427,0.43586366891004086,0.11979581849318838,2.0402129,26
2021-05-04,0.021108236,0.43134144,0.07978239,0.024570808,0.35983908,0.08335807,0.02214382324041532,0.4622127276031284,0.08770067498489248,0.024762848895257244,0.3078486924885436,0.09533122817393501,1.8925658,29
2021-05-05,0.021831311,0.44939882,0.039381314,0.02097457,0.2905171,0.17789687,0.02272278366349261,0.45165851040180577,0.031796238680848125,0.02350921143668319,0.2734902863089832,0.196822972264153,1.900935,29
2021-05-06,0.020705821,0.3031925,0.04191094,0.0567087,0.41743806,0.16004397,0.01977569209828643,0.2820876446172128,0.040985782127160454,0.06421133633005215,0.40603697661513555,0.18690255561413938,2.0136206,39
2021-05-07,0.026486771,0.3886124,0.054529324,0.037086815,0.34803542,0.14524928,0.027704196116435872,0.376938281246554,0.05965738455729879,0.028947059612677854,0.35140642154060486,0.1553466418349316,2.008023,36
2021-05-08,0.037509467,0.2909923,0.09556432,0.010918535,0.403492,0.16152334,0.038423779070271724,0.28120778932703555,0.09381641155635684,0.010887553412278352,0.40883809295287377,0.1668263738428141,2.0439434,11
2021-05-09,0.063981876,0.28234005,0.029824166,0.17153476,0.33140373,0.12091542,0.07273160642460788,0.26526231291039293,0.029839231371134194,0.19908433129781808,0.31373861387565155,0.1193439121908771,2.2528887,15
2021-05-10,0.027072674,0.2725372,0.030269545,0.040048383,0.42427114,0.20580105,0.026309057511989215,0.2748770672706916,0.028397549136329133,0.03998452671135261,0.4085875075529174,0.2218442899269778,1.984918,22
2021-05-11,0.037738312,0.21537295,0.050539643,0.02888833,0.57924426,0.08821648,0.040496460209882186,0.2272979929754638,0.047257522790293376,0.03016069841490469,0.5633927710576532,0.09139456131679977,1.7861621,34
2021-05-12,0.059018422,0.3243634,0.04021305,0.021339562,0.43466973,0.12039582,0.06337729870536433,0.3510201836023667,0.03457050483552225,0.02206587510937119,0.4050680459996353,0.1238980844504824,1.9628828,40
2021-05-13,0.05333737,0.4329088,0.06119771,0.08117784,0.2665417,0.104836605,0.052786736950214116,0.4277201999206234,0.0656987461756093,0.09885437641194156,0.2628965720790778,0.09204336973508696,2.1387444,34
2021-05-14,0.036665063,0.317035,0.044164386,0.055122245,0.46331906,0.083694234,0.03806158259079499,0.3298712602288464,0.04483204075183895,0.05774201021352461,0.45087565285095454,0.07861744668988747,1.943318,35
2021-05-15,0.019677749,0.38915822,0.024333106,0.14397618,0.33435977,0.08849501,0.019709445034988927,0.3908287547777399,0.024672162916751048,0.13972260626054678,0.3387743750846875,0.0862926567305352,2.012449,13
2021-05-16,0.120479956,0.44825757,0.030911496,0.05978512,0.26285598,0.077709906,0.1393326165035775,0.4232905052825014,0.03164881801053789,0.061946520502719114,0.26072026377679547,0.08306128762624554,2.0778744,18
2021-05-17,0.025864208,0.318094,0.032704264,0.04262317,0.44743496,0.13327941,0.027015053300240528,0.3356218060049962,0.03101246528334794,0.05016197477349412,0.413974462663428,0.14221423794562638,1.9240699,34
2021-05-18,0.018524777,0.21566367,0.057694785,0.047462862,0.44443107,0.21622285,0.01895277899674225,0.22226378742646383,0.06116211214710009,0.04315640564613397,0.42213112720297785,0.23233379968935533,2.027724,33
2021-05-19,0.042837992,0.29705188,0.03496722,0.029663721,0.38364416,0.21183501,0.04982332816751202,0.3187925723654669,0.035001499095116725,0.033758135740505624,0.3590663514306007,0.20355810769758126,2.0391657,36
2021-05-20,0.02358576,0.33086202,0.05784132,0.029923355,0.39458007,0.16320749,0.02538810958276457,0.3777235358935902,0.05738273982835619,0.03230053353738135,0.35909823518707773,0.14810684864402382,2.0009742,30
2021-05-21,0.079518095,0.20568684,0.05309655,0.048513584,0.5067303,0.106454626,0.08478550652427276,0.21193836235925886,0.05320335451102122,0.0534270391704406,0.48765023910079447,0.10899550124610306,2.0373604,40
2021-05-22,0.019854717,0.36930045,0.027038872,0.110080145,0.39173833,0.08198747,0.019759497196136434,0.37316282919186144,0.027085030027438697,0.10162676081201405,0.3996706086188762,0.07869526625556633,1.9597598,11
2021-05-23,0.021038985,0.42019582,0.030782737,0.021039136,0.37326947,0.13367388,0.019615794916876685,0.3708902230385203,0.03228829447600171,0.020927223797478182,0.4040921321131697,0.15218634814160834,1.8333642,16
2021-05-24,0.04527733,0.41406214,0.026097171,0.023114352,0.39586163,0.09558738,0.047116972039086935,0.44998660469683616,0.024210544708965418,0.024200193728160853,0.3549923125198154,0.09949337476886183,1.8447831,27
2021-05-25,0.052731145,0.3200185,0.063068196,0.01814386,0.454525,0.09151328,0.06434364173489479,0.37565798324755023,0.060726365900658656,0.017466002052048454,0.37940808593760583,0.10239791972677952,1.9390548,36
2021-05-26,0.020534247,0.23846316,0.03439225,0.02327067,0.48578122,0.19755843,0.017853048472170722,0.22231231663984302,0.03449967923663582,0.025041923161758368,0.4923130090582196,0.20798003131693454,1.8699678,41
2021-05-27,0.018516852,0.301435,0.08595984,0.0555141,0.4704142,0.06816001,0.01904970941544547,0.2907423965457125,0.09155347258050346,0.05633220418893772,0.4690395374931919,0.07328267096021497,1.9398601,30
2021-05-28,0.024352549,0.3205716,0.04672348,0.083827585,0.43386078,0.090664014,0.0253968914060298,0.32957479860140715,0.04514355254568526,0.08717660901291012,0.4159234253654304,0.09678472642523837,1.9996499,35
2021-05-29,0.086058855,0.24534583,0.04074388,0.0751691,0.44957656,0.10310578,0.10404705091684807,0.22774800887227392,0.038013572276119595,0.07371828103934604,0.4638112992133029,0.09266178369485496,2.1271355,14
2021-05-30,0.04178213,0.2452576,0.03489795,0.13043654,0.4720737,0.075552054,0.04560762127493227,0.22778207722533292,0.03566190038610568,0.1283094454652362,0.4863873545893299,0.07625161286415588,2.033676,19
2021-05-31,0.016902078,0.27641436,0.04117745,0.06967892,0.4895502,0.106276944,0.017072872304229294,0.2594080962095758,0.04058219146264701,0.07437589211521356,0.5008865955978233,0.10767434044053849,1.9177337,33
2021-06-01,0.026120713,0.26405558,0.03930193,0.054997347,0.4711892,0.14433526,0.023873434984316287,0.2814104003607844,0.03682933682263204,0.07242240797976096,0.41295577925604043,0.17250863768323008,1.9728706,37
2021-06-02,0.029711934,0.353277,0.040877704,0.039709978,0.4074242,0.12899914,0.029991064185230735,0.3663355493052567,0.0401667107154571,0.045440184916230746,0.39032609708917765,0.12774040108322599,1.9633242,39
2021-06-03,0.033878077,0.26532167,0.0391207,0.056774803,0.44510934,0.1597954,0.03467634412662069,0.2526271927327051,0.04124260666472287,0.06290212392411997,0.4424404202061478,0.16611131477782684,2.0337682,47
2021-06-04,0.017295893,0.2683855,0.05093656,0.06824187,0.45817468,0.13696547,0.016824947704822936,0.2482125482398018,0.05953292336239503,0.07897068090687497,0.47596275297872553,0.12049614902499833,2.0023806,33
2021-06-05,0.012257649,0.22671801,0.06402066,0.08926614,0.45520434,0.1525332,0.012028999571008803,0.22071391140815494,0.07861424510477844,0.08139299308423285,0.46501868497233356,0.14223115380536305,2.0589073,13
2021-06-06,0.01824113,0.43758094,0.040877018,0.08317239,0.32559976,0.09452873,0.01857779357424973,0.4689831216509027,0.035127361750677766,0.09492830961909986,0.2841104290501829,0.09827296961987649,1.9628657,16
2021-06-07,0.040561408,0.18165341,0.070841655,0.021864854,0.54621893,0.13885976,0.04363483948825029,0.18623899610630568,0.06964637991888564,0.01851806913992715,0.5241308451415119,0.15783087764149895,1.8977622,34
2021-06-08,0.022962587,0.4422085,0.027518922,0.039787497,0.33284268,0.13467981,0.02280642877607453,0.44071032342758115,0.02982091382449293,0.04733985245734219,0.31709119112089396,0.1422313004538259,1.8911034,32
2021-06-09,0.0579614,0.3592021,0.034336008,0.040226962,0.38711062,0.121162914,0.057636883178617926,0.34947983404626004,0.03160775726486829,0.040901862567937035,0.39559569113107484,0.12477797494438742,2.0211973,37
2021-06-10,0.025098447,0.38743767,0.033169195,0.043205403,0.35740796,0.15368131,0.02526773102440944,0.39092057865155966,0.03248990405312565,0.04895741317715885,0.32248645563478134,0.1798779189554597,1.9680246,32
2021-06-11,0.020807967,0.38207838,0.056978557,0.015547193,0.38083342,0.14375447,0.0197638389123656,0.3839195083152913,0.05791224633007619,0.0148027471731815,0.35715540264172263,0.16644625690519466,1.9081919,44
2021-06-12,0.05320219,0.23334463,0.040696144,0.08277619,0.46130103,0.12867983,0.05908832774655444,0.22700581917147428,0.03900750151778104,0.0823852102548883,0.46796864328393856,0.12454451887468032,2.0961616,20
2021-06-13,0.054419186,0.39267474,0.03950836,0.017559286,0.42124438,0.07459408,0.06704221762357436,0.4122723214873831,0.03706333080865059,0.017466266251971906,0.3896533521858956,0.07650254197137572,1.8494256,16
2021-06-14,0.02348735,0.29270366,0.07514406,0.015424181,0.4114951,0.18174571,0.02560157172043959,0.31324721494896246,0.07724141768796924,0.015820327960885616,0.3856346873291576,0.18245478878706814,1.9936048,36
2021-06-15,0.03921523,0.32989153,0.02871107,0.024299828,0.4110176,0.16686477,0.03885439442550495,0.29225941616209233,0.029857171138303707,0.02503893338455411,0.43692154507914704,0.17706854419839357,1.9466964,33
2021-06-16,0.034920257,0.29702303,0.027726665,0.026851306,0.3587323,0.25474644,0.03429093741790567,0.28094185815770845,0.026578696578001305,0.02923574552376205,0.36034720453762525,0.2686055703088774,2.005904,34
2021-06-17,0.021250883,0.29177445,0.045797728,0.0557766,0.46409377,0.12130659,0.019096547110316844,0.283364429080348,0.04839414641652749,0.05329688274203231,0.4686244158629901,0.12722358311560653,1.9557396,44
2021-06-18,0.021747876,0.34847993,0.030256717,0.019187111,0.44251993,0.13780847,0.022134569727506572,0.3546202464969642,0.027700628046034213,0.0217738453344651,0.4150081598673559,0.1587625678589374,1.8267474,37
2021-06-19,0.021451857,0.44250527,0.036164694,0.015865061,0.43645763,0.047555454,0.019530857896015122,0.39539939205413055,0.03956493093877893,0.015173704144655548,0.482328627137389,0.04800246915906278,1.6384473,10
2021-06-20,0.09004071,0.50713897,0.025084192,0.016440677,0.3300902,0.031205267,0.1180460569125358,0.48842717145214753,0.02412617081493036,0.0167171660298417,0.3230627558626715,0.02962065791718521,1.724242,11
2021-06-21,0.059770808,0.39261252,0.036002036,0.014088623,0.41166985,0.085856184,0.06153665465956978,0.38675173435260146,0.034435890388284464,0.013904286356802024,0.39857663466463067,0.104794799928645,1.8630065,34
2021-06-22,0.036994975,0.37335762,0.029542822,0.053077333,0.35967743,0.1473498,0.035400004574338534,0.3485077994386642,0.03120928797905993,0.05285880395927449,0.3772669164154299,0.15475719161574403,2.0192642,33
2021-06-23,0.034273975,0.29398933,0.04851979,0.023031754,0.47423184,0.1259533,0.03848203920209572,0.2861041034522395,0.05218529581962628,0.02498906336598596,0.472918324381776,0.12532116367760532,1.9100487,44
2021-06-24,0.06315538,0.43290943,0.04156759,0.032469656,0.32398075,0.10591722,0.06465704220822897,0.44412048870989457,0.03972221322272298,0.027855940010497078,0.3099238687832701,0.11372044849759053,1.9957138,30
2021-06-25,0.022413872,0.42896935,0.06113457,0.031108933,0.35507768,0.10129561,0.023024979129581985,0.4116157876677615,0.06858603247314828,0.03380048908375595,0.35600440830079527,0.10696831074943727,1.913873,33
2021-06-26,0.016485218,0.3641267,0.02672548,0.017207872,0.4052318,0.17022291,0.015954119757048725,0.3602477866130324,0.026852241382801626,0.01604109935221765,0.4042266487257757,0.17667809634685305,1.8317815,13
2021-06-27,0.13051142,0.32459608,0.0794658,0.01814006,0.3703527,0.076933995,0.15684734527201902,0.26875882480932217,0.0814702581444435,0.016805453640192036,0.40433582291984177,0.07178231742289462,2.1209855,14
2021-06-28,0.0535537,0.35180336,0.033638533,0.041259933,0.35664335,0.1631011,0.05618353306209586,0.32721073404950485,0.03443908986216861,0.047968270273773164,0.36567480879041375,0.1685235571172204,2.0679379,32
2021-06-29,0.04472009,0.26444408,0.07501615,0.0677464,0.4085724,0.13950089,0.050557471859288994,0.24953800258794795,0.07819973133575449,0.06225286417226499,0.40502410003337147,0.15442782879956843,2.1753707,34
2021-06-30,0.033201016,0.3306299,0.03821126,0.02811921,0.38630998,0.18352863,0.030998472738611105,0.3276032167586427,0.035487423887277235,0.035203433719658034,0.3621204167221484,0.2085870493618115,1.9948524,34
2021-07-01,0.017513016,0.26290125,0.063516036,0.037008032,0.4964788,0.122582875,0.01751274211616351,0.2607602772990254,0.06848994132456661,0.0437461075447814,0.4753301448026235,0.13416078180115568,1.910254,39
2021-07-02,0.051718663,0.3348495,0.035430968,0.050060906,0.38758078,0.14035916,0.05140151441599638,0.34161892825329115,0.03170505655794316,0.06579904985718753,0.3639065897343618,0.14556886183436143,2.0641425,38
2021-07-03,0.0123677775,0.23668738,0.032346077,0.0102730105,0.5457429,0.16258277,0.011777431056345598,0.2055582665134008,0.03519111924105751,0.010004378386231168,0.5720034102145439,0.16546535787142538,1.7013215,10
2021-07-04,0.024736665,0.40009406,0.052131817,0.10928908,0.31681913,0.096929245,0.024962938297161324,0.44843417853818124,0.0528138967879952,0.11181527110156153,0.2690670745782971,0.09290665692814762,2.083724,17
2021-07-05,0.035533182,0.23081274,0.03238932,0.015583861,0.43980545,0.24587543,0.03498969014848574,0.2323229301043077,0.03220056362488487,0.014885225371538116,0.4353616030576978,0.2502399867060654,1.9319823,40
2021-07-06,0.024630051,0.416975,0.024181135,0.034420617,0.3292024,0.17059077,0.024752690555556796,0.41204656311235527,0.023474712352743565,0.040537973519475586,0.3271216497623881,0.172066404536547,1.9179137,43
2021-07-07,0.038941998,0.38922676,0.05230123,0.016236968,0.39556834,0.107724704,0.04273532019163879,0.41343653335900366,0.04619059309886962,0.01643184870670328,0.3789555207653313,0.10225019309443789,1.9069375,37
2021-07-08,0.04688423,0.37021998,0.045710616,0.03263188,0.37629315,0.12826018,0.047306183772794004,0.37130438907437546,0.042798031676354674,0.03719119300266616,0.3660583507647452,0.1353418550814994,2.012921,46
2021-07-09,0.05704198,0.29144934,0.0333888,0.043566883,0.4305027,0.14405029,0.05395039081397157,0.27906102042259967,0.03361752030069286,0.04655381835865386,0.4343867329974219,0.15243052056421572,2.040911,39
2021-07-10,0.062951915,0.35002837,0.03884351,0.027870025,0.32332087,0.19698535,0.054621696856969826,0.3087759313067558,0.03686990587482059,0.030761144151216308,0.35567318849800517,0.21329814683205375,2.0956156,13
2021-07-11,0.06289749,0.19177005,0.045291964,0.08033861,0.5045871,0.11511474,0.05740237254766831,0.14530544953313068,0.04371615892629324,0.09660954820812824,0.5480846974645683,0.1088817627174934,2.059345,13
2021-07-12,0.021562506,0.3810132,0.029023241,0.045801196,0.33807647,0.1845234,0.023328027620244343,0.38404600673766937,0.028511827566740967,0.04183459550450158,0.33084913595162707,0.19143041962663526,1.9805541,26
2021-07-13,0.06681907,0.25498727,0.03138842,0.04556533,0.43331963,0.16792023,0.08768349676265424,0.25631548427611117,0.030325796819337194,0.04964585492664919,0.4014871872665625,0.17454216598319683,2.078371,35
2021-07-14,0.021094434,0.33605686,0.047616005,0.019274581,0.41665995,0.15929814,0.020001947496396073,0.33622963266807865,0.05560612339892069,0.01890286691093462,0.4013201340438955,0.16793928909125141,1.9135216,36
2021-07-15,0.052198894,0.32014072,0.04803153,0.021228503,0.39243388,0.16596647,0.051582283770031344,0.3314668522389269,0.05247524342593538,0.0192278279454721,0.3692857716477943,0.17596200397236544,2.0363843,34
2021-07-16,0.024744526,0.45329064,0.02321093,0.06333835,0.34464508,0.09077045,0.026247758376166153,0.411373539628792,0.02468257577001009,0.06212371851345454,0.3696804658907409,0.10589194159293266,1.8715023,29
2021-07-17,0.024696032,0.47686467,0.024357945,0.07888886,0.3457891,0.049403366,0.02537274027935614,0.4907306077600256,0.024415983307494612,0.05775106080609208,0.35291562770084295,0.048813964442388585,1.8050556,13
2021-07-18,0.06731575,0.50630045,0.022536071,0.047476247,0.23765798,0.118713565,0.08421815647197614,0.5100463649349084,0.021710627400461806,0.036282261603095264,0.23518073784250795,0.11256185862100988,1.9489064,19
2021-07-19,0.040483195,0.32546628,0.030493839,0.017318677,0.4397778,0.14646024,0.049507451149170836,0.3238019126176827,0.02763241904696894,0.018596276911310917,0.4237404288341687,0.15672150579127947,1.8963578,36
2021-07-20,0.031131132,0.23944943,0.04035747,0.08305067,0.41481698,0.19119436,0.03312407333513364,0.23069070572768077,0.04563702917265528,0.08055237726808263,0.42883627769840077,0.18115954325382766,2.1176083,36
2021-07-21,0.025398789,0.21237949,0.032013007,0.1083059,0.3963119,0.2255909,0.030611855514259,0.20879448938649034,0.03349085785021787,0.11518886912637318,0.38188553772275713,0.23002838390209296,2.1293979,35
2021-07-22,0.048477486,0.2812005,0.054630734,0.05237514,0.402841,0.16047512,0.059310404773176,0.28174782407746246,0.0508608389621935,0.04448241029417005,0.37807389432190613,0.1855246114588609,2.1303527,41
2021-07-23,0.045763638,0.26537526,0.045367982,0.06276086,0.39431232,0.18641995,0.04890085777716617,0.27566928732307666,0.04598268722038029,0.07265102436033591,0.3698596306780252,0.1869365006266495,2.1458032,35
2021-07-24,0.01585823,0.2766953,0.040549126,0.025020817,0.46613982,0.17573673,0.01644596382070303,0.3253425586565397,0.03345409972256015,0.023706459084291233,0.4372006433832574,0.16385029516741031,1.8824716,13
2021-07-25,0.023962606,0.29959792,0.038715065,0.0745473,0.46660444,0.09657264,0.02484890408663378,0.2777422883175194,0.03832276520918642,0.0839038456402256,0.4739326192375226,0.10124956538241942,1.9496105,11
2021-07-26,0.044291273,0.3881861,0.03131001,0.04873599,0.31210196,0.17537466,0.05533960704877244,0.3803271156548581,0.030477728891911533,0.06012324152441019,0.27519139482610994,0.19854091664646167,2.062766,29
2021-07-27,0.040174253,0.40605727,0.037231706,0.04271162,0.33240828,0.14141688,0.03862175438275879,0.4511213162188267,0.03105854055780783,0.045579554133075885,0.27263835199968867,0.16098048425442169,2.0126035,36
2021-07-28,0.041723598,0.32842433,0.06296579,0.102979034,0.32755274,0.13635448,0.04690600787980923,0.33100947699722394,0.07159272036435362,0.10614123894441586,0.30902080411248195,0.135329747270061,2.227091,33
2021-07-29,0.028006837,0.3275307,0.05632911,0.06592028,0.45428503,0.06792804,0.027421668194746576,0.3037111293347619,0.05837605579897464,0.08393414134165224,0.44848359165513935,0.07807340748988234,1.9449389,35
2021-07-30,0.03793654,0.3742016,0.04010629,0.097091295,0.29836404,0.15230027,0.03442705098415632,0.3534969446979608,0.0414755315382105,0.10935258724392334,0.2853861828295272,0.1758617037192329,2.1565883,33
2021-07-31,0.022425821,0.48153016,0.02660644,0.0149397515,0.34700355,0.10749427,0.021842383268141682,0.4456651006043359,0.023817784942705877,0.01481822166817452,0.37673606572866536,0.11712044716297523,1.7361021,16
2021-08-01,0.030940985,0.42791507,0.0430874,0.022429742,0.43173292,0.043893855,0.0318646824795908,0.4098933929965293,0.044509074283213566,0.02206454919367641,0.44527747201460566,0.04639082912707972,1.7186481,17
2021-08-02,0.017386422,0.28896788,0.044011205,0.029711299,0.48415017,0.13577306,0.01634772529017109,0.27915244212738727,0.0459215170519609,0.032366084759101306,0.4724279483298501,0.15378429593710777,1.8659966,34
2021-08-03,0.044939533,0.2516669,0.036148623,0.023541825,0.46015522,0.1835479,0.042163301455141175,0.2890069962829849,0.0322878304660499,0.025405581423589747,0.40272864605261194,0.20840764943741258,1.9667437,30
2021-08-04,0.01593966,0.35384873,0.03159357,0.017339742,0.4318532,0.1494251,0.01522044881511755,0.32853241530781807,0.030874787611853537,0.017906334892384048,0.427649127236773,0.1798168816412954,1.8173699,33
2021-08-05,0.026113357,0.41152933,0.03355963,0.030778583,0.35976025,0.13825881,0.02887681736072448,0.4155613451857679,0.029019386292350808,0.03614310270297693,0.3250168306050131,0.16538251050257902,1.9086624,34
2021-08-06,0.035865944,0.29989138,0.054516707,0.030929646,0.4318762,0.14692007,0.037611708608719416,0.30187354229553315,0.05114835191091324,0.0362491205803028,0.42853461985397195,0.14458265104652254,2.0068307,36
2021-08-07,0.052325904,0.37797275,0.02416263,0.09186894,0.28273666,0.17093311,0.04897836255598195,0.3934413886815783,0.021587119595832524,0.08512270140768977,0.25477292141844327,0.19609750595032985,2.1503592,12
2021-08-08,0.023260223,0.4163826,0.03638665,0.09300454,0.33441922,0.09654675,0.021411090812419032,0.36372499757247145,0.03930701843447679,0.12745809839995093,0.3644459322338946,0.08365286045492114,1.9992436,14
2021-08-09,0.043548215,0.2862972,0.03139746,0.050800074,0.39279693,0.1951601,0.049036312469117785,0.25689400195796785,0.030491594503230055,0.051399028553363944,0.3943805044028598,0.21779855246400945,2.0782475,30
2021-08-10,0.019479152,0.4138773,0.059714593,0.045759555,0.3831798,0.07798959,0.019705872050402643,0.4257061129848049,0.07430236174918033,0.037866494032251015,0.36245581628747103,0.0799633245810959,1.9011686,26
2021-08-11,0.0316652,0.41090164,0.032568607,0.022543097,0.38667333,0.11564815,0.035510897697575,0.3925252683852869,0.03168537981308308,0.026080483284004044,0.3716452830873421,0.14255269739881785,1.8591789,30
2021-08-12,0.031234173,0.25844365,0.038843106,0.028411012,0.5262608,0.11680727,0.0355064235019855,0.2883411371858834,0.03732643338619311,0.03744325695508702,0.4841729601648674,0.11720978327806325,1.8379232,34
2021-08-13,0.027057156,0.2871543,0.039970852,0.03054396,0.41749203,0.1977817,0.03375954743674417,0.3339036302701906,0.03860879603448671,0.02961949758781744,0.3658295952526815,0.19827893708670474,1.9857365,24
2021-08-14,0.021677984,0.38550884,0.05114225,0.023305405,0.4658155,0.052550018,0.023819405047701362,0.42316229486678786,0.04408396530418838,0.024031486803219527,0.43847624089854015,0.04642661249478944,1.7324759,11
2021-08-15,0.025900466,0.35024744,0.043541435,0.07023337,0.4103538,0.099723466,0.026588735023140193,0.3418619878339955,0.04402029047850379,0.06874063886554992,0.4004730583422191,0.11831527218273755,1.9916227,15
2021-08-16,0.04879924,0.38862914,0.02505852,0.018220263,0.3539311,0.16536178,0.06974987975566672,0.37073552513541236,0.022644242068347715,0.01895244345908575,0.32268743219726426,0.1952304974098247,1.9407654,26
2021-08-17,0.07470822,0.46408483,0.02323498,0.017555129,0.2106234,0.20979342,0.09469126507589015,0.4143322086104869,0.02320894945254594,0.016549432647993387,0.20764204477478426,0.24357609265020394,1.9680666,28
2021-08-18,0.042655215,0.18678115,0.050908674,0.05142678,0.5224145,0.14581373,0.057315200204159485,0.2147309471606729,0.049390900473021464,0.06842020162520245,0.45713020219519307,0.15301256224742701,1.9795289,31
2021-08-19,0.02217097,0.37386605,0.04047582,0.03803073,0.39207467,0.13338175,0.021476702648822135,0.3486520530619241,0.038284065056732125,0.04335847712761516,0.4073189947620541,0.1409097054856941,1.9364247,32
2021-08-20,0.016343161,0.21791536,0.04366926,0.057311345,0.5338951,0.13086586,0.018081053172744374,0.23804864140797372,0.042274363265976445,0.06520958049118754,0.496485200641844,0.1399011834868561,1.877001,31
2021-08-21,0.02547167,0.20220304,0.029663425,0.04889647,0.32896495,0.36480045,0.027795924054072867,0.20714436440585807,0.030050540581123344,0.046745641762827,0.339525165881629,0.34873835265433983,2.0230021,8
2021-08-22,0.094354,0.37115926,0.035693213,0.056307063,0.3155161,0.12697037,0.11837304661011122,0.3580896851131119,0.03683942054551959,0.05491781011396056,0.3101276745925936,0.12165239889192048,2.1605227,13
2021-08-23,0.015316315,0.35217187,0.025102686,0.08671354,0.30216804,0.21852757,0.015180072054042825,0.36426422002290937,0.02109359115311267,0.09201666872296975,0.25277763237788115,0.25466781290840973,2.0631132,27
2021-08-24,0.030327225,0.3339317,0.04848981,0.06872413,0.32974648,0.18878065,0.02807501083232027,0.291411429603039,0.04600597539527036,0.09537091131734528,0.32002654452881174,0.21911012168106317,2.1403928,24
2021-08-25,0.031479787,0.40173015,0.05579198,0.014191292,0.34961113,0.14719568,0.036116081535112206,0.3942325281655414,0.06566238285836366,0.013912835695236572,0.3273471676425274,0.16272900277363572,1.9419975,31
2021-08-26,0.046261273,0.36447814,0.034905992,0.03822374,0.40595448,0.110176384,0.056779118050701495,0.3595706879467358,0.03628427166420518,0.04677103676624049,0.3883436295222693,0.11225126073038169,1.9633907,33
2021-08-27,0.053941935,0.38410363,0.030975088,0.042233765,0.3161481,0.17259745,0.06385827713581581,0.334810562993991,0.029680332394183842,0.039709431151235035,0.34067212354179577,0.19126927747113115,2.0682204,28
2021-08-28,0.033796635,0.22490345,0.04428695,0.14628524,0.5073552,0.043372516,0.03354786700840619,0.2011389090422735,0.044187736903210546,0.15574052236295627,0.5216672990519107,0.04371766748959131,1.9471397,11
2021-08-29,0.01980956,0.2758797,0.044861753,0.06408628,0.45930746,0.13605523,0.023706995599794042,0.2828457678948393,0.041085212721078075,0.06904231532703298,0.4613880452508776,0.12193168231569237,1.9866538,14
2021-08-30,0.033670004,0.36757484,0.038418952,0.017140644,0.40932003,0.13387553,0.04177680998905128,0.4051658152588157,0.03908779374420396,0.01605445032512636,0.3544276713031428,0.14348746521898928,1.8925343,28
2021-08-31,0.0474397,0.258343,0.03797815,0.08105933,0.47416618,0.10101359,0.054093645068252844,0.231024933926211,0.03781189320946114,0.08329577383046805,0.4800644176680735,0.11370933046318468,2.0306637,34
2021-09-01,0.029726453,0.18547305,0.044471983,0.04859645,0.5829243,0.108807795,0.02999262031127176,0.1517575547274857,0.04259632257619287,0.059244756841596566,0.5874457861506963,0.12896295704790905,1.8154342,34
2021-09-02,0.043795988,0.30187446,0.045632247,0.04455714,0.38750568,0.17663448,0.04440110839351015,0.3285787904860024,0.04545985726638215,0.04613667980059245,0.33923917111710905,0.19618440185512662,2.094292,36
2021-09-03,0.051463436,0.26206183,0.04745604,0.034052003,0.40522894,0.19973774,0.06285878833817353,0.2092137370337269,0.04710023691292248,0.043894325045842814,0.4193962239276668,0.21753669360607536,2.093552,29
2021-09-04,0.014697088,0.1959273,0.09202685,0.017939625,0.48100534,0.19840379,0.01553753218793065,0.20721429391386417,0.1003890492207402,0.018554618601722347,0.4594971272174771,0.19880736526994908,1.9418803,14
2021-09-05,0.03539569,0.11314673,0.051567342,0.086037435,0.43751067,0.27634218,0.039533243216958086,0.09389838729792477,0.05184992333054749,0.09167119497573832,0.4582455703462043,0.26480169005447757,2.0858965,14
2021-09-06,0.015459049,0.27212948,0.034017917,0.10779605,0.4180849,0.15251264,0.015590116288562017,0.27117775844954023,0.03366471721300145,0.1355616582788114,0.3918042370354879,0.15220151926177508,2.0560656,30
2021-09-07,0.041810546,0.26671028,0.06299667,0.10142684,0.42703277,0.10002287,0.04873821840772414,0.26261515728077806,0.06426479367886045,0.1268365457777853,0.37181958883243627,0.12572567611263807,2.1425962,31
2021-09-08,0.018256145,0.3737042,0.02877992,0.07440738,0.42196697,0.0828854,0.01782293604252022,0.3680507579228639,0.031134241845120997,0.07142429624893479,0.43584155756668613,0.07572621483212942,1.8853866,33
2021-09-09,0.0146619445,0.27838984,0.044972725,0.024202451,0.4832023,0.15457068,0.01366841301730701,0.25571787222705744,0.04856046945823129,0.023252228557511107,0.49384786145033954,0.16495313510118212,1.8574626,31
2021-09-10,0.057105865,0.42866552,0.032034826,0.0817506,0.29794437,0.10249885,0.063489664767258,0.4037457323579915,0.03413215324356819,0.09200576730267233,0.2891175669578574,0.11750911764936442,2.071402,30
2021-09-11,0.020148555,0.55970126,0.01867831,0.014769546,0.28124982,0.10545248,0.019654891482666196,0.5442221306982293,0.019551462815767646,0.014731105484155706,0.29923347962999436,0.10260690586517397,1.6361363,7
2021-09-12,0.010638428,0.23601599,0.043922182,0.013370265,0.5143457,0.18170738,0.010159715586966581,0.2009232781452162,0.047371250987380764,0.013636503215897317,0.5449799247795715,0.18292931584520264,1.7830422,12
2021-09-13,0.024402102,0.31703168,0.03415073,0.02431878,0.45578903,0.14430767,0.025113897596310036,0.3368697154693453,0.03096697996630014,0.027241328094493155,0.4246131810380683,0.1551948814926113,1.8725924,30
2021-09-14,0.018404195,0.3482847,0.04405504,0.035964675,0.41170204,0.14158937,0.01872891920678277,0.34150594867968026,0.04392401229970246,0.047572633917725315,0.39930452884135653,0.14896394925563158,1.9334562,30
2021-09-15,0.07667972,0.51447064,0.02435641,0.044119157,0.21876977,0.1216043,0.08304071377031967,0.5644166916223888,0.021106760581818724,0.042220323787760694,0.18157849831333714,0.10763699130693688,1.9558785,33
2021-09-16,0.018271267,0.37251818,0.028408471,0.10288221,0.36897126,0.1089486,0.01772544552256822,0.3202557820148886,0.030398387067422327,0.1200197619385328,0.4037086040221694,0.10789202026116135,1.9988823,36
2021-09-17,0.017111776,0.34176105,0.038641017,0.014595812,0.43036583,0.1575245,0.017525370228293858,0.3601189828217054,0.03495418184898731,0.015010044723692658,0.41460845320600015,0.15778296000954592,1.8436716,27
2021-09-18,0.011751854,0.22501987,0.09901994,0.013495163,0.5066024,0.14411072,0.011834468700951657,0.22797758238850857,0.09907403247834036,0.013582664682052168,0.49339542714417306,0.15413582575338483,1.8734916,13
2021-09-19,0.048368838,0.392622,0.03830092,0.025975358,0.35453308,0.14019984,0.05042204555322813,0.368511173182037,0.03886469825502091,0.02634634733220924,0.3642040873349087,0.15165164746885956,1.9857646,11
2021-09-20,0.06595285,0.44734713,0.033135388,0.04422899,0.25692403,0.15241161,0.06196042820942073,0.46245333302935165,0.0298313012187153,0.049225330845776745,0.23018839564565655,0.16634120857766163,2.0570729,33
2021-09-21,0.016993765,0.333083,0.03277188,0.026715001,0.39958397,0.19085239,0.017229327561784392,0.3606453744981431,0.029338605151047414,0.025618938425333006,0.3641987983172361,0.2029689693562899,1.9142756,31
2021-09-22,0.040647715,0.32406035,0.066608794,0.016078511,0.4213188,0.13128579,0.04645784030256945,0.363942106060558,0.06646031234149741,0.0168953851660878,0.37269236606432876,0.13355197766250734,1.9807138,34
2021-09-23,0.024179347,0.4961165,0.028837163,0.030112177,0.34330934,0.077445485,0.024353665918584247,0.5495968125371712,0.025430181752514155,0.03336936359821576,0.30031975241634795,0.0669302199719601,1.7465963,35
2021-09-24,0.02390029,0.32968953,0.037947036,0.057306867,0.4361392,0.11501708,0.02515386195554319,0.310630365149228,0.04034014098182208,0.06547619298151783,0.4368565017369686,0.12154293034431984,1.9530064,38
2021-09-25,0.022152843,0.42746514,0.049663544,0.056032494,0.36197326,0.0827127,0.022330892869454784,0.37634452143609826,0.055543026830241524,0.05505224914727598,0.40550056812623575,0.08522873278672974,1.9220535,13
2021-09-26,0.09296387,0.33297047,0.050670475,0.07106482,0.38783643,0.06449393,0.1097922746606315,0.3200889199190856,0.052444944756863655,0.049856885830746406,0.40168709226779986,0.06612985380262738,2.1210105,12
2021-09-27,0.03975693,0.35538074,0.038232025,0.027829276,0.430001,0.108800024,0.04382920507073983,0.3369438489844468,0.039765493398578246,0.03188050059577821,0.42865265253286455,0.11892830405962755,1.9109926,32
2021-09-28,0.02829925,0.3369924,0.03937305,0.023626253,0.4209103,0.15079875,0.028785787029339687,0.32149984480894506,0.04308491519614721,0.02761019385479261,0.4409548929182353,0.13806436028932784,1.9228085,32
2021-09-29,0.028990997,0.47530448,0.027261835,0.039428893,0.31127936,0.11773443,0.030684248734028457,0.46618463268386073,0.02873258532594265,0.030634390461151448,0.3244072274380989,0.11935691503600783,1.8712115,39
2021-09-30,0.031431332,0.35815436,0.031528655,0.0188719,0.38395154,0.17606221,0.03247449987843358,0.3608661296841616,0.02664030471346954,0.019942322043573955,0.3576247687344056,0.2024519853867012,1.9241983,34
2021-10-01,0.019970661,0.2600282,0.03522261,0.09106593,0.44762626,0.1460863,0.01998296902575678,0.22499204161640496,0.03507306683555079,0.11360108840219171,0.4473979761767091,0.15895286700169964,2.0273855,37
2021-10-02,0.014489613,0.24791321,0.048475955,0.038183037,0.47990668,0.17103149,0.01464369298369413,0.23955066908326295,0.052060678931417616,0.04939244411074108,0.47129237208575886,0.1730601275821849,1.9229267,13
2021-10-03,0.017660977,0.38048267,0.032309588,0.031097343,0.29621503,0.24223438,0.017934074819699206,0.3746302310221671,0.030604840065973138,0.03281637254954955,0.2706518683203232,0.2733626017051977,1.9644127,14
2021-10-04,0.030985035,0.41023332,0.03516682,0.03683545,0.38732746,0.09945194,0.029124781570065535,0.42125556170119827,0.036245685577327304,0.037759702484164874,0.36997241807357495,0.1056418623206303,1.8891052,35
2021-10-05,0.020591192,0.41669455,0.034063548,0.03866448,0.38437912,0.10560714,0.019751765028427598,0.3907391633328029,0.033777014925881636,0.0452548416109792,0.39501449276223183,0.11546273012173079,1.8618544,32
2021-10-06,0.021214692,0.41124353,0.030462528,0.060829796,0.3917074,0.08454206,0.022163326980879878,0.4214541298391119,0.029914761777770166,0.07370699002576653,0.37124735555701216,0.08151344230450767,1.8752178,38
2021-10-07,0.051984876,0.2715912,0.031466357,0.091149636,0.41714758,0.13666037,0.05688293806661145,0.27951492534102534,0.030250986145555468,0.08743770899753059,0.3995722689482033,0.14634117502201494,2.1230521,33
2021-10-08,0.014364779,0.31649098,0.057975173,0.019527249,0.4132619,0.17837994,0.01393662543528489,0.3006925141343282,0.06607715973945343,0.022485272525954322,0.40661041905133216,0.19019799767610848,1.9327831,36
2021-10-09,0.013985616,0.2802253,0.04527476,0.06591035,0.40160587,0.19299811,0.013682281726681105,0.2364734738518583,0.05164829799780657,0.07908566263778385,0.4334381757461099,0.1856720981721857,2.04783,11
2021-10-10,0.012975097,0.0971623,0.044889964,0.20542054,0.48563713,0.15391496,0.012057342048466558,0.07427590222628212,0.05049708039580301,0.17118620113499391,0.5277962440029584,0.1641872271955384,1.9997672,10
2021-10-11,0.015862491,0.2875451,0.043213513,0.09600656,0.4724136,0.08495872,0.015345371400951434,0.27332845521972826,0.042017433465421056,0.10458081190081883,0.47504656259436473,0.08968136610094958,1.9456072,33
2021-10-12,0.023988856,0.5025582,0.03227318,0.03411723,0.24772598,0.15933658,0.023350118633113218,0.4610703639486819,0.03787381695164628,0.04135463815647009,0.25317722921161046,0.18317382149803527,1.8750211,29
2021-10-13,0.018412152,0.26933932,0.043198913,0.015334554,0.4402439,0.21347119,0.017023685275034367,0.2594902970563373,0.036644165344703945,0.018767754456146177,0.4103583261026069,0.2577157859298335,1.9007488,29
2021-10-14,0.02547446,0.29951438,0.045388475,0.07347489,0.45052978,0.10561801,0.026735793691291976,0.281539625157108,0.04343496396428495,0.0908374207729664,0.4373582196100681,0.12009398147269612,1.9958552,35
2021-10-15,0.021733014,0.40974724,0.06889579,0.054852474,0.35211998,0.09265151,0.02201766513950011,0.380674897216385,0.06240680948942441,0.0672627345640816,0.3717590780069473,0.09587882009678858,1.9913421,33
2021-10-16,0.05611764,0.16276957,0.03446094,0.026896602,0.49622238,0.22353289,0.06009349600349004,0.13213821937599207,0.03392383470903783,0.028483004978215827,0.5071259240730965,0.23823551862687573,1.9520518,9
2021-10-17,0.014118934,0.26789138,0.02981828,0.11024641,0.46269354,0.11523142,0.013409098058766921,0.23884082182759042,0.033225050351554486,0.11749314672756443,0.5019550699463572,0.09507680277139209,1.9713485,14
2021-10-18,0.013243082,0.28293425,0.093076736,0.014303644,0.3501782,0.24626409,0.012507179702460203,0.2786270908353976,0.11135582563684908,0.013159714617290737,0.2921668977361328,0.29218330918646357,2.0324368,30
2021-10-19,0.022238776,0.26627842,0.07700474,0.07538281,0.39072013,0.16837513,0.024128231414003432,0.2579853607594167,0.09014107707351404,0.0840579855796676,0.3820788365485772,0.16160851014991587,2.158916,36
2021-10-20,0.033656243,0.2752276,0.041759197,0.036566928,0.44797063,0.16481939,0.0378855908974749,0.24048390856030327,0.04552779474071652,0.04274472128387944,0.4672757375875994,0.16608225455958447,1.9905244,37
2021-10-21,0.015049071,0.26274666,0.029066082,0.03629612,0.45009267,0.2067494,0.014325820206933897,0.2466374947458355,0.028426956584032444,0.03689417570614736,0.46006154895006235,0.2136539912860314,1.9082949,37
2021-10-22,0.021704288,0.41971904,0.045738276,0.038715784,0.34671128,0.12741137,0.02068841204477854,0.4287169855770679,0.03721228580635592,0.042037734260006725,0.3272949118676386,0.14404969570862902,1.9393682,36
2021-10-23,0.012134538,0.1922927,0.085722424,0.023261126,0.49868977,0.18789941,0.011784574022316762,0.20012512843680347,0.0898348429921306,0.02421315321130793,0.4779675142083067,0.1960747495256555,1.9184393,9
2021-10-24,0.014741088,0.3284988,0.044310004,0.08232952,0.4674764,0.06264417,0.01356724486231184,0.2579989091275992,0.05021988188486765,0.08708943764719713,0.5325989502703068,0.058525565614240556,1.8762888,14
2021-10-25,0.04073512,0.22630219,0.058897432,0.045201894,0.46549064,0.16337271,0.05095685169193958,0.20653483695302643,0.06461478843118967,0.05645142375387726,0.45929781562252764,0.162144271070471,2.0563247,29
2021-10-26,0.019728161,0.26442856,0.055299006,0.031761553,0.53363925,0.095143504,0.02061868727852883,0.26298579435612607,0.056584864387922935,0.034275132432091356,0.5186281741786842,0.1069073613419745,1.814614,33
2021-10-27,0.016444592,0.366065,0.030850481,0.036303684,0.41935617,0.13098009,0.016032145409348077,0.3661722121755743,0.030542614627148256,0.04267056530266301,0.406065257792815,0.13851718018394327,1.8665568,35
2021-10-28,0.01538223,0.28802055,0.04512895,0.05004083,0.4591124,0.14231502,0.014880636212991788,0.2796199360907273,0.04365575505500856,0.04813501686906939,0.4677798870415469,0.14592875714159767,1.9437168,39
2021-10-29,0.015528087,0.21008357,0.07450432,0.043350704,0.50977546,0.14675784,0.014486524223095217,0.18963011933743595,0.08327085507877695,0.03371006696918022,0.5254387223125592,0.15346371083390087,1.943448,32
2021-10-30,0.06413042,0.28690836,0.08325947,0.012190538,0.39967385,0.15383734,0.07529085749923821,0.2586528408701698,0.09947375114046379,0.01272466237565198,0.4078702417657275,0.14598763317118654,2.0913067,11
2021-10-31,0.016650671,0.40200856,0.05964674,0.018255832,0.44579104,0.05764714,0.017435771773601352,0.39110471128893626,0.049587978168945196,0.018209683646413417,0.4612912352018319,0.06237061700659855,1.7318497,12
2021-11-01,0.019004913,0.41291118,0.03077433,0.016145393,0.38374257,0.13742158,0.017239724295923783,0.3946258184881644,0.02921083757234505,0.01701582192954731,0.3816189555485195,0.16028883275395583,1.80997,31
2021-11-02,0.05532285,0.23861916,0.031953383,0.0617619,0.4411997,0.17114301,0.0573115769390686,0.2319149288377768,0.030043593190152897,0.07519507057379526,0.39389684608378844,0.21163797955510122,2.0878408,31
2021-11-03,0.014977022,0.25183913,0.039888285,0.10341555,0.46829948,0.12158055,0.014206081323939556,0.22675145975302002,0.042128546728310436,0.12346915595425528,0.468916287686608,0.1245284734659082,1.9978764,32
2021-11-04,0.039890125,0.3103181,0.04186443,0.034980092,0.4164466,0.15650067,0.03301924589715585,0.28884220025943114,0.04297407880393882,0.03784072758365207,0.4262362677702763,0.17108749420539607,2.0152078,29
2021-11-05,0.013712143,0.3270875,0.07957121,0.04224218,0.43051946,0.10686755,0.012395605653929158,0.2852293750582069,0.08606898040354664,0.0438795462836419,0.46128250539807814,0.11114399357479783,1.9638221,24
2021-11-06,0.07904307,0.26907247,0.02184654,0.16778745,0.27781606,0.18443446,0.08198748817850766,0.1787033200108145,0.023615179292649953,0.19359855676899917,0.32232208110898664,0.19977340167020582,2.314767,11
2021-11-07,0.014099463,0.28041238,0.030409154,0.018835483,0.453451,0.20279251,0.013527643311044205,0.25146239849939034,0.028502965381369014,0.019613359125675908,0.45885991420090766,0.22803372184286363,1.8464383,15
2021-11-08,0.029217826,0.33356276,0.03899513,0.054365695,0.41714668,0.1267119,0.03443869797673203,0.34425979415396585,0.03271984216883041,0.0687165620304646,0.3778780986182216,0.141987013184226,1.9920217,30
2021-11-09,0.017259855,0.254109,0.03761418,0.07754502,0.42692918,0.18654278,0.015808560959907434,0.23594890010641048,0.03795555703533159,0.09665269028885344,0.4027083518480968,0.2109259279924753,2.0435097,31
2021-11-10,0.01836025,0.29950887,0.049402546,0.08761273,0.42855972,0.116555884,0.01612131832616239,0.279566632751875,0.052301036182370926,0.10162720168688236,0.42514453845230954,0.12523927207715424,2.0342767,33
2021-11-11,0.041108634,0.2775089,0.039678372,0.042703807,0.4689723,0.130028,0.046563808567964673,0.26718808094910446,0.03514401188793469,0.05082827883319155,0.45663055991123624,0.14364525116117544,1.9765112,37
2021-11-12,0.045206968,0.2838112,0.051025227,0.018090578,0.48563573,0.11623032,0.048655395505687454,0.29466102312131875,0.05456879909195731,0.016686017967004235,0.4786336053559622,0.10679517697007962,1.908337,29
2021-11-13,0.036111116,0.33033875,0.029377976,0.013050221,0.43249628,0.15862568,0.035187577233541996,0.3265160931895065,0.029559469691457854,0.012786485563280504,0.4370794111937142,0.1588709629348484,1.8764478,9
2021-11-14,0.014733674,0.20815873,0.027157132,0.086147115,0.5071596,0.15664372,0.014987839133302708,0.20607029496458318,0.026553894266914436,0.0996415486324252,0.5006026888497651,0.15214371152494216,1.9226565,14
2021-11-15,0.05358839,0.29464152,0.027956352,0.05338247,0.37215132,0.19827996,0.06226279367828002,0.32629110965858216,0.02545044049655523,0.06508779361888313,0.32564214910749273,0.19526571414054109,2.1092026,27
2021-11-16,0.021456158,0.31389043,0.031679843,0.03119997,0.501906,0.099867605,0.02027313921251966,0.27772603638632176,0.033142009028440535,0.03446844318909873,0.5277239122302373,0.10666645883390614,1.7885818,35
2021-11-17,0.01972734,0.3491448,0.065322526,0.042571403,0.39310765,0.13012628,0.020029223968217606,0.3429627567121795,0.07474907460926757,0.04834092713574229,0.3844705587938798,0.12944745491766488,2.0051138,31
2021-11-18,0.024408786,0.31352264,0.035490867,0.036971413,0.45477346,0.13483278,0.026661753885749883,0.3471162307593802,0.03118318283970531,0.037953750827618635,0.4158934019001657,0.14119167026632357,1.9089545,37
2021-11-19,0.022235766,0.46284655,0.038769037,0.07892734,0.27626,0.120961346,0.02043565693355549,0.43887299877627617,0.0408447102710357,0.08603834588701424,0.26420765457540424,0.14960063686614436,1.9887508,23
2021-11-20,0.015374566,0.3349049,0.043894067,0.018451968,0.5270359,0.0603386,0.01560931922014719,0.3329073301856185,0.04398841029712877,0.018176315160104033,0.5287983094267767,0.06052030419262784,1.656798,8
2021-11-21,0.06555622,0.3226625,0.085869655,0.015391391,0.3557231,0.1547971,0.04833306297739171,0.3155405352445868,0.09386307205602618,0.014266023128179083,0.3673929233173666,0.1606043769552017,2.1281602,13
2021-11-22,0.019826142,0.45529184,0.026489867,0.05885309,0.29849,0.14104907,0.020190502441808773,0.4666587493212961,0.024843927680124684,0.06187284477219238,0.26791709024152593,0.15851690952143047,1.9274526,32
2021-11-23,0.019492218,0.331084,0.053414613,0.018562526,0.36268663,0.21475998,0.019066247731398405,0.34598704546881964,0.05664436371857811,0.017148173233894958,0.3194620441190346,0.2416921312288898,1.97853,33
2021-11-24,0.022505477,0.44547704,0.052374627,0.050015166,0.35791102,0.07171671,0.023238084956050842,0.459799077691882,0.047231912517036685,0.05087136004364284,0.34196046659641366,0.07689911628437467,1.8850379,37
2021-11-25,0.035522494,0.46841627,0.020285023,0.027784023,0.26978326,0.17820892,0.03908963177943686,0.4676462453805777,0.020229193349610444,0.03349633349211673,0.25455989259391365,0.18497869857855065,1.894633,29
2021-11-26,0.025635658,0.5005616,0.021612672,0.06284891,0.2653633,0.12397786,0.02623494165025711,0.5020161324359577,0.020904813801327332,0.06383771831494217,0.25177139685722144,0.13523499734152875,1.8870019,36
2021-11-27,0.0651402,0.28518856,0.06171429,0.017509177,0.5233713,0.047076527,0.0686925195914271,0.31073748367683524,0.05974636848951667,0.01794618499578297,0.4933714319879128,0.04950600834032955,1.8194607,13
2021-11-28,0.088703215,0.39828643,0.022285057,0.019043969,0.26965636,0.20202495,0.09177065914884734,0.36638422747756627,0.02357834556854451,0.01888676597900328,0.2926233904306516,0.20675660522232958,2.0461206,12
2021-11-29,0.02476756,0.31366727,0.035943326,0.116800174,0.36182237,0.14699927,0.027192051941251683,0.3326003678581261,0.03597489415943377,0.13746551589624667,0.31755538638286024,0.14921177953078454,2.1283915,34
2021-11-30,0.01793173,0.33443883,0.031290326,0.06789758,0.3699489,0.17849265,0.018093550640234598,0.3390392326453606,0.030609752896982357,0.08406709641993272,0.34397908911971176,0.18421126428453255,2.026847,36
2021-12-01,0.045359917,0.3235919,0.03563046,0.032734185,0.40753922,0.15514432,0.03679023200429424,0.3171498330382017,0.03311983439469183,0.03163107484422985,0.39716346068077696,0.18414555912402777,2.0068684,40
2021-12-02,0.03318057,0.2943116,0.07988574,0.03464824,0.40804896,0.14992484,0.03877251287685785,0.33383562983152665,0.07345669303721651,0.024650828335921627,0.332672958017664,0.19661138581622611,2.0798397,28
2021-12-03,0.021677842,0.44449994,0.036080163,0.038899474,0.3037859,0.15505672,0.019102463348984935,0.41881061534049946,0.038733981744529744,0.03869146997863998,0.283513792224711,0.20114768645492662,1.934045,28
2021-12-04,0.044537988,0.516012,0.045375213,0.014890613,0.32944155,0.049742628,0.05556714713065972,0.5276939915458567,0.05376169984064107,0.01600862641001911,0.31895931901671876,0.028009208068729044,1.7283971,8
2021-12-05,0.018400013,0.4718729,0.02198481,0.09439374,0.3001154,0.09323313,0.018199013217148705,0.4642573968240274,0.022481975625096857,0.1198283653223237,0.30660870086855513,0.06862452443921242,1.9001149,12
2021-12-06,0.03165402,0.49663654,0.024658112,0.014933429,0.31567636,0.11644156,0.03480077016986717,0.5431307157345314,0.02401354502921911,0.01609651717993014,0.29026954859760934,0.0916889040134335,1.7678115,32
2021-12-07,0.023794318,0.37801287,0.042547062,0.058900595,0.39341342,0.103331804,0.024686016911432265,0.3934029260845631,0.037056236595783554,0.07802430513783205,0.3489914095668679,0.11783912121174603,1.9611654,29
2021-12-08,0.014691502,0.31699035,0.035228804,0.048628066,0.4216328,0.16282846,0.014600480937701048,0.3206068701868871,0.037882969155064554,0.03516268465029885,0.3980706663931116,0.1936763102536741,1.9487427,29
2021-12-09,0.067817755,0.39192763,0.025482686,0.025640866,0.36632758,0.12280349,0.08405571794947231,0.3439506839681923,0.026242470264719053,0.032057554828230105,0.3733466395027787,0.14034692906776267,1.9656303,28
2021-12-10,0.015782526,0.3076864,0.02808991,0.032444928,0.40186423,0.21413204,0.014068886033974425,0.26105708552391715,0.02957746684998749,0.03578704158733105,0.4088301861026849,0.25067933831366646,1.9275622,26
2021-12-11,0.011244243,0.27222922,0.08023035,0.09316054,0.37354183,0.1695938,0.010056201457282086,0.19923168321490703,0.09210100222895201,0.10924861785140734,0.4203540570947793,0.16900844510158783,2.1596246,11
2021-12-12,0.014441535,0.28885224,0.036070574,0.014710456,0.4959952,0.14992997,0.013808042668220463,0.255068955395049,0.037850934692417036,0.014978298202116902,0.5235302308916303,0.15476353541536067,1.7804309,12
2021-12-13,0.023696378,0.3901808,0.05027535,0.015425463,0.3456313,0.17479074,0.022826434144655915,0.38047135540800675,0.04057096542710501,0.019878684291484983,0.3319671615393745,0.20428538408977615,1.9370229,34
2021-12-14,0.020899547,0.41988137,0.027879167,0.0629192,0.37918663,0.08923407,0.019984531181405654,0.44018348316517414,0.025643198780842258,0.07509353637608429,0.3424320888950571,0.09666314608170484,1.8789363,27
2021-12-15,0.08200521,0.25242564,0.054622933,0.05599537,0.40569106,0.14925975,0.13306154417036062,0.21746348024010534,0.055589233125022286,0.06844626391761933,0.3535111474704579,0.1719283311081944,2.1967983,36
2021-12-16,0.019942608,0.44204125,0.035233967,0.03879679,0.30476224,0.15922315,0.0204944252957023,0.43665210734934967,0.02939358661548965,0.04720999206768683,0.27071183386624287,0.19553807324343853,1.9297135,27
2021-12-17,0.025516968,0.33616686,0.059512407,0.11182706,0.37067443,0.09630227,0.026468111920849507,0.3165717351789135,0.0662893042343179,0.13251764071716485,0.36523844968843394,0.09291477329610812,2.1153214,34
2021-12-18,0.012830704,0.25729787,0.06751431,0.01766039,0.509918,0.13477874,0.012518146485947923,0.25334517346225965,0.0703555655385544,0.01911716624201348,0.5243303415007545,0.12033364873610983,1.835088,9
2021-12-19,0.06235764,0.31784564,0.06522129,0.026590902,0.4799892,0.04799534,0.06454046017589733,0.27449466281759327,0.06599193190510017,0.027356025402183938,0.5165775214753958,0.05103939742011082,1.8897878,10
2021-12-20,0.03778726,0.37833172,0.039402634,0.054396678,0.2976346,0.19244708,0.0421437785171154,0.3653414149837761,0.03234678538223299,0.07325602175245811,0.27974669093864685,0.2071653051372412,2.099343,23
2021-12-21,0.021868473,0.40147293,0.033655096,0.057206646,0.38403106,0.1017658,0.019153129538814567,0.36394643249239994,0.03323733056760231,0.059344049938542316,0.413437361716238,0.11088170345400584,1.9157225,25
2021-12-22,0.027012225,0.26214716,0.051706746,0.087093234,0.45279372,0.119246945,0.02711173480187418,0.23926785445699703,0.0475814761128363,0.08630793204314646,0.4662473313979655,0.13348366922228175,2.0581646,36
2021-12-23,0.018102353,0.4242189,0.024214959,0.058069147,0.30222738,0.17316727,0.016590075784120514,0.37805184754936516,0.02731695800968812,0.0654564267706356,0.31274557182343443,0.1998391162196588,1.9578068,25
2021-12-24,0.0309398,0.30575222,0.041916735,0.048381463,0.48324293,0.08976685,0.03453431173976955,0.2900827874999563,0.04424054872740982,0.06175254783646305,0.47539342266328594,0.09399639256024327,1.9002588,27
2021-12-25,0.026015954,0.34937707,0.026804727,0.012114316,0.30979964,0.27588832,0.025633548147372266,0.2922654051411683,0.028227753368379443,0.011497315483969003,0.32348345058525224,0.3188925262098615,1.9204085,7
2021-12-26,0.10371596,0.20092513,0.040035136,0.017515203,0.47238317,0.16542539,0.11156041313179373,0.18050548034884548,0.03825154259782392,0.01850820645689331,0.48048918559675335,0.1706851724998717,2.032853,15
2021-12-27,0.01553701,0.26918092,0.055494722,0.045199875,0.4354872,0.17910025,0.014063028198443508,0.2280733451849448,0.059615008433992325,0.048008440723173895,0.4582002529086595,0.19203992053869123,2.0030868,21
2021-12-28,0.0192158,0.33561873,0.05631257,0.024586158,0.44594297,0.11832379,0.019349295211478115,0.35580098500375323,0.06403504173466458,0.02876827905673352,0.4230831171261698,0.10896329485997118,1.8872474,19
2021-12-29,0.02165218,0.30458477,0.053981386,0.085446365,0.4796826,0.05465272,0.024781582200197442,0.3365231242071462,0.0540941375139375,0.10891962548062535,0.41390904642425397,0.061772498151642506,1.9102632,23
2021-12-30,0.0126733305,0.23921008,0.049308952,0.099665076,0.5115363,0.08760629,0.011669842850087124,0.1903753447773994,0.04835796674087855,0.11742687560749268,0.5365476230561258,0.0956223596483234,1.9216241,30
2021-12-31,0.028926194,0.42215174,0.033538584,0.2674481,0.18353195,0.06440341,0.03349267449472624,0.4110798241239737,0.02503164757541926,0.3004495126772532,0.16024022467708687,0.06970611405654108,2.0499473,11
2022-01-01,0.009993422,0.22905765,0.061582953,0.015881969,0.56517696,0.11830702,0.009851736438222491,0.2651213930424429,0.050785597077815575,0.016751635943960248,0.5185031535057016,0.13898646366178752,1.7255756,3
2022-01-02,0.01091813,0.036984514,0.0383035,0.04777932,0.624587,0.24142751,0.011108052034002551,0.0378379298417302,0.035162692801015055,0.0501913981270061,0.5966887286186214,0.2690111854441308,1.5561074,8
2022-01-03,0.01672091,0.3020989,0.02680721,0.03643103,0.44168535,0.1762566,0.017078796937091113,0.27098553348530124,0.028296295184944642,0.04458445110824133,0.4482082635553356,0.19084664536978252,1.8965439,17
2022-01-04,0.020629484,0.28550565,0.07399523,0.042687748,0.44404685,0.13313502,0.023031988409421292,0.32674744058692196,0.0765074128534044,0.04803101542347706,0.36739336879205187,0.1582887898771386,2.0113766,17
2022-01-05,0.014728266,0.3383745,0.024634937,0.014355724,0.39285094,0.21505566,0.01464701065049752,0.324275520804494,0.022599084269529075,0.014914631739255887,0.38316155880551994,0.2404022067898004,1.8444932,17
2022-01-06,0.021037199,0.34909934,0.032872975,0.06693645,0.33891827,0.19113578,0.01927017952017971,0.3411986853941614,0.030932082490273852,0.07522098936824605,0.32809595544597836,0.20528210349416978,2.05567,18
2022-01-07,0.026441429,0.2741352,0.037006754,0.055823576,0.37567127,0.23092175,0.029675813331704406,0.25330396259679905,0.041364725579883264,0.0657183843835943,0.38730849058651634,0.22262861530408157,2.077711,15
2022-01-08,0.018716304,0.43687594,0.01733591,0.013734814,0.32364753,0.18968953,0.019995374576940866,0.4799650693548235,0.017197697658215678,0.014398787367870841,0.32107627040210546,0.14736683438512227,1.7974097,12
2022-01-09,0.014935824,0.34383926,0.032175656,0.016512934,0.3694275,0.22310883,0.014694794505477848,0.3068642880893012,0.03677017540062064,0.01708914358256364,0.4017115529324384,0.2228700271221419,1.8910311,11
2022-01-10,0.08276088,0.48820168,0.017134117,0.021779476,0.26831263,0.12181124,0.09751827829026107,0.5293464506632118,0.015924029423711274,0.023848240050034063,0.20903957130459372,0.12432344590867575,1.9025418,25
2022-01-11,0.01815903,0.35849622,0.024912901,0.08682827,0.30928484,0.20231874,0.017010365399503336,0.32336949547306554,0.02426044042424243,0.08420464043970174,0.3214239172828625,0.2297311304668186,2.0644422,27
2022-01-12,0.039076168,0.43815345,0.029442634,0.016356677,0.3016147,0.17535637,0.028114803836706337,0.40876384733759397,0.03146433038069599,0.016170104467754392,0.30573460888066084,0.20975231475238285,1.9131938,33
2022-01-13,0.025720052,0.41543698,0.039326888,0.05651117,0.30483544,0.1581695,0.02596332152633003,0.38595904718281693,0.04104934982713357,0.06247176458709955,0.30446789355937975,0.1800886225641389,2.0234172,36
2022-01-14,0.023437774,0.31086186,0.05532055,0.09575139,0.4108692,0.103759214,0.028423916572577427,0.37640116669028656,0.033724671921246195,0.14026892199386834,0.3307866076665246,0.09039471239809993,2.072423,34
2022-01-15,0.08559782,0.2785872,0.025736218,0.018102828,0.40629977,0.18567617,0.0779480978342893,0.35106327264429393,0.023697494507350488,0.016765169201969344,0.3611064849617732,0.1694194699203027,2.0368469,10
2022-01-16,0.03187879,0.28222787,0.038473174,0.078830265,0.4409754,0.12761447,0.030802964689100366,0.2510926472202772,0.03829004885259497,0.08231104609716082,0.45662224156952935,0.14088104010134206,2.0432336,16
2022-01-17,0.0334738,0.38051566,0.033657268,0.020478003,0.3510246,0.18085064,0.025715527353950024,0.37126199961976547,0.029044235642103854,0.022624210563764464,0.3273855852317249,0.22396843504592923,1.9503917,31
2022-01-18,0.051679295,0.43488795,0.02900248,0.014774381,0.33702207,0.13263378,0.06874319459257017,0.4609187466872602,0.023544319736795532,0.014628930247854496,0.2843715477115747,0.14779325100806587,1.8966649,27
2022-01-19,0.026729304,0.45047614,0.04540536,0.025357736,0.34306046,0.108971,0.024744703010515394,0.41273428136231655,0.05240551781816629,0.02905621212494123,0.3746777883516575,0.10638149987265379,1.8729097,30
2022-01-20,0.020764316,0.35669628,0.036900833,0.07290004,0.38781488,0.124923676,0.02064377032323809,0.3315064424662713,0.03774311016202201,0.08459207341458451,0.39036242178954933,0.1351521894575642,2.002478,33
2022-01-21,0.083618335,0.4175247,0.028356953,0.023835441,0.27126276,0.1754018,0.06905845113719279,0.3832874126558865,0.027159093425906635,0.025928424986413845,0.27554564763931966,0.21902096415206995,2.050777,29
2022-01-22,0.018306423,0.49106354,0.016892226,0.014806449,0.34487626,0.114055105,0.01810467854615929,0.4710654804248732,0.017302651012754203,0.014936615060968656,0.36116187019079876,0.11742868557208325,1.685858,9
2022-01-23,0.050142795,0.4871848,0.022470366,0.07638519,0.262381,0.101435855,0.05808339888681273,0.49006907943297634,0.019949641824264373,0.09554967910724452,0.22813528724162663,0.10821290758224549,1.9697587,16
2022-01-24,0.03570895,0.48878297,0.045355033,0.05690572,0.2871736,0.0860737,0.03547203436637333,0.5037821733686412,0.04779708282103624,0.07190410247034035,0.25323535543126524,0.08780925083185916,1.9356455,37
2022-01-25,0.01683403,0.37038964,0.030182382,0.048613258,0.383314,0.15066667,0.01714235582108206,0.38469515973604346,0.02726706210016901,0.05531946223935658,0.35302013906915053,0.16255581904844416,1.9361036,34
2022-01-26,0.049646016,0.43725795,0.03353776,0.043275017,0.29474235,0.14154093,0.056414882963723205,0.4288972392870748,0.03583468876520114,0.046546391365120295,0.2842883832943526,0.14801840011836082,2.0159597,32
2022-01-27,0.02642063,0.2831662,0.03832968,0.039528854,0.39796883,0.21458578,0.02145291041553692,0.24754001495915448,0.03935661474333335,0.037619311766467524,0.406882380934588,0.24714877937592603,2.0240116,42
2022-01-28,0.042821046,0.31673834,0.047312107,0.045888152,0.38579363,0.16144675,0.03995845090215422,0.31767058434733814,0.05184032023185073,0.03422238738847593,0.3512518110899269,0.20505644925761662,2.08712,30
2022-01-29,0.022428988,0.59829074,0.047765333,0.015256532,0.28325242,0.033006046,0.02025790076143468,0.5535574103404687,0.05432383379457138,0.014997072170293153,0.3205080117649388,0.03635578109850311,1.5458138,12
2022-01-30,0.046901885,0.43049598,0.025281848,0.01570925,0.27492392,0.2066871,0.04873052456670978,0.4132167080312486,0.02697245101019158,0.015918205925068075,0.2908740713955353,0.20428802321636821,1.9410201,12
2022-01-31,0.025652194,0.21919034,0.07832053,0.045620307,0.4953263,0.13589033,0.025936013239106662,0.18944909418286657,0.09278755198383905,0.03353625477758202,0.48951746141490865,0.1687736235382278,1.9998555,30
2022-02-01,0.016930206,0.2046238,0.03140469,0.032241963,0.47505155,0.23974778,0.017583252426436834,0.20629858218830271,0.027754994536959992,0.038216711599398046,0.43161099514497625,0.2785354593235357,1.8886622,34
2022-02-02,0.01820051,0.33378062,0.025432043,0.054044113,0.37241882,0.1961239,0.018582368332570372,0.3170374836575228,0.02495355483183638,0.06367466737600982,0.34783657672467694,0.22791535186978204,1.9874308,36
2022-02-03,0.07246325,0.35845307,0.028421994,0.022575373,0.32470927,0.19337705,0.0863686627505091,0.3251575592359522,0.026153319783812686,0.027190128742971054,0.31163420310548057,0.22349615217952237,2.0597527,28
2022-02-04,0.026465027,0.32015684,0.05335908,0.024479274,0.429628,0.14591175,0.03031589256406416,0.29261354049683247,0.06307773213402293,0.026207484280319056,0.42770483218470007,0.16008052612756843,1.9501854,27
2022-02-05,0.026583852,0.35816893,0.03368662,0.09459734,0.38493183,0.10203139,0.02662010088914004,0.36034690265511293,0.03352842867744616,0.09699791217257195,0.3805477228192839,0.1019589183348723,2.0224392,7
2022-02-06,0.020555953,0.5684233,0.018809702,0.05445156,0.19218482,0.14557475,0.02107828450166141,0.5296741126329751,0.02167357526356636,0.0657369147318951,0.21383730135908377,0.14799983339970088,1.7769188,11
2022-02-07,0.017725637,0.3392888,0.02940711,0.01736452,0.45901334,0.1372006,0.01758131507626272,0.33393675625063873,0.028153177664720336,0.01697002759187119,0.44572860712477147,0.1576301205260197,1.7921965,30
2022-02-08,0.036640756,0.33332953,0.03133116,0.02859204,0.42287064,0.14723587,0.038612062226707294,0.30857599902837257,0.03273323355795302,0.030210517533755976,0.43707747207890235,0.15279070717443835,1.9382907,26
2022-02-09,0.039990433,0.20132387,0.049029708,0.058858175,0.52503127,0.1257665,0.040943943218517125,0.19967238620378286,0.052198112205731666,0.07747188910661078,0.483578613214106,0.14613505526312404,1.9693065,28
2022-02-10,0.017342716,0.39493442,0.033717424,0.06898308,0.34181702,0.14320537,0.017448265906660064,0.39309069717271783,0.031476875965985314,0.061924780280539424,0.3166221234333268,0.1794372870948426,1.9926823,33
2022-02-11,0.0427439,0.49342385,0.0399417,0.027580624,0.29812387,0.09818608,0.0366073282552553,0.4905685192189231,0.04294075756072786,0.03232498652206193,0.3085755983461053,0.08898280115451615,1.8749838,40
2022-02-12,0.10571575,0.600125,0.013094464,0.013717027,0.18371715,0.0836306,0.10323772999211396,0.6010907631140641,0.013254977420175033,0.013745174584888817,0.18768091294599795,0.0809904274721416,1.7000467,9
2022-02-13,0.014861125,0.30152518,0.049231086,0.024180392,0.4573822,0.15282002,0.015314310120474546,0.31403862949915434,0.047538580217002226,0.025743387257759667,0.4370686858284662,0.1602964137707939,1.8858228,14
2022-02-14,0.022996297,0.43285832,0.02047865,0.048492465,0.28053218,0.19464211,0.023365789291360784,0.42906328141503147,0.018322954460643272,0.05732971559282571,0.2458635824501058,0.2260546757257569,1.9486656,25
2022-02-15,0.029189512,0.3485339,0.041810855,0.056389198,0.35441643,0.16966009,0.027582519178021455,0.3058631059866671,0.04595854805264602,0.047149134623874746,0.3800127648837213,0.193433932880768,2.0688164,34
2022-02-16,0.029495383,0.33932889,0.033504248,0.040687215,0.43313783,0.12384645,0.028771766784236076,0.3492039648911042,0.032042145616934935,0.0494070046617477,0.4043960044284069,0.13617913221741546,1.9271697,30
2022-02-17,0.075343646,0.49568394,0.031589184,0.07251657,0.24170119,0.083165444,0.07228424069514211,0.4781896061166278,0.029736233979281133,0.07901518207623283,0.24455703138661786,0.09621769450352916,2.0084732,35
2022-02-18,0.049918175,0.4081204,0.042372707,0.04123728,0.29265526,0.16569623,0.04279098101173832,0.37964447934307666,0.043492974902176,0.05264916224942442,0.2979897090498862,0.18343270443968482,2.0749826,29
2022-02-19,0.014781376,0.2992193,0.04208596,0.0217174,0.52204216,0.100153744,0.014379701387637946,0.27286486026297674,0.040155463445001476,0.02256473381829822,0.5261326369607446,0.12390261693202452,1.7451065,10
2022-02-20,0.05962156,0.4004337,0.035218295,0.034765355,0.33360147,0.13635962,0.0558861026089044,0.3722277876093892,0.035670008484741195,0.03758672690881914,0.35631675577412353,0.14231259026376847,2.030084,12
2022-02-21,0.017012099,0.3737777,0.063473694,0.016829537,0.40998682,0.11892015,0.017242460786409498,0.41048386914812546,0.06476428925536998,0.017262046667635342,0.3498015027714932,0.1404458299825262,1.87501,28
2022-02-22,0.049966134,0.3674493,0.03079468,0.029886028,0.33682078,0.18508309,0.039086472214165266,0.3805931755147687,0.029567993022628775,0.033581737454616345,0.28561083355148786,0.23155980683192562,2.031954,34
2022-02-23,0.052169167,0.44691518,0.030369502,0.077110596,0.2412094,0.15222616,0.04953705979758133,0.42708265526269584,0.03017072560678987,0.09620083755709674,0.22558612583191298,0.17142258795421314,2.0880077,28
2022-02-24,0.028375607,0.40967128,0.033700135,0.01693978,0.37809712,0.13321608,0.024394124752913655,0.37180840682328864,0.03269555018594254,0.016551553202833066,0.36848255536381125,0.18606780094082118,1.8557076,37
2022-02-25,0.086595505,0.34461337,0.026747009,0.030843757,0.37349597,0.1377044,0.15442568266351167,0.26530698654867896,0.03004998860652407,0.026606805958177507,0.4146373817769655,0.10897316294294715,2.0543973,37
2022-02-26,0.015993504,0.32629132,0.016111832,0.03598079,0.27089912,0.33472338,0.015528080522361964,0.3108572275735227,0.01540431094143415,0.03547704702640981,0.2683325730287024,0.35440075183873876,1.9301134,17
2022-02-27,0.02800655,0.4420036,0.046529323,0.027895644,0.37809417,0.0774707,0.02009857537122536,0.2974744790072769,0.0427295195415246,0.02171217990354154,0.5486168930081073,0.06936832634997517,1.8314747,19
2022-02-28,0.039663747,0.35042253,0.034774173,0.014464037,0.44464684,0.11602863,0.04282421855428092,0.3803614898372403,0.030814424741343174,0.014309810336315615,0.4161529837074525,0.11553706582346916,1.852176,48
2022-03-01,0.074944586,0.47483224,0.022231823,0.052455433,0.26873133,0.10680458,0.07878008498585154,0.4827711654355857,0.021836527541848286,0.058346671031518,0.24153851260168438,0.11672703451920576,1.9896226,37
2022-03-02,0.08188359,0.32551742,0.06136999,0.0544011,0.35031503,0.12651286,0.02350865412051373,0.4515704486434712,0.025137052316767983,0.03597066697987668,0.35400662963350316,0.10980655932556202,2.2057562,215
2022-03-03,0.13319337,0.30271038,0.086759716,0.055809163,0.31324318,0.10828421,0.06965411244736971,0.4274569796491569,0.02439090749001209,0.027838096191947444,0.303808505219567,0.14685139949643997,2.3194401,426
2022-03-04,0.19999178,0.27366033,0.11008708,0.059774753,0.27402034,0.082465716,0.04479055922202472,0.3774574905027582,0.030043856045780658,0.020058551854532095,0.35186854780641713,0.17578098850386562,2.378034,655
2022-03-05,0.13383973,0.3120007,0.07197467,0.041800827,0.30378738,0.1365967,0.05476663255822035,0.35179122586000805,0.026959550323173313,0.01990241944563768,0.38892635448242097,0.1576538095020181,2.2917848,329
2022-03-06,0.25554824,0.2279452,0.09169339,0.029705366,0.32169953,0.073408276,0.029069929598543032,0.31085933735222904,0.044963909383453626,0.019572474352529342,0.5114686549810912,0.08406569161381043,2.2590015,460
2022-03-07,0.17882058,0.30975047,0.0989209,0.036897574,0.29480982,0.08080066,0.03818590930793252,0.5143660483335345,0.05420398984907164,0.0424884302300205,0.1770234333977637,0.1737321806459328,2.286382,682
2022-03-08,0.18339182,0.29399383,0.10297355,0.043523584,0.28017956,0.09593765,0.0288879267794461,0.2838481469472212,0.03901947511882405,0.054098775740841036,0.5109797305621514,0.08316592058150764,2.3412576,695
2022-03-09,0.1839425,0.27020106,0.13172501,0.043112464,0.27879232,0.09222666,0.04499839592834932,0.390985912482383,0.02980681916562962,0.02176856668975631,0.34277714583430396,0.16966313812129227,2.3710647,685
2022-03-10,0.1766579,0.30512938,0.10535797,0.042625118,0.26979372,0.1004359,0.04294442665335797,0.3203711473861272,0.03764452043197929,0.02062153395701333,0.3961520254458357,0.1822663349871245,2.3433864,491
2022-03-11,0.23644571,0.27748224,0.10101906,0.038588688,0.26343608,0.083028205,0.027231431324023656,0.43377428255733874,0.023449080230860078,0.028675244918453108,0.3139881528609569,0.172881820970436,2.3254879,847
2022-03-12,0.22144112,0.24165858,0.09916077,0.0548165,0.3111119,0.07181114,0.025143938845189027,0.36695111706551337,0.02871683725194754,0.02923497339243761,0.4483132409885421,0.10163988636053128,2.3339572,219
2022-03-13,0.23339808,0.27971953,0.10016942,0.038353402,0.2642488,0.08411077,0.09331359602812012,0.3148665386788436,0.02555158502375329,0.06816322169989351,0.30034113638527343,0.19776393211728024,2.3247616,645
2022-03-14,0.13941061,0.28785548,0.116478056,0.05142574,0.31336778,0.09146233,0.01859777188887791,0.31309641907868735,0.054126969062877645,0.016951126711016527,0.45212186530308274,0.14510584337893198,2.3351223,690
2022-03-15,0.15117252,0.28299704,0.106209494,0.047529828,0.30602857,0.10606256,0.022663586030518542,0.38735296137115866,0.035979024359097465,0.021435688822342206,0.39318097760581266,0.13938776485860727,2.34602,740
2022-03-16,0.22920689,0.3331006,0.08388813,0.04313009,0.23013283,0.080541484,0.023815975791288913,0.4093640870298081,0.032311431483222464,0.07942608372938241,0.30944673899643305,0.14563566957151075,2.291406,673
2022-03-17,0.1676388,0.32618412,0.09005443,0.042618986,0.2815611,0.09194258,0.0723003496689981,0.2700288526669102,0.05058892213960607,0.03672488312216863,0.4139623297066306,0.15639465918147377,2.2973056,461
2022-03-18,0.19170436,0.27401316,0.115073495,0.045959547,0.29788288,0.07536655,0.039840041736861564,0.3485983535869239,0.04636850251723132,0.04907665515493536,0.4168156376918803,0.09930081269505929,2.3333557,597
2022-03-19,0.19220018,0.2212627,0.10702561,0.0560758,0.3368312,0.08660452,0.03508845090598651,0.24118975330432302,0.057084087101755845,0.02098127953851267,0.3836881833256826,0.26196822473933107,2.351391,563
2022-03-20,0.18474306,0.26618654,0.105964184,0.0397962,0.2815979,0.121712096,0.013560869111313316,0.20352862127868274,0.050798208550419235,0.014643214029456425,0.5895059694452665,0.12796310759324173,2.3713002,602
2022-03-21,0.14704672,0.2984858,0.10772749,0.04306665,0.30215368,0.10151969,0.026155909366167514,0.3293517293299603,0.043368613621744705,0.016887643696405642,0.47197547075493224,0.11226063900051303,2.3257635,472
2022-03-22,0.08573617,0.2845706,0.080646954,0.043916337,0.37900034,0.12612961,0.05015351592131191,0.3280151600523577,0.02344605756125659,0.07891272087720624,0.37500034189752857,0.14447220241353037,2.218013,209
2022-03-23,0.12587647,0.31697434,0.10458817,0.041958082,0.2956424,0.11496053,0.02665455165035821,0.43220498591691364,0.024703463487929796,0.03429584029666741,0.3442191089724053,0.1379220736687979,2.3129141,685
2022-03-24,0.13096017,0.28636846,0.09143406,0.047004905,0.33263314,0.1115993,0.04450710616146157,0.3744559502030054,0.02637377931308464,0.029235698530627217,0.37310451963559765,0.1523229399628195,2.3048713,962
2022-03-25,0.18066126,0.2619357,0.11099549,0.034732986,0.31873482,0.09293969,0.014857846893685472,0.20016311664139066,0.03875667121247906,0.04740253137400977,0.5089284694496529,0.18989137479042092,2.316951,507
2022-03-26,0.25152248,0.24234855,0.11645908,0.044801835,0.28509656,0.059771482,0.04530028813711847,0.2405913980433636,0.029239174528665996,0.018177963004920472,0.47773528305061214,0.18895589371222019,2.3174968,272
2022-03-27,0.19132952,0.2471956,0.108574264,0.036305074,0.33490172,0.08169383,0.015322592753418485,0.27191797339413687,0.04204545387108618,0.018828957029575235,0.5662448022490312,0.08564023044291441,2.3001134,673
2022-03-28,0.15730226,0.24793726,0.119581886,0.049665544,0.31441888,0.111094154,0.03315917795597132,0.28552536672091533,0.025869751540091475,0.04686058315172855,0.4280027972830551,0.18058232276181416,2.377129,723
2022-03-29,0.17129979,0.32197043,0.1048032,0.028484378,0.2820833,0.09135893,0.03648210903518672,0.36919430059043123,0.029304665372401843,0.044112513917634606,0.3628485584916336,0.15805784449148627,2.2801628,760
2022-03-30,0.19253455,0.25151888,0.12644199,0.046547275,0.29479834,0.08815897,0.03544332781685154,0.3474872137927738,0.03328967943873679,0.03527250904795888,0.39117024653724913,0.15733702358973453,2.3700511,768
2022-03-31,0.17935805,0.2643166,0.11128696,0.03033067,0.31621015,0.09849759,0.020419256803902174,0.3673772875475627,0.041671922217659814,0.03169088453341484,0.43468692221481614,0.10415373223281982,2.312112,670
2022-04-01,0.16820677,0.2617986,0.10148343,0.040175416,0.32678252,0.101553276,0.0189776494241668,0.42366307261680486,0.021899561206757442,0.015655786283501564,0.3368933564622339,0.18291057153299908,2.3224256,661
2022-04-02,0.1212135,0.20249364,0.09763982,0.09353989,0.39940408,0.08570909,0.03277187087233719,0.1939562159245534,0.057065450713107854,0.02549367785001323,0.6554367932521626,0.035275987068521614,2.3156679,546
2022-04-03,0.18751773,0.22134836,0.11426732,0.05433298,0.31800252,0.10453109,0.015629204182517408,0.17488599940109237,0.04425304666492905,0.030478495950588883,0.5405026683497689,0.19425059321878216,2.3864994,568
2022-04-04,0.1964181,0.2903375,0.10638227,0.036845714,0.27107987,0.098936535,0.03074673645242062,0.4868127940713862,0.049194192395011445,0.012852506084454034,0.3303300494742923,0.09006373183082063,2.339267,663
2022-04-05,0.20416546,0.32444754,0.105582654,0.04008096,0.24526109,0.08046228,0.051015640986527416,0.37355525417686253,0.02760479552778136,0.03405426772713823,0.4109581991947919,0.10281184470045925,2.3131645,673
2022-04-06,0.20659189,0.2757795,0.12906109,0.043788422,0.26774618,0.077032916,0.05135634304143051,0.47754565217131245,0.02679345603311107,0.02848522754217244,0.287566494995327,0.12825283428871512,2.3552985,1075
2022-04-07,0.21865132,0.26571685,0.10536719,0.041371766,0.29247162,0.076421246,0.04567957847878774,0.44040313784120677,0.023563178166745306,0.04739514054743343,0.316187442768686,0.12677153184131296,2.3220654,949
2022-04-08,0.14236464,0.34713227,0.100730486,0.03547394,0.25848705,0.11581167,0.026156994418859512,0.34531040219212783,0.03189451871643407,0.031765000363154966,0.41717086778573215,0.1477022254004488,2.2994137,558
2022-04-09,0.14646916,0.3061265,0.10473053,0.050010562,0.30134657,0.091316685,0.04038199300615115,0.3542499179880651,0.041365553495832014,0.025210200711670825,0.381998866017701,0.15679348242350785,2.3225644,395
2022-04-10,0.23339748,0.30564523,0.091382176,0.03768643,0.2712256,0.060663067,0.034957182751206343,0.2984431551280331,0.041174575791410206,0.020566542544718174,0.45807021194502107,0.14678833363092786,2.262132,353
2022-04-11,0.15446405,0.23926178,0.1265027,0.044404164,0.34312266,0.09224464,0.04471589235173936,0.34008310777435824,0.03382689766782905,0.048434192660888054,0.428538740791676,0.10440116778182665,2.333429,734
2022-04-12,0.16227289,0.29409888,0.09785478,0.038202528,0.29950538,0.10806554,0.020001910441721733,0.32592358552447026,0.033270699453871844,0.06790459972297558,0.42591569574486016,0.12698352548644198,2.320898,794
2022-04-13,0.16692548,0.33547917,0.118830316,0.032468546,0.2602696,0.08602685,0.055727613890024036,0.3913536956583838,0.049688456193910734,0.02236212078967352,0.38710042961315144,0.09376768040749858,2.2953362,876
2022-04-14,0.20551138,0.2901745,0.1086718,0.041676756,0.27583906,0.078126475,0.03495683842658204,0.3051104463276061,0.03170212451505757,0.05769861889802838,0.4158037710464123,0.15472821636536152,2.3260095,640
2022-04-15,0.15080242,0.30481485,0.11041519,0.039791618,0.3041246,0.09005135,0.032255211732834244,0.27087351855674846,0.03509506967548759,0.025931755255309465,0.534829905988692,0.10101452706116258,2.3051472,551
2022-04-16,0.22125104,0.28132823,0.11451405,0.04196188,0.27036527,0.07057951,0.1105790357890777,0.11529514764259964,0.10110087364514334,0.015320079076004996,0.5414766766220338,0.11622821567182048,2.3263416,525
2022-04-17,0.21146174,0.2594067,0.118140966,0.037674855,0.29765397,0.075661786,0.06427469523516938,0.3903974633501192,0.029134395694143094,0.021264896936982743,0.335276014457426,0.1596525678384954,2.3234143,400
2022-04-18,0.15762925,0.2596906,0.11665081,0.03442041,0.3215082,0.11010074,0.019604016680320576,0.3057924839688694,0.046717521751635994,0.020102336737950127,0.45487748071725714,0.1529061740098305,2.3309612,560
2022-04-19,0.18217947,0.29099548,0.1094292,0.05478764,0.27492055,0.08768767,0.02075204171051229,0.4037758541854439,0.030876415188332087,0.023808887253979595,0.3814544180808129,0.1393323713866714,2.3646972,633
2022-04-20,0.20875522,0.28165817,0.11687031,0.0279664,0.2868588,0.07789111,0.01885907534964572,0.36539340391679076,0.024994207051806307,0.03735076543339233,0.37952108212269176,0.17388147643619647,2.296565,584
2022-04-21,0.19837283,0.28300306,0.10560304,0.043712985,0.2666192,0.102688886,0.033013184819435,0.46872836197439965,0.026074304373003558,0.020506162916778765,0.3406178113790018,0.1110601768774633,2.3639002,638
2022-04-22,0.1899574,0.31705102,0.09888457,0.03599279,0.2640353,0.09407892,0.07595511251768389,0.34133820224380024,0.04949153876047679,0.029054196919389392,0.4303033479832562,0.07385761316005632,2.3113928,634
2022-04-23,0.18218727,0.29799998,0.113863565,0.04051681,0.2675184,0.09791398,0.13525893020612703,0.48598363837441777,0.03752578661761382,0.012413081714582545,0.2596472703152751,0.06917129062353715,2.3494973,355
2022-04-24,0.19634393,0.271033,0.11247936,0.036542594,0.30523136,0.078369804,0.07671459049709378,0.30863583879247497,0.0349480661448906,0.10315444253451919,0.35528457163834243,0.12126249968017457,2.3110914,393
2022-04-25,0.1565832,0.3180235,0.12018667,0.024883011,0.30290896,0.07741467,0.04584441483520274,0.3679003269392225,0.05613498840356213,0.02549082571843212,0.4408957898335894,0.06373366002094795,2.2521324,597
2022-04-26,0.20389256,0.27933246,0.11108656,0.034516606,0.27880943,0.09236239,0.01678560955941967,0.2580972548850302,0.03658387424308725,0.04334779600425824,0.5210867829999261,0.12409868749583673,2.3326695,419
2022-04-27,0.17707704,0.27345246,0.12095347,0.042905677,0.30568197,0.07992937,0.08407367883716581,0.3095845495490804,0.03054059833989564,0.05562423887906022,0.3916949992869188,0.12848193893336043,2.3313367,742
2022-04-28,0.20172209,0.29160887,0.10919427,0.03908279,0.2802276,0.078164354,0.04426929332226645,0.26574271839966834,0.06324517167893164,0.08400576424809128,0.45995668410913565,0.08278037155080503,2.3177676,668
2022-04-29,0.15588388,0.29320145,0.10967488,0.030959168,0.30359107,0.10668955,0.030586957233232744,0.3071752336891514,0.04989350724145634,0.02292021455593457,0.44185395145233686,0.14757012331516453,2.30847,596
2022-04-30,0.19158308,0.29854065,0.10902665,0.032436352,0.2806297,0.087783605,0.01988869252194453,0.4045500785568511,0.0894929642282844,0.01482165835075018,0.3298770804643091,0.1413695382309419,2.3089838,565
2022-05-01,0.15683572,0.30962643,0.111386284,0.039406423,0.28011623,0.102628924,0.032108387813587526,0.5758756337172464,0.016624818702184938,0.01856166825311868,0.18452651298550612,0.17230298914131595,2.330759,501
2022-05-02,0.18496102,0.23669471,0.13191031,0.036152486,0.33156434,0.07871714,0.022389495879425847,0.46877319268866524,0.03780935117559243,0.01902492859134618,0.3229171447361668,0.12908587780508152,2.3177755,620
2022-05-03,0.12416302,0.2621257,0.13155644,0.026028056,0.3498669,0.106259905,0.06265974981576407,0.38558186377206327,0.02691327327921647,0.06587233373021924,0.35554854472258507,0.10342422607886936,2.275776,476
2022-05-04,0.17497966,0.3399497,0.09778587,0.033777744,0.24869502,0.104811996,0.08556849457785919,0.5049917030978542,0.045630894807188065,0.023136704942429417,0.2484484288221845,0.0922237812946545,2.30263,747
2022-05-05,0.1940562,0.29571775,0.113304876,0.047082137,0.28091305,0.06892598,0.028745467036584753,0.3560943484016584,0.04159883803229294,0.031265268593896056,0.42454362369036946,0.11775246221614366,2.3229082,393
2022-05-06,0.16607381,0.23582172,0.12548673,0.04839188,0.3494946,0.07473125,0.04986984729232886,0.3586747863849573,0.03494995734671706,0.017788798513188084,0.4167097831907402,0.12200681266738617,2.3185594,399
2022-05-07,0.16851702,0.2591623,0.10190489,0.0436913,0.34438348,0.082341015,0.03012256951231979,0.33610277453749665,0.06065527181192798,0.026584088886455144,0.3326591464644787,0.21387616591411818,2.2971156,320
2022-05-08,0.15051512,0.22349975,0.09750089,0.076124005,0.36451235,0.08784786,0.09436316016841538,0.3611920641521343,0.02605259611700103,0.031184750737518054,0.3528987733539046,0.13430866645550935,2.34359,356
2022-05-09,0.18047674,0.2033641,0.118490726,0.07461586,0.37289727,0.050155297,0.07690869887984209,0.2638830929139261,0.04878324977635317,0.07585267269272586,0.45079413908744526,0.0837781563415622,2.3043368,169
2022-05-10,0.18001576,0.22804971,0.1367738,0.0425626,0.32622907,0.08636904,0.02647869532685299,0.4225397820430194,0.06386067208576322,0.04735569521841288,0.28276364598425285,0.15700150102342808,2.3504305,549
2022-05-11,0.19963859,0.25520268,0.12674892,0.03931252,0.31560782,0.06348949,0.07423055072768177,0.4317617800093196,0.05346397883209846,0.10692744143910081,0.247396070717178,0.08622017025008051,2.305766,572
2022-05-12,0.1672565,0.3137721,0.1028475,0.043838404,0.2694663,0.10281915,0.04227861901769128,0.5076951920843535,0.02451787216672155,0.015715344073093825,0.30902609426613403,0.10076687101648064,2.338679,660
2022-05-13,0.15084155,0.34239438,0.10800557,0.03163868,0.281543,0.08557682,0.05211061972719961,0.3680822827883931,0.04196969487275052,0.019182014292622902,0.4073649302683174,0.11129047182459648,2.263812,522
2022-05-14,0.13900039,0.23720157,0.13209102,0.034884736,0.35940582,0.09741649,0.042215894854848814,0.27214474314357,0.025764642706319153,0.07506473304122208,0.30681997102973585,0.2779900248564967,2.3006275,308
2022-05-15,0.18909912,0.2719225,0.11169288,0.043093577,0.30783805,0.076353885,0.05442764104915429,0.6125349204220577,0.03093221894847482,0.020413099003438788,0.21417121238600087,0.06752088904384283,2.3205504,372
2022-05-16,0.12568618,0.2703636,0.109831356,0.032701913,0.38112834,0.080288626,0.02147837313502492,0.4895481738377036,0.025765826178076337,0.02540008157909244,0.3241686741798473,0.11363883891910548,2.2201498,327
2022-05-17,0.13003658,0.32484868,0.08917851,0.0359414,0.29984722,0.120147616,0.02229207728124042,0.4289246384534591,0.045221269005310316,0.03844309108130931,0.37255944728992163,0.09255947558319826,2.2814403,410
2022-05-18,0.1964374,0.2790939,0.11216819,0.04783294,0.28204826,0.082419306,0.03152463716285464,0.3903075275565203,0.02812898172786408,0.05420466675670179,0.37247294127944136,0.12336127238523013,2.3506868,533
2022-05-19,0.20946981,0.23635413,0.1250161,0.047474217,0.28851432,0.09317144,0.06691871595596467,0.4381881188359337,0.02870448783421355,0.029642176069280185,0.28900616101652926,0.14754034580521078,2.3844013,638
2022-05-20,0.1994504,0.22865584,0.1371523,0.03938951,0.32428735,0.07106461,0.05213051704259521,0.31854541711652823,0.030515853445545537,0.027371239461188652,0.4086822351747045,0.16275474262708084,2.3254917,590
2022-05-21,0.13607186,0.20910086,0.13681336,0.105006,0.35059884,0.06240911,0.02109400421500286,0.4048041846333259,0.026120838291417196,0.18238506168020227,0.25049245024968964,0.11510345462397092,2.3775966,345
2022-05-22,0.13893746,0.27552134,0.120782115,0.053457372,0.32809007,0.08321164,0.022264402473569755,0.33081653620963364,0.04439861105089146,0.05394327480052797,0.39365928060907307,0.15491787680040403,2.328239,413
2022-05-23,0.16341664,0.34656996,0.09882846,0.042146657,0.27256292,0.07647535,0.036470293851168144,0.23725453930659965,0.04424878754006106,0.014216239234898483,0.5404810789425207,0.12732910060946462,2.2742085,596
2022-05-24,0.20894837,0.2873816,0.09797393,0.047310777,0.27505335,0.08333196,0.07695431439850384,0.3735646244375684,0.020071626633834456,0.04561821320843067,0.3135878961704237,0.17020333085680847,2.3365123,676
2022-05-25,0.2308533,0.2722216,0.11635579,0.039209038,0.26972386,0.07163643,0.07248498429461565,0.6008463590754999,0.02634693527494362,0.027549552522980726,0.2150478545355742,0.05772431018270815,2.325894,654
2022-05-26,0.18246558,0.30056962,0.1133912,0.041664958,0.2669001,0.09500856,0.045874787173418564,0.4046921922803342,0.06266879969409578,0.03437962769094253,0.3451080813434543,0.1072765171087268,2.3474782,615
2022-05-27,0.23229004,0.2789122,0.11405175,0.043136444,0.27746132,0.05414825,0.06006884702331725,0.3521993033966579,0.06901074748727087,0.019080752672838684,0.33189307010647956,0.16774728703843908,2.2968535,415
2022-05-28,0.2165374,0.22599065,0.13216472,0.052948985,0.29592228,0.07643596,0.02941381532045258,0.22573879517096326,0.06822086895899139,0.02735020708501297,0.5678571877653631,0.08141909441097601,2.3765938,406
2022-05-29,0.16057655,0.25159776,0.14436662,0.03871116,0.3378183,0.06692957,0.02261768783735436,0.3710779584185542,0.03625471348499159,0.024173332469320307,0.3408929485716236,0.2049833696038701,2.2993104,311
2022-05-30,0.22489998,0.2584626,0.114430696,0.042212825,0.27985984,0.08013408,0.037333394320953436,0.34055859466188887,0.0344521784830579,0.021762493206170606,0.4368026780617804,0.12909066131568345,2.3452382,641
2022-05-31,0.21702628,0.26461,0.10623864,0.04430535,0.3015837,0.066236004,0.050215769404593026,0.44989123551818977,0.02711368816171784,0.020920793266153603,0.3169897842408331,0.13486871331255862,2.3096776,666
2022-06-01,0.20740458,0.26240942,0.1311936,0.03763799,0.2759263,0.08542812,0.05206640694543903,0.5287610698224471,0.03264184048684882,0.03456574519363083,0.21345826548797653,0.13850666794915317,2.355467,542
2022-06-02,0.19421321,0.26728946,0.11152233,0.03960243,0.30895564,0.078416884,0.02497866473151192,0.5672692986846156,0.030975289906675932,0.030183001562045463,0.24622266599380044,0.10037107247877927,2.316905,506
2022-06-03,0.18315563,0.2961761,0.10750603,0.034787547,0.2875357,0.09083898,0.0347082304889787,0.45473994472024115,0.027854256524681584,0.03228715658313619,0.2787389431470344,0.17167147254156617,2.3143039,543
2022-06-04,0.16101702,0.34454703,0.103134885,0.02363039,0.2933774,0.07429327,0.043233324315269384,0.770580604662257,0.014613479360901804,0.015522402955232589,0.13326668699048888,0.022783477332881216,2.2172556,424
2022-06-05,0.19683433,0.22898698,0.13649942,0.028273843,0.332646,0.076759405,0.0436912731671691,0.29884572056935604,0.06861453273663369,0.03528583784895689,0.483155023541213,0.0704076223143753,2.2986643,356
2022-06-06,0.16579433,0.24417919,0.13101858,0.033235002,0.34823292,0.07753997,0.026169984706698388,0.7484713370387598,0.01425456998819965,0.02757529025407213,0.14769236066624192,0.03583643999049409,2.2898796,662
2022-06-07,0.16352315,0.2562434,0.12576705,0.039475437,0.33234298,0.082647964,0.04820852131281357,0.3807317417188184,0.03379222205367451,0.0298543585309187,0.37384069043685986,0.13357247237129133,2.316275,593
2022-06-08,0.27473736,0.23588641,0.09899208,0.038676523,0.28769112,0.06401656,0.19666041236552198,0.259903981029939,0.0335388895405286,0.06043595442567224,0.3531072854447781,0.09635347957695246,2.286352,507
2022-06-09,0.22007439,0.2913688,0.115961604,0.03273804,0.25930133,0.08055581,0.03887345759265295,0.6830384022657022,0.01824777555461738,0.02084547013406512,0.18165922738517848,0.05733568255968494,2.3185978,784
2022-06-10,0.21114063,0.30558252,0.11075569,0.038529024,0.26085618,0.07313595,0.02221297670984846,0.47139974451212907,0.028348546611329503,0.013583902192348694,0.3131341778639675,0.15132065260162947,2.3106816,687
2022-06-11,0.19131048,0.22789529,0.13183339,0.032597322,0.32799304,0.08837049,0.016261176388683397,0.2203301376381584,0.020059091914427764,0.010118802708844429,0.27377036243400826,0.45946041237804736,2.3258967,475
2022-06-12,0.21939509,0.24773206,0.12752672,0.045882702,0.2867616,0.072701834,0.021309084016789798,0.4460264857870863,0.04899450622759601,0.12591112367967283,0.2921107980642682,0.06564800621363794,2.353448,329
2022-06-13,0.23844859,0.22461754,0.13841677,0.046833795,0.2876295,0.064053826,0.05367123931230263,0.7266927653638187,0.01609727954921339,0.016710874750435572,0.149498241091802,0.03732960479434413,2.3498454,692
2022-06-14,0.17428367,0.23111169,0.12146942,0.03589187,0.3527696,0.08447375,0.04840749818541682,0.5554731623143981,0.026694985425326768,0.03644749177879813,0.25311064351942136,0.07986621959055105,2.3008776,590
2022-06-15,0.22767538,0.27296796,0.119928665,0.041774295,0.26340613,0.074247606,0.1175247942167663,0.42478332270254354,0.055251707136091836,0.016253588766226828,0.28668034713603,0.09950623127408119,2.3412304,958
2022-06-16,0.2187725,0.26469183,0.096786395,0.031794857,0.29468617,0.09326823,0.03775099457832203,0.3561529521001506,0.055107773066372726,0.05034333471702313,0.3867048302129995,0.11394012246413163,2.3101602,520
2022-06-17,0.23270547,0.26525065,0.12582345,0.03288918,0.27847335,0.06485789,0.04174189014152844,0.3126694649135981,0.03314061123756592,0.017966431588317903,0.480908318356491,0.11357328447425526,2.3051975,573
2022-06-18,0.20351942,0.22649701,0.12367454,0.04301013,0.32011557,0.083183326,0.04540815959822019,0.4765814529493508,0.043009137780331295,0.06145912864434852,0.29917191324174947,0.07437020825480681,2.3453298,492
2022-06-19,0.22938691,0.20637846,0.13399655,0.04253822,0.32015607,0.0675438,0.09182036585475381,0.3911150854329877,0.04641806089804903,0.03197438249218175,0.31707883725167346,0.12159328406323094,2.328097,332
2022-06-20,0.19925243,0.29881775,0.11829494,0.048718516,0.26991805,0.064998314,0.030407490841417077,0.5264863717472926,0.05824057134891163,0.043750073936559955,0.23668179971181852,0.10443368772844579,2.3274443,682
2022-06-21,0.1670995,0.29288247,0.13006261,0.036551397,0.28658435,0.08681964,0.019543607438313428,0.20745945292699103,0.028179036352287534,0.4906417957853205,0.22423551686258136,0.029940606067561847,2.3302393,668
2022-06-22,0.15167663,0.25851077,0.12266308,0.046595126,0.3354948,0.08505958,0.16449715318811312,0.5476901387618167,0.02512717964697157,0.016080057085685457,0.15795571729352648,0.08864975777223838,2.3257263,529
2022-06-23,0.1753804,0.2801104,0.11710715,0.035901394,0.31035164,0.08114898,0.452866798495831,0.24292142188389673,0.026619572369243845,0.016493958910964383,0.18601102480585271,0.07508718447357571,2.3072894,631
2022-06-24,0.22890353,0.22990012,0.12619212,0.0432777,0.3028804,0.06884611,0.030566579301433684,0.3411093827433452,0.04469189504796154,0.02392681371624817,0.45542859502321004,0.10427673648274297,2.3351238,718
2022-06-25,0.22535099,0.19614369,0.12812178,0.035090182,0.34902263,0.06627074,0.18646149084467578,0.34348216815745775,0.02472833414718006,0.020255866561692877,0.3472574943312514,0.07781462561416133,2.2842898,542
2022-06-26,0.22172448,0.21919683,0.12354255,0.03762976,0.3333461,0.064560294,0.023530713221102603,0.7005359847323754,0.018177926999987867,0.019710370360299767,0.18723015037472143,0.05081484492225019,2.2961428,457
2022-06-27,0.23561412,0.29537347,0.1022433,0.03614677,0.26167032,0.068952054,0.15984847360581222,0.5805966037425248,0.04586323618282622,0.01503711736897285,0.13178767184960455,0.06686690724386661,2.2927175,590
2022-06-28,0.23842688,0.28300366,0.10790535,0.03956069,0.260277,0.07082641,0.019877663706374227,0.477363202955193,0.024519302719054652,0.04886124715910971,0.2978591733942783,0.13151941841116307,2.3154447,684
2022-06-29,0.1949068,0.26335433,0.12953153,0.045873072,0.29298866,0.07334558,0.032890750748842526,0.36037597947138433,0.044003326400441994,0.04974459917897262,0.40690155567267666,0.10608379490215995,2.3480089,733
2022-06-30,0.20543183,0.30362538,0.10791902,0.03986232,0.26644364,0.076717794,0.032336431417200724,0.465224842800566,0.03442362064226877,0.02815886713412702,0.3853612196262547,0.054495011062209046,2.3157136,659
2022-07-01,0.20919225,0.2702084,0.11377073,0.032135725,0.29516235,0.07953057,0.04384435046137816,0.37259680999367817,0.030518740644272502,0.027777306799173264,0.3838326330601581,0.14143016792324425,2.3085096,864
2022-07-02,0.21960722,0.27501866,0.10657461,0.038109038,0.28207,0.07862047,0.03682027423132869,0.4452770914296332,0.03474980672751545,0.04739559412295012,0.37960357649715143,0.05615366008691651,2.3198333,425
2022-07-03,0.19695427,0.25863314,0.15005618,0.044516996,0.28862387,0.061215576,0.020877692231722367,0.6172142666415926,0.02257373334632666,0.028391768277542067,0.23161634345373014,0.07932620967864892,2.3408723,395
2022-07-04,0.22917175,0.2804283,0.121158935,0.033754315,0.26488373,0.070603006,0.06595142724404264,0.4788553143619515,0.03683363277899192,0.04184727962405381,0.24979599485703266,0.1267163569869466,2.3131053,520
2022-07-05,0.19696195,0.29341006,0.11566064,0.04213635,0.27391115,0.07791987,0.03982982918866345,0.3968842081819003,0.027060752085795402,0.04910018859476191,0.3183871403479726,0.16873787366322185,2.3317945,713
2022-07-06,0.16897158,0.3164445,0.097292036,0.0379692,0.29066566,0.088657044,0.03788651127760778,0.38135639243008274,0.04266294741803684,0.018293633182605247,0.3970144323699874,0.12278608209493978,2.2929978,610
2022-07-07,0.22075191,0.291894,0.109185494,0.04374932,0.2665705,0.067848764,0.0778475338285786,0.35303708506818765,0.029717123916235683,0.018951442045708703,0.3134157606626601,0.20703106684300407,2.3178651,812
2022-07-08,0.16629799,0.29744992,0.11347486,0.03595384,0.3111521,0.07567126,0.03618077399910508,0.4623791158340687,0.03063524584314533,0.02275516043426754,0.2820072053497715,0.16604249985279781,2.2853699,426
2022-07-09,0.15440677,0.21555738,0.1634341,0.054141406,0.34350517,0.06895516,0.018511554615166792,0.42647782142992796,0.02290962869988195,0.10870162394661723,0.2932334557220423,0.1301659305286078,2.3438268,224
2022-07-10,0.14148912,0.2896495,0.11676475,0.030590858,0.34072605,0.080779746,0.08942415250335514,0.49026841656249254,0.04784001129961643,0.14228247693721427,0.1969123953249192,0.033272557171900474,2.2551022,180
2022-07-11,0.20822135,0.3073066,0.11078978,0.02906348,0.26025948,0.08435928,0.09146444734565028,0.3852611688831209,0.03368486087190242,0.04500973566034728,0.29795171776275425,0.1466280707788675,2.3008568,450
2022-07-12,0.22677778,0.24795526,0.1179812,0.038781755,0.29109532,0.0774087,0.016557214049355083,0.41425075212967954,0.035650801212878266,0.05051495875061717,0.3801010957331938,0.10292517936073342,2.3339274,565
2022-07-13,0.20221691,0.27464464,0.13911945,0.04928718,0.27006003,0.06467184,0.029554351447211188,0.5160183040492269,0.023406228201165263,0.044499654615363864,0.2576442696383683,0.12887719355795685,2.353818,621
2022-07-14,0.2268438,0.2307962,0.124406695,0.04080361,0.3005003,0.07664937,0.01932148904803429,0.2900157333824007,0.053610241786599996,0.04978786823573656,0.47236517580166243,0.11489948258094039,2.3413587,631
2022-07-15,0.18838459,0.29662055,0.112465456,0.035177525,0.2833788,0.083973065,0.019930353965935496,0.4279750437565024,0.050155186305902516,0.044324704768269475,0.3372949677995194,0.12031972690118808,2.3138003,505
2022-07-16,0.18643428,0.25771943,0.115364425,0.055955686,0.29703197,0.0874942,0.029184738927601105,0.29469579044120786,0.038593402203334966,0.18546045191902907,0.2911170366678173,0.1609485921582539,2.3758152,241
2022-07-17,0.104175985,0.27204704,0.1420614,0.040572397,0.37939525,0.061747916,0.06986333498892576,0.33845702645668047,0.057122452572086896,0.022453083469973417,0.4180043276214258,0.0940997974692526,2.2169333,338
2022-07-18,0.16139656,0.23934293,0.14031664,0.045423042,0.3273898,0.08613102,0.04542157726005019,0.30059644669837554,0.034381833699916285,0.04291389882624916,0.44619192516823797,0.1304943222400735,2.3506432,597
2022-07-19,0.22251871,0.2551796,0.13842154,0.04163875,0.27502477,0.0672166,0.045291441318724236,0.43458238817908745,0.02521196469662698,0.016828370718664627,0.34338141470810934,0.13470440198838807,2.3450882,549
2022-07-20,0.20189227,0.22633861,0.13830745,0.04133351,0.32759953,0.06452863,0.11744334746557626,0.5646217503359462,0.024573139941798935,0.04375228518612327,0.17982989580723463,0.06977959389593619,2.318483,651
2022-07-21,0.20476231,0.28062814,0.108729795,0.06365398,0.26321983,0.07900592,0.02060040407361151,0.45217414998207606,0.035542944329490164,0.03904130565379697,0.30887231212765653,0.143768890074527,2.3801413,569
2022-07-22,0.20352362,0.35003322,0.07804597,0.046232868,0.2427911,0.07937319,0.023460857359600306,0.3990871151922969,0.030585565644466284,0.03067883921908311,0.4140950592478965,0.10209253707920203,2.275711,455
2022-07-23,0.1586529,0.21302156,0.15559888,0.056062747,0.33602107,0.08064285,0.07861444061922697,0.5500862816169821,0.02093708384483628,0.017276346746759194,0.20451238848796144,0.12857346669806669,2.368919,242
2022-07-24,0.26556838,0.21383364,0.123928644,0.042129405,0.30711222,0.04742773,0.01565773977095709,0.3522154822502623,0.04239551575054906,0.0469758922762432,0.38375408961422947,0.15900128694802834,2.2813354,234
2022-07-25,0.22170351,0.20848411,0.13387229,0.035317138,0.33337533,0.06724757,0.05428562998208146,0.41612199092756275,0.029220932858593066,0.013511305076198887,0.33266248954887295,0.1541976507266271,2.3023553,473
2022-07-26,0.21607496,0.20430912,0.15351366,0.0499986,0.32754445,0.04855922,0.026369853888147794,0.402381833180446,0.03207824037892228,0.044582609715514046,0.3913544608373914,0.10323300503843187,2.3161874,430
2022-07-27,0.20988296,0.2478649,0.123112336,0.041786816,0.29690394,0.08044907,0.061803663336662054,0.47262859655830464,0.02888279818152495,0.017447294963699036,0.29127267449943584,0.12796496320061912,2.3476331,664
2022-07-28,0.19703849,0.21047224,0.13113576,0.053712822,0.33650762,0.07113305,0.06741793236128779,0.3754002151319569,0.03726880433065535,0.04206987388882107,0.3390416991809348,0.13880149158797647,2.345893,820
2022-07-29,0.20055063,0.25182787,0.11770475,0.045901358,0.3104478,0.07356759,0.0187661886205203,0.3385440024828494,0.034652279991264794,0.015818844709075516,0.4781032588369113,0.11411543452583528,2.3341208,453
2022-07-30,0.1722669,0.20171878,0.13546486,0.022552142,0.41037026,0.057627033,0.07961425778861782,0.278957431423716,0.11640114681830106,0.023022257993676184,0.46125738575245434,0.04074752554582368,2.181615,215
2022-07-31,0.20554659,0.21800208,0.13865826,0.026101846,0.3318424,0.079848856,0.08898158980110929,0.28959719370488074,0.07032921819063122,0.05484444424960708,0.36728617762186816,0.1289613772352436,2.300029,355
2022-08-01,0.20284787,0.23700409,0.13133457,0.06738407,0.30139434,0.060035057,0.05860432289033163,0.2671518465295529,0.0395892352700134,0.04441934658110321,0.4440234918417931,0.146211767684861,2.3711011,524
2022-08-02,0.20005745,0.23467056,0.15425536,0.04981946,0.31407312,0.04712405,0.10684956309275218,0.40199706945469293,0.03208442590496513,0.018777237898594153,0.3660271422431939,0.07426454546796289,2.319199,524
2022-08-03,0.31585005,0.20596212,0.13156864,0.037318762,0.25392848,0.055371944,0.11140382170189733,0.3943123551454652,0.039307320831269435,0.04174086921753211,0.23466403698106278,0.17857161038035715,2.2899904,606
2022-08-04,0.23322524,0.25222364,0.11792981,0.04496642,0.28870896,0.06294594,0.03466972916646125,0.470580878566924,0.038531742763119554,0.02264772746181997,0.2912352819283196,0.14233462758445886,2.324561,536
2022-08-05,0.19942826,0.23543672,0.15712942,0.031132901,0.32166687,0.05520582,0.09157939287895639,0.45948706271188106,0.028452302203384728,0.01371334841816935,0.2759491007125223,0.13081878769312014,2.2875762,225
2022-08-06,0.23961504,0.176118,0.16407758,0.03489726,0.33432114,0.050970964,0.05326566099290691,0.2378523438776705,0.05295935046208953,0.03237124534147139,0.5390670258753999,0.08448434381022374,2.2792473,277
2022-08-07,0.15325993,0.2014072,0.14760388,0.042001683,0.38210604,0.07362125,0.06148591163484293,0.29867269913371247,0.040255773120488995,0.02468981571202302,0.3975893191568888,0.17730647526968862,2.2872727,211
2022-08-08,0.1873344,0.29120046,0.10423509,0.0384678,0.30217993,0.076582305,0.08276462003365813,0.3992608520499572,0.027877776216210143,0.01384981039179521,0.3883863221437161,0.087860609880201,2.2973995,462
2022-08-09,0.15606661,0.18156585,0.15050052,0.05230057,0.39498025,0.06458618,0.03226323122967673,0.31436373679466995,0.03811801386687935,0.03221625833641953,0.5011205732873959,0.08191818367874183,2.2835884,488
2022-08-10,0.17046334,0.2228886,0.1387242,0.03667951,0.3607931,0.07045127,0.0335215011848712,0.478381719759595,0.043888848531600876,0.018634851706081215,0.34658906254127175,0.07898400557484772,2.2883065,474
2022-08-11,0.16678904,0.22978893,0.1411537,0.059857015,0.32325986,0.07915146,0.032673776999941735,0.47522265813659265,0.02256503024205641,0.021413715028766007,0.30502844897769565,0.14309635971066065,2.3766623,474
2022-08-12,0.13712499,0.19910133,0.1515381,0.046931755,0.37736106,0.087942764,0.05864545802130452,0.37076364954461277,0.05535291999675303,0.05311965300878634,0.3765714138580292,0.08554690379588649,2.3153043,472
2022-08-13,0.20051996,0.29847264,0.10947855,0.05085157,0.28959018,0.051087085,0.013216253442276341,0.2728358854008141,0.04183770332630979,0.12127419893422636,0.41626664283815057,0.13456932592092344,2.290363,149
2022-08-14,0.18548307,0.15637657,0.19255835,0.061001796,0.34849986,0.056080353,0.01985628704549361,0.413958390439895,0.04354760411595273,0.03329392835684962,0.3689480114583667,0.12039577354312307,2.3363087,202
2022-08-15,0.22639658,0.24558555,0.10909531,0.03680062,0.3204659,0.061656065,0.034341253953986246,0.3537153281959498,0.032831080553001456,0.053788230760561245,0.34866689944244234,0.17665720129532397,2.2806575,420
2022-08-16,0.19470768,0.29892743,0.12460688,0.040793333,0.28313714,0.05782757,0.028729553163091684,0.442278222738025,0.05870384490500103,0.015656223341965737,0.35011744051762456,0.10451471459627068,2.2962945,481
2022-08-17,0.14569828,0.2502238,0.12909982,0.044022948,0.3393622,0.091593,0.046190741284497766,0.3600052783400165,0.02978025577070552,0.04394709635107232,0.40891737144946666,0.11115924438031306,2.3296201,422
2022-08-18,0.1634194,0.14944136,0.17759639,0.052260537,0.39923063,0.05805166,0.04895189924196127,0.4551951376773175,0.027254540894210037,0.015852067678159703,0.3884502435085882,0.0642961090661989,2.2694838,452
2022-08-19,0.16746853,0.3041764,0.10180753,0.054190934,0.2818849,0.090471715,0.028047220050649475,0.5967396654608736,0.031131661160428887,0.01477212644709412,0.24595327067963577,0.08335605593980717,2.3460636,332
2022-08-20,0.21678954,0.1999813,0.15780121,0.056015324,0.31385455,0.055558078,0.046190644997300294,0.37679502255651437,0.04565874337467924,0.02348417399179842,0.4448444091976062,0.06302697479700292,2.3521764,335
2022-08-21,0.19880095,0.23189804,0.104681835,0.04708755,0.35243735,0.06509425,0.01642550663745289,0.33242736678651624,0.06889251153672407,0.028087077604081894,0.4627433298457163,0.0914241866358743,2.2875113,230
2022-08-22,0.12897235,0.23418549,0.1339335,0.03743767,0.37265515,0.09281583,0.017181881854624242,0.39627596064022785,0.029629460339308147,0.035974816745079685,0.3658752193567416,0.15506265103899536,2.2864418,471
2022-08-23,0.11126809,0.18689536,0.14516774,0.037058927,0.451826,0.06778392,0.018964258997754665,0.39265198839523546,0.050052484894162586,0.05515533175428507,0.3694055282279739,0.11377041945395777,2.166136,290
2022-08-24,0.22309972,0.20323631,0.13326155,0.03666579,0.33418307,0.069553554,0.013728669875914506,0.30423533766667876,0.029210660072731917,0.0490955952093688,0.40209171441008323,0.20163803115087608,2.308314,515
2022-08-25,0.22420807,0.26328692,0.09922724,0.0481967,0.28688756,0.07819352,0.03303705830445918,0.2937543644346323,0.025293774647052764,0.031393450631918694,0.3343868630126687,0.2821344684814288,2.3364482,499
2022-08-26,0.15232058,0.21764061,0.13880797,0.04415535,0.36200917,0.08506635,0.02003765893415552,0.3387679843703999,0.040101058166682545,0.024892491999826835,0.4588563295386313,0.11734446071426005,2.3196273,526
2022-08-27,0.08800274,0.15060598,0.13522208,0.087583385,0.46853322,0.07005262,0.04674225335773015,0.37744509589957986,0.03103994977694686,0.0627551967844781,0.38397262837835083,0.0980448862706546,2.1990733,136
2022-08-28,0.18741728,0.19154544,0.16585305,0.038561698,0.3564556,0.06016695,0.18106777603022992,0.18144057131043428,0.05177220290914555,0.1224957444594764,0.37661829118977247,0.08660540987493968,2.294886,225
2022-08-29,0.11929801,0.21020545,0.14529124,0.033334993,0.41736192,0.0745084,0.01617270534888741,0.3712765823269795,0.04246447289015776,0.05681013482447068,0.38978781099803705,0.12348828416386042,2.212111,373
2022-08-30,0.19271001,0.17919719,0.14684223,0.037933774,0.36595014,0.077366695,0.029943500352160375,0.4169857115010643,0.0436391761924512,0.1081031964293341,0.281935379203786,0.11939305145912185,2.3041098,507
2022-08-31,0.2064834,0.21186145,0.13130288,0.0547804,0.3282271,0.06734476,0.020747141342443404,0.2681365301892715,0.03950957575181872,0.11116852574784784,0.47209998435612455,0.08833824173120246,2.3480468,509
2022-09-01,0.20008384,0.2705498,0.11693892,0.039196223,0.3034065,0.06982472,0.01732550377636781,0.33691053301379414,0.029990164100630913,0.12134116632907925,0.35633423578513146,0.13809840478241076,2.3101575,396
2022-09-02,0.16755454,0.22622086,0.14511749,0.03133146,0.35720322,0.07257243,0.01641435340664874,0.5557552384612444,0.026540259946788766,0.0284341598407306,0.27332943495594997,0.09952656667009055,2.282707,399
2022-09-03,0.2887728,0.11602955,0.1501339,0.032729197,0.37017652,0.042158034,0.019933656818148446,0.36106117020879946,0.08925699020200328,0.03993522174037388,0.44456117757034697,0.04525179517859653,2.1735213,229
2022-09-04,0.25763786,0.28949738,0.10272563,0.04787217,0.23296557,0.06930138,0.15537114111842235,0.17244419493338872,0.03353046401427077,0.15150757229784173,0.3377458390971022,0.14940078675161836,2.3255134,246
2022-09-05,0.122148186,0.30684334,0.1039921,0.041427974,0.3438001,0.081788324,0.022075679657655813,0.49282634716449664,0.020864795755222217,0.0692049341255054,0.23077619553322062,0.16425206052372113,2.2483654,480
2022-09-06,0.18501022,0.23406157,0.13390382,0.039358154,0.33520135,0.07246489,0.05403097812339482,0.4408950795791396,0.03600730375391015,0.03388459242513581,0.29370950994855427,0.14147254612602894,2.315827,509
2022-09-07,0.20097344,0.22577965,0.11633585,0.033838805,0.326117,0.09695524,0.01667155299571322,0.4321616051333662,0.04345481209658266,0.016506705189546472,0.3395976220658951,0.1516077023466262,2.329946,498
2022-09-08,0.17148584,0.22965327,0.11773115,0.04226443,0.37247577,0.06638952,0.03338030335519989,0.34345733192012834,0.04020447542535726,0.026813071861146957,0.4662270977203019,0.08991770433387163,2.2704184,492
2022-09-09,0.20590788,0.23226428,0.1390109,0.054547533,0.2971028,0.07116663,0.039819382768573296,0.3514967227785124,0.05568139481906443,0.018309604300372102,0.4108944259417506,0.12379846477771973,2.3748186,381
2022-09-10,0.25716197,0.20180596,0.12650272,0.04155873,0.30614617,0.06682442,0.013369160769990637,0.1899181104651362,0.05289497872117898,0.08823508330707625,0.5824171016204098,0.07316555621289951,2.3214905,359
2022-09-11,0.15866569,0.21191673,0.12357167,0.05137037,0.39890775,0.055567797,0.015138345545862304,0.26511457405535416,0.02629442474913269,0.04767222977686898,0.4178513291270786,0.22792908279056212,2.2491431,124
2022-09-12,0.17609727,0.24985904,0.117622085,0.033835206,0.33061218,0.09197422,0.02109814555719247,0.5289427988246724,0.03039154032517569,0.03400381567890972,0.2303651183683329,0.15519859060711375,2.3141794,418
2022-09-13,0.17064485,0.31107542,0.10936293,0.045755353,0.2891378,0.074023604,0.034237991509805506,0.4195544857338277,0.026620269954510677,0.037137772881699026,0.33974457940032454,0.14270491100823032,2.307772,346
2022-09-14,0.14904864,0.28252,0.13804974,0.049347837,0.30571666,0.07531715,0.02840987705287525,0.629898646935314,0.034213058267404915,0.02586382321257963,0.2151185272092894,0.06649603899189616,2.3367834,429
2022-09-15,0.17919336,0.25250807,0.1133456,0.04982805,0.3244507,0.08067421,0.027142909250459965,0.4180576732583473,0.03646026317378772,0.0502112744023988,0.3739737878421506,0.09415408046985024,2.337368,442
2022-09-16,0.17557213,0.27152258,0.11016326,0.044294666,0.32334906,0.07509831,0.02954752995721997,0.4007514464248704,0.0449757688799372,0.015374695292497853,0.3896065057813321,0.11974405030635295,2.3082893,539
2022-09-17,0.2518538,0.25271976,0.11381911,0.05369568,0.26333815,0.064573504,0.020517390554667704,0.5204935776279247,0.12383802887931783,0.012771051106659742,0.13351112396354864,0.18886882366959548,2.3480892,155
2022-09-18,0.17114927,0.24610585,0.114283055,0.037603017,0.35284966,0.07800912,0.029880833627127273,0.19361019645636432,0.024007478657807304,0.13845506064725083,0.3488612710183142,0.265185149096849,2.286629,113
2022-09-19,0.22267804,0.24353261,0.15555964,0.030717235,0.27766877,0.06984372,0.037322497947616995,0.43554508091183086,0.030403987218125383,0.038303634997568586,0.3819381989916749,0.0764866130593779,2.332221,320
2022-09-20,0.15731083,0.26231727,0.121325515,0.044417936,0.33475146,0.07987702,0.02963758008326774,0.4610739171108663,0.028625259607124164,0.0573197196840961,0.3311568379985035,0.0921866967045715,2.3147,449
2022-09-21,0.31489563,0.22170053,0.10593745,0.04618313,0.2597529,0.051530328,0.4633482786147125,0.3248824937506437,0.02016120851355663,0.012792028919065066,0.12131182626189706,0.05750423142202639,2.2803993,438
2022-09-22,0.22916058,0.2898214,0.10910624,0.031376027,0.25679386,0.08374189,0.01858408796591388,0.37355332580260064,0.028993622439032012,0.019125993959755012,0.3899967441759059,0.16974623266762537,2.3136368,524
2022-09-23,0.2875462,0.27937913,0.10282309,0.036962766,0.22147214,0.07181673,0.02004132898729962,0.440994319268688,0.02507885326619999,0.01569701853980456,0.30377481546020596,0.19441365636617897,2.298852,482
2022-09-24,0.3571053,0.21897516,0.12571615,0.037835088,0.225355,0.035013307,0.021448639517179416,0.7347226758388222,0.0900697502731658,0.013745816051649,0.10805557049696349,0.03195753503829337,2.2189429,165
2022-09-25,0.17766479,0.3068669,0.12410623,0.044789188,0.27732277,0.069250144,0.1325256956626482,0.47043240711874745,0.017269471733403527,0.08017645927194597,0.1912820654502734,0.10831389595871105,2.320068,153
2022-09-26,0.17469022,0.26567283,0.12821338,0.061260413,0.29913858,0.071024574,0.04497232495976846,0.407660219947065,0.02502052997267166,0.043858147255399355,0.33799613661486744,0.14049264132682918,2.3663466,504
2022-09-27,0.1717868,0.29649287,0.14240897,0.04157698,0.28289285,0.064841546,0.04746156619115952,0.6358036114970481,0.017625528791412798,0.014561948116548044,0.1974046541070056,0.08714268109163964,2.319051,533
2022-09-28,0.20448801,0.2573089,0.11633815,0.033146556,0.3164427,0.072275706,0.023975266977005468,0.5213100973299404,0.021989236306702898,0.018361724756727076,0.248349558012685,0.16601409859858474,2.2954025,597
2022-09-29,0.16435678,0.20568575,0.14504103,0.04748477,0.36514303,0.072288655,0.01765306375440902,0.345464390963743,0.03100288109789182,0.049506665066132036,0.4493337988028105,0.10703921058472896,2.3149066,469
2022-09-30,0.23788188,0.21668747,0.12509328,0.040656045,0.30751306,0.07216826,0.07342562240770666,0.4113079186279398,0.02043159410082786,0.06068477255919093,0.262531268496301,0.17161880554471814,2.3307514,200
2022-10-01,0.28612348,0.2035248,0.15890247,0.034693286,0.26614088,0.05061508,0.08780307688272726,0.40448294931233186,0.03479772216599663,0.09214900543167595,0.2897207563534999,0.09104646534713585,2.3000252,261
2022-10-02,0.22684932,0.25866762,0.121356405,0.027164254,0.28678608,0.07917634,0.15242700735823178,0.3366245931214257,0.040217539129723125,0.02657906215046377,0.3339032554522091,0.11024852942610605,2.307143,188
2022-10-03,0.22442512,0.27275223,0.12403047,0.040581826,0.2765247,0.061685666,0.02252097818708377,0.5521874519793702,0.04344897726263005,0.025306214253810258,0.26504647595327735,0.09148990001230087,2.316847,384
2022-10-04,0.18918733,0.30553326,0.10431999,0.0426521,0.26098424,0.09732308,0.02269824085554307,0.4576048837044212,0.020211389259732534,0.10176829900117496,0.23656464035841993,0.16115254753106045,2.344281,434
2022-10-05,0.15797685,0.29249042,0.12125542,0.039020386,0.30772826,0.08152865,0.021347298403995678,0.5610163344492959,0.022986107540464425,0.015209233638642787,0.3013531363675049,0.07808791131217037,2.309073,579
2022-10-06,0.19469681,0.31769675,0.1065125,0.033271622,0.26677987,0.081042446,0.07819653432967413,0.46455776719838116,0.02955225642158314,0.014224528557177287,0.31452610021140304,0.09894280317172742,2.29501,295
2022-10-07,0.1338305,0.24301098,0.13564709,0.04613472,0.36133605,0.08004064,0.037231711071576926,0.44173057455980586,0.02265666013368502,0.05585381860764176,0.31370270176229204,0.12882452760107432,2.3022165,467
2022-10-08,0.25192183,0.2697972,0.1269871,0.014938138,0.27313846,0.06321724,0.052968693512680506,0.6534535772334528,0.024371536915858052,0.01555870218392749,0.0960808578290295,0.15756662565905102,2.2428854,124
2022-10-09,0.39609423,0.25866747,0.08588076,0.035546392,0.16743466,0.0563765,0.03964478380628694,0.5945632186279385,0.02833939761932824,0.016056630635123,0.2507700485170998,0.07062591641331258,2.1747003,273
2022-10-10,0.17396076,0.27729335,0.12290222,0.037349533,0.30987445,0.078619674,0.01934778097252773,0.6048975884965945,0.01913921662147413,0.04295753094949591,0.18453925913283284,0.1291186195267588,2.3131316,441
2022-10-11,0.18251516,0.26700994,0.12351564,0.04257745,0.30568913,0.0786927,0.05378637940221108,0.4728708985867362,0.028687635740825987,0.03356135555910724,0.23557830796326654,0.17551541982503027,2.3344047,497
2022-10-12,0.2100216,0.2712874,0.11702381,0.03644343,0.28686234,0.07836142,0.04345973671862275,0.3872273723905934,0.0430135338079884,0.012150018923111879,0.3255332601944217,0.18861608876763775,2.3244493,458
2022-10-13,0.18909752,0.29393038,0.119184025,0.04518135,0.25427502,0.09833169,0.044062484201164445,0.4320748862417631,0.02198618130054855,0.05963065438442075,0.2616560910068662,0.18058970437425215,2.3725657,521
2022-10-14,0.12017573,0.32574528,0.10509199,0.044154,0.29790473,0.10692829,0.10294733982815256,0.42073987820346237,0.034641559428262275,0.02735627916364823,0.2533641308570311,0.16095081292873703,2.3001325,332
2022-10-15,0.23262429,0.26989338,0.10188932,0.05018207,0.2822698,0.06314114,0.10179369021758462,0.5068403384722202,0.019992977722374322,0.15958929095235477,0.1704761334719923,0.04130759375217922,2.318472,235
2022-10-16,0.26651275,0.23875064,0.10150328,0.03998624,0.30648056,0.04676652,0.033794670578884474,0.2368803383180135,0.07078346500998245,0.042224710377608964,0.5656901342697563,0.05062668747490646,2.252033,187
2022-10-17,0.19379018,0.30610046,0.11850491,0.021706147,0.27448675,0.08541156,0.01910628022606268,0.4901689912038659,0.028125903170871106,0.018596787859241848,0.3126417296734672,0.1313603101829548,2.2812936,449
2022-10-18,0.18986131,0.26073906,0.13110425,0.040227383,0.2902574,0.087810606,0.07989465799760218,0.42571924549789897,0.04175421284484678,0.0223494719711433,0.3143169202206269,0.11596548275302702,2.3576865,410
2022-10-19,0.19019027,0.23952736,0.13267039,0.038372397,0.3461639,0.053075712,0.04131613619917015,0.469338823762295,0.046121086767424116,0.04418543528107201,0.28499437295617985,0.1140441384809136,2.270971,519
2022-10-20,0.16326651,0.23249039,0.117746204,0.03824349,0.3630973,0.0851561,0.05638792860093703,0.6569097755185069,0.024642207644277637,0.029046403084385636,0.1827904232784921,0.05022327893446679,2.2930136,371
2022-10-21,0.1656868,0.29221833,0.122135594,0.023534434,0.3265661,0.069858745,0.03807650166335864,0.3511109785914771,0.048902386979885214,0.02739233417690247,0.4221834465903643,0.11233435201063402,2.2416227,478
2022-10-22,0.22107409,0.22042595,0.13990197,0.023175713,0.33961812,0.055804167,0.0406423729289832,0.8157326263784019,0.009986551147125091,0.033837212627421655,0.039385256174672284,0.06041603008512083,2.2465713,167
2022-10-23,0.19634835,0.23350124,0.10305284,0.04708193,0.34761998,0.07239562,0.014671757094894844,0.23838686198423034,0.04318229453030802,0.09040926580623898,0.49038578643237274,0.12296405276214756,2.3007102,263
2022-10-24,0.17950383,0.28590024,0.11753022,0.032284558,0.32391247,0.060868688,0.022687967350948336,0.4681210352304776,0.024730403153098785,0.10013999220016362,0.2489367703428194,0.13538382682012845,2.256778,387
2022-10-25,0.1599147,0.27991807,0.11548008,0.033515256,0.31250533,0.09866654,0.035702531155289034,0.4645056711012915,0.05213033276505073,0.01858612829596689,0.3069832115297489,0.12209214086435939,2.3150055,480
2022-10-26,0.129893,0.30251122,0.13791896,0.046432193,0.28956372,0.093680926,0.04917767989585138,0.3062209471981049,0.06706845949945371,0.10391329918084927,0.37056477049071984,0.10305485218734797,2.341897,481
2022-10-27,0.21618938,0.2739379,0.13741589,0.025035162,0.28017715,0.06724451,0.045813968481225494,0.3720044617888957,0.027316421250872587,0.026066216009095432,0.38827858396196935,0.14052034583743325,2.292265,532
2022-10-28,0.19620004,0.24097653,0.119562015,0.021654246,0.34040353,0.08120365,0.023562111604603586,0.729743725613819,0.027430899999321263,0.015253634769729416,0.15515797446954477,0.04885166838576377,2.2651787,486
2022-10-29,0.19761674,0.3614047,0.09894008,0.03908331,0.26277748,0.0401777,0.022204609301121912,0.3467881466138683,0.047384574861525995,0.13007452600460628,0.4090092802073781,0.044538877459798114,2.1989024,97
2022-10-30,0.20640843,0.2791018,0.10489081,0.0254554,0.32318446,0.060959086,0.059056870880947125,0.3363856050445163,0.0532385363825861,0.08709242609008847,0.4256470273972493,0.03857953269623736,2.2324448,239
2022-10-31,0.14853716,0.27296615,0.12158714,0.038814638,0.34959596,0.068498924,0.039897645472779436,0.2552478612780568,0.03054274738583263,0.02025838041062379,0.5302636910142919,0.12378968903331805,2.266524,350
2022-11-01,0.1658842,0.25733197,0.11567076,0.033980213,0.3476813,0.079451546,0.06006653545920948,0.4030115490527821,0.06393368342397861,0.052155408594804165,0.35643065691067843,0.06440214913120017,2.2798357,469
2022-11-02,0.1309502,0.2642599,0.14909445,0.040919285,0.33778968,0.07698648,0.03439982109558857,0.42431555127884923,0.05751062996856185,0.027402489467586215,0.31109237918561017,0.1452791257170997,2.3031914,621
2022-11-03,0.15482369,0.33512318,0.11486801,0.033320993,0.28171226,0.080151856,0.019074844440922976,0.39772336852540774,0.07703717511256472,0.07315322265279192,0.26077537093127356,0.17223600231544656,2.2741082,260
2022-11-04,0.22264585,0.26208168,0.11998397,0.028331101,0.29112542,0.075831994,0.041994716643139404,0.38275145466737637,0.04696243833416046,0.02548771860666944,0.31691637441664344,0.18588727174349068,2.3019981,371
2022-11-05,0.13027108,0.24957164,0.13609478,0.047465812,0.36011907,0.07647762,0.026680184065815665,0.5353012274524506,0.02085364042132654,0.019880445824939898,0.2688270106090274,0.12845747697732554,2.2973652,178
2022-11-06,0.10163124,0.29543146,0.09347779,0.0182114,0.3939109,0.09733719,0.014053508517589816,0.2720223300938672,0.045405278948748296,0.029779093467390567,0.45033238348078836,0.1884073998411306,2.1363766,130
2022-11-07,0.15738672,0.22954562,0.13868314,0.02578129,0.38784525,0.060757965,0.02343538392603043,0.3976794230615847,0.03023225794494309,0.01875811392550737,0.4119703084717218,0.11792450122214267,2.2140133,263
2022-11-08,0.14957829,0.25309116,0.11902902,0.0290618,0.36166564,0.087574065,0.04084563305233866,0.3854301673305599,0.04119468856354575,0.015240790539463716,0.38061800695408005,0.13667071230262606,2.2638786,459
2022-11-09,0.18594927,0.28320003,0.10825258,0.0374863,0.30338678,0.081725046,0.06835982399991357,0.4050542794241914,0.03888377925917163,0.07422573284718789,0.33983918020696713,0.07363720819782589,2.3089085,611
2022-11-10,0.21125191,0.2763883,0.11977155,0.050656065,0.27657315,0.06535906,0.02819340478232296,0.39843010167031895,0.05101280718327123,0.08641555172123044,0.3246834892395813,0.11126464222474347,2.3413303,456
2022-11-11,0.20465326,0.26167428,0.1308077,0.037124258,0.29795936,0.067781135,0.0613720129755657,0.42249781146547427,0.11134535640524426,0.051225091148702724,0.2943020298898447,0.05925770141583398,2.3184383,448
2022-11-12,0.25165233,0.24469452,0.10948716,0.037082825,0.2705934,0.086489744,0.03041812266197746,0.4789501140666623,0.025484318251762304,0.013371794153528814,0.22621271504426357,0.22556290897253373,2.3392339,195
2022-11-13,0.15482825,0.2935129,0.13684106,0.021420151,0.32622203,0.06717562,0.06491865075436909,0.456868221617644,0.04628258885280707,0.04526683931121989,0.33739567529071285,0.04926802412952956,2.236099,64
2022-11-14,0.13471809,0.3321191,0.1060999,0.03355324,0.31800336,0.075506285,0.05165174311713714,0.5565977562711466,0.02604655038216328,0.038999237867866084,0.2262532017615616,0.10045150375901626,2.232519,561
2022-11-15,0.14908507,0.34221148,0.0746424,0.050147604,0.290206,0.093707435,0.04037274865488598,0.4143646255931235,0.03761732889800728,0.0639882892686204,0.3378962214927717,0.1057607845974784,2.2727935,343
2022-11-16,0.19321038,0.20445311,0.13325268,0.03656212,0.3575981,0.07492362,0.07079587827106404,0.3939962975687324,0.058675564628123504,0.07697452018136816,0.3007130764372615,0.09884466942250729,2.2991004,505
2022-11-17,0.12775598,0.27410424,0.11990501,0.045117874,0.35118586,0.08193099,0.02268663841994441,0.19684648130791094,0.03398975166705153,0.03114112467373491,0.644442558172233,0.07089344679312078,2.285563,375
2022-11-18,0.16913863,0.1996275,0.1376703,0.036669925,0.36693284,0.08996081,0.061230486646740946,0.4415955103477672,0.030882046688935308,0.02259954593763513,0.32318073494452604,0.12051169150134322,2.3097155,399
2022-11-19,0.17910504,0.21310174,0.11282087,0.049925324,0.35108605,0.09396097,0.03809393449533038,0.39041647475832403,0.10952013067745996,0.02965719284571599,0.19396618330515766,0.23834607223854717,2.3414617,148
2022-11-20,0.15455118,0.15263249,0.15543771,0.029246852,0.43709636,0.07103541,0.02579790750196142,0.3017449727883131,0.0372554955570439,0.04194994914618688,0.43381818711492504,0.15943346011256437,2.1896327,237
2022-11-21,0.1380998,0.26651657,0.122876406,0.047169343,0.34448245,0.080855414,0.044320864244156086,0.3863606227998097,0.0857624421656415,0.022224159645215992,0.40377682587670327,0.05755507090088168,2.3053985,262
2022-11-22,0.15036495,0.28576306,0.1123998,0.024695868,0.3521776,0.07459877,0.0689829852689207,0.6047758867223564,0.03109784119450882,0.02885871295363633,0.1990050000550587,0.06727956926463731,2.223314,425
2022-11-23,0.20503162,0.2765472,0.13609701,0.036578547,0.28658882,0.05915682,0.025671112217304292,0.4620392234957126,0.030294467439252213,0.07491528210979646,0.32659644052999554,0.08048348042174006,2.3057473,426
2022-11-24,0.17812404,0.20705828,0.12971288,0.038706668,0.37119502,0.07520312,0.05120815504879238,0.3538398146570236,0.03908722505883367,0.10443103183027057,0.37931698186592977,0.07211680071547702,2.2890234,444
2022-11-25,0.16952957,0.23480095,0.12090049,0.04151422,0.35100067,0.08225415,0.04103856907836082,0.29899503792443977,0.04143160032450215,0.10088297720722768,0.34431697307431935,0.17333484012940145,2.3105848,276
2022-11-26,0.19846377,0.17245524,0.12706968,0.020834818,0.43221694,0.048959542,0.01705910882491254,0.28988405512860443,0.13680537349862518,0.01356813218612899,0.4425159182867675,0.1001674594349242,2.1310222,100
2022-11-27,0.16578278,0.19562018,0.1494505,0.026818492,0.4091138,0.053214286,0.05250716147574051,0.3481501657419528,0.03662730796929055,0.029484189638036923,0.41312581880374716,0.12010536195664333,2.1928475,232
2022-11-28,0.17352696,0.3219426,0.115149446,0.033051793,0.28491086,0.07141834,0.08533760734727977,0.6032833337375463,0.02396551906598722,0.06656951099874994,0.13803938376944722,0.08280464440756437,2.2745714,129
2022-11-29,0.19264232,0.24418825,0.11523768,0.029518226,0.34634447,0.07206906,0.04991169554823856,0.3993829135193066,0.053424591598807254,0.07731445829412642,0.274884401556721,0.1450819446198007,2.2669075,494
2022-11-30,0.22225742,0.22358146,0.11310703,0.03800355,0.32995817,0.07309235,0.055217847636018336,0.3542201805483503,0.04934136485452457,0.037775771472035216,0.404071421288869,0.09937341326857993,2.3040214,348
2022-12-01,0.1773195,0.26663202,0.11894057,0.03840187,0.30916777,0.08953828,0.05904883808859094,0.3071590071579041,0.03932686769246023,0.1429397013464691,0.3796467150079581,0.07187887350072747,2.3322442,320
2022-12-02,0.11872162,0.32226333,0.12003896,0.040195614,0.30989426,0.08888619,0.029119559233052573,0.47745222510636964,0.04469471162608139,0.05481597212078625,0.2613602943406227,0.13255723630182834,2.2791288,280
2022-12-03,0.1160517,0.30788133,0.07522415,0.06665358,0.31567046,0.11851878,0.08368324130659102,0.49244158307727315,0.02054349179845426,0.0779074476871258,0.1802251117647342,0.14519909171251316,2.3148463,52
2022-12-04,0.18127632,0.26356667,0.12434105,0.03889235,0.30697975,0.084943876,0.08739286622582228,0.422858328299608,0.025807735206799555,0.0621654213814851,0.30310937081675016,0.09866628799751435,2.3350158,171
2022-12-05,0.21992117,0.23196149,0.113505155,0.03634597,0.33067745,0.067588754,0.10242307292735392,0.37241419839381945,0.062401371311229206,0.02061213930583278,0.3260357430563403,0.11611345292263264,2.2902703,418
2022-12-06,0.16779572,0.23411316,0.11707092,0.040988453,0.3766042,0.06342754,0.02526615224056641,0.4314198766303814,0.08385603868641947,0.035030952943765535,0.3439732115224852,0.08045377663412678,2.2566473,316
2022-12-07,0.1691023,0.27981928,0.12747775,0.033953495,0.3270577,0.06258949,0.055682232289384945,0.46641993271462856,0.040133074145928586,0.01724364457632118,0.2747004250966938,0.14582067161505174,2.2698302,392
2022-12-08,0.17126168,0.2171158,0.15198503,0.037816465,0.34530452,0.07651648,0.052670980569706,0.26791222568884265,0.02933373043304118,0.08279649593170586,0.4195366594457454,0.1477499065360064,2.319611,473
2022-12-09,0.17564054,0.23815827,0.116376504,0.033670127,0.37089258,0.06526197,0.05345807869390155,0.47951874377448106,0.018814811009098927,0.029658635527501236,0.24230508746449947,0.1762446375315347,2.2472796,392
2022-12-10,0.18184453,0.2877809,0.08749524,0.030709103,0.3173859,0.094784304,0.018630203418035705,0.09535615497739738,0.033105177738359186,0.04034290203013793,0.7401808760446296,0.07238473366435158,2.273845,171
2022-12-11,0.21402013,0.19186819,0.123673424,0.034571115,0.36053914,0.07532801,0.05541302670293325,0.2785819769862362,0.044089038952612174,0.09906020340280886,0.4701475920798143,0.052708165736242416,2.2854111,56
2022-12-12,0.20027107,0.22922456,0.12348832,0.031513114,0.3514853,0.06401761,0.06515414071179064,0.5153724626165416,0.04934233453748266,0.01629822369316063,0.28774486148416656,0.06608796699018851,2.2656386,490
2022-12-13,0.1358369,0.21905752,0.14135894,0.04134447,0.38262165,0.079780534,0.04474921769472684,0.36591013950191753,0.05566632665278932,0.05264223135847243,0.31324515058066477,0.1677869525690975,2.2814517,437
2022-12-14,0.2418523,0.2416752,0.13075553,0.03900524,0.27795723,0.06875451,0.07823172268009564,0.5083096170087154,0.03548262556782822,0.10558282125845969,0.20354072915782415,0.06885248270982852,2.3357134,531
2022-12-15,0.16371927,0.38015452,0.09153331,0.0403496,0.2417406,0.082502715,0.050796301671430295,0.4379645180257188,0.0640755628155745,0.05324022458793628,0.27404121323833824,0.11988218233003331,2.252648,318
2022-12-16,0.15492661,0.2580132,0.14357784,0.028743656,0.34224898,0.072489746,0.037934075835425345,0.5623924309152987,0.03254617681256784,0.03590999605981752,0.2155003274676493,0.11571700290978301,2.274176,374
2022-12-17,0.21157524,0.17085125,0.16139753,0.03018379,0.3579614,0.06803079,0.018277753552080295,0.1554170289007224,0.1923981086218586,0.09454898648263049,0.41538182709592264,0.12397630090800535,2.2810822,240
2022-12-18,0.20431833,0.23015009,0.089512125,0.028469987,0.37250087,0.075048596,0.06613125408728633,0.4761442999797504,0.02396912751916312,0.053447536988976765,0.2692465948660706,0.11106119342990818,2.2248025,105
2022-12-19,0.18072274,0.25400308,0.13441768,0.036257263,0.29866886,0.09593036,0.014905225476997786,0.26775505776737013,0.06232561541455489,0.060522079610988835,0.41252781966704133,0.18196419695913582,2.3560324,390
2022-12-20,0.17289571,0.26000127,0.14366968,0.033422057,0.32145473,0.06855658,0.05518183585086223,0.39787948028541315,0.03469610643667553,0.05715365198411765,0.39682039539904823,0.058268522234463105,2.3004918,433
2022-12-21,0.162074,0.2840093,0.10956822,0.03829354,0.31573075,0.09032416,0.07464597776709983,0.3677753074921369,0.041179083263186166,0.01609670144701234,0.3856813034571241,0.11462160963287565,2.309464,452
2022-12-22,0.19286261,0.25327578,0.13419366,0.04360002,0.30922198,0.066845946,0.05093206226446294,0.43082171333963803,0.03632693504551274,0.10691845891906787,0.23771790872237616,0.13728292785233578,2.3301134,431
2022-12-23,0.1631496,0.29431137,0.110467084,0.047487848,0.31760994,0.06697417,0.0413131540360498,0.2834575995520465,0.09140492285961223,0.059529680408946954,0.4256596394263691,0.09863500179686317,2.292719,196
2022-12-24,0.16368109,0.19558586,0.16036399,0.047930967,0.36398202,0.06845605,0.11301610815805052,0.3940129333031884,0.03750209181211675,0.037150116719284976,0.36316911624257636,0.055149647574888834,2.3168843,143
2022-12-25,0.19984625,0.31755227,0.09920301,0.032094263,0.2894399,0.06186433,0.04881005583394262,0.4216900762991918,0.021504674349029647,0.13069966279102072,0.2781361260783977,0.0991594175423779,2.2457864,128
2022-12-26,0.18176462,0.20719276,0.16804229,0.027113834,0.34896132,0.06692516,0.027878259210465335,0.4313126999677761,0.06531087440054789,0.04882029325287246,0.3161225318648383,0.11055533835308311,2.2822726,357
2022-12-27,0.12349025,0.2434892,0.13270345,0.034820046,0.38977975,0.07571729,0.03267288662627361,0.4049965268799242,0.027686710613361525,0.08317380521167675,0.339482475489988,0.11198759589422524,2.2359395,280
2022-12-28,0.17625524,0.2863605,0.104107015,0.03820535,0.30213997,0.092931904,0.019543015400301008,0.3649598194711534,0.060590578383073995,0.06814574044665997,0.3413290146864538,0.14543183071105126,2.3180015,298
2022-12-29,0.12872697,0.27974892,0.117513165,0.029564396,0.3641254,0.08032115,0.031684124090607065,0.42865716190499414,0.0309063558484299,0.020174001883764035,0.420117758450389,0.06846059669443359,2.2309682,423
2022-12-30,0.12281918,0.26339215,0.12323452,0.043525916,0.37164214,0.07538609,0.03862892140707323,0.24786939393907056,0.06344246605625907,0.09363721031665577,0.4043498602663685,0.15207214380657072,2.2594538,142
2022-12-31,0.05719717,0.07444665,0.07063521,0.43430698,0.33791116,0.025502838,0.01404685864378045,0.13339940617301957,0.027156659374501547,0.4740424394178708,0.31602138871503993,0.03533325385437412,1.9716586,207
2023-01-01,0.046349883,0.10789667,0.057543892,0.47027802,0.26053965,0.057391874,0.016246384268579217,0.3500225700466971,0.024629869715023536,0.06815162824946512,0.36539037930527773,0.17555915734185068,2.0430605,87
2023-01-02,0.11433381,0.19343968,0.14233716,0.05084414,0.3976548,0.10139044,0.008963767038342825,0.09966094779507186,0.04282719579305333,0.027053105866923065,0.6504473080964842,0.17104765215678394,2.2988667,109
2023-01-03,0.11195361,0.20959267,0.100732915,0.09996414,0.3239129,0.15384379,0.014497188886237125,0.259753115358271,0.03565461280017934,0.10232329341060549,0.4051541151610152,0.1826176714495879,2.434085,71
2023-01-04,0.20627162,0.24641666,0.07951272,0.047915693,0.35615072,0.06373259,0.03203295451126097,0.4188161554578677,0.031211801564019485,0.059541449441106085,0.3217542861248933,0.13664336944468172,2.2517905,59
2023-01-05,0.24465947,0.25438803,0.11176513,0.026508315,0.2614074,0.10127166,0.03104519029646549,0.3105916866298201,0.015150328347865363,0.07869149711098465,0.28546035287812277,0.2790609758763454,2.3320653,198
2023-01-06,0.2340085,0.27173656,0.13340613,0.031979717,0.26341113,0.06545794,0.038836300219649934,0.5938045382188478,0.019372314985518568,0.014697274683286151,0.18933359943449035,0.1439559866320991,2.312077,103
2023-01-07,0.2401308,0.22879459,0.111726046,0.053285196,0.3188259,0.047237445,0.01938190953194503,0.43085611034957855,0.02495345733312203,0.13579709462935172,0.3408929062740524,0.04811852102436303,2.2935627,107
2023-01-08,0.32381195,0.15317786,0.15759204,0.04133979,0.2929112,0.031167164,0.017576024441012087,0.2465566093867296,0.056291041960746635,0.04060784544998922,0.5872835229537754,0.05168497697622872,2.2263243,238
2023-01-09,0.235394,0.21980979,0.121924184,0.035747513,0.3130548,0.07406971,0.01758540255663678,0.35577172302881227,0.0342500148346048,0.05083041874652128,0.3094025634592975,0.23215987562069115,2.3162794,350
2023-01-10,0.20132999,0.26812452,0.114590704,0.04514837,0.30182898,0.06897745,0.06776189769275874,0.40682584200854527,0.030266717273127807,0.020142577916784803,0.399947338361068,0.0750556254830986,2.3223624,440
2023-01-11,0.1955475,0.2639973,0.11216154,0.04186604,0.31619772,0.07022987,0.032366959048356826,0.42532731703781357,0.036676801290509015,0.019017292742799282,0.3923384166493256,0.0942732300062512,2.3076727,424
2023-01-12,0.21065158,0.21946928,0.1387106,0.05593411,0.30674833,0.06848612,0.037317930685616826,0.27032575217888266,0.03216661017641891,0.018693563353533837,0.4714821206640191,0.1700140271585072,2.369399,375
2023-01-13,0.20064586,0.24265148,0.13576353,0.023703154,0.32635337,0.0708826,0.04245114559578908,0.3759323996926992,0.03804496325207902,0.027209257994826926,0.35915640504361207,0.15720581688451404,2.2776606,481
2023-01-14,0.23560108,0.2155126,0.12898487,0.07145597,0.2973185,0.051126976,0.02064173292454427,0.27950556329352017,0.035053389495965655,0.36237182855456906,0.27458991069126515,0.027837598525068254,2.361284,190
2023-01-15,0.1639783,0.2404552,0.1456281,0.06703282,0.3090796,0.07382598,0.025387723477391887,0.29244254994907204,0.037120495483619356,0.1711457603396002,0.42696249089696087,0.04694097937008828,2.3894238,213
2023-01-16,0.1774622,0.2415547,0.14298753,0.022627678,0.3451304,0.070237465,0.024845355550818442,0.35204135240095474,0.02870122461087264,0.03627206879355946,0.31222210631321273,0.24591789274357992,2.2614803,364
2023-01-17,0.24330105,0.19586149,0.15851061,0.042335868,0.30200076,0.05799023,0.021967959033814797,0.37177330838788447,0.07790584005692683,0.024317668839835,0.3769805249882401,0.12705469505548525,2.3310692,357
2023-01-18,0.12626345,0.27787888,0.13854484,0.033828624,0.32045755,0.10302665,0.022369947490611913,0.44968486514816464,0.039471675565450795,0.016388871434158004,0.3591917327491953,0.1128929081167386,2.3146172,431
2023-01-19,0.18466136,0.27032912,0.101933986,0.043073714,0.3213585,0.07864332,0.03211348261405429,0.3781783707493968,0.0356178020760113,0.03782797868550756,0.4310433698362758,0.08521899062361808,2.306233,389
2023-01-20,0.15905792,0.23080203,0.13561767,0.04504634,0.34324935,0.08622669,0.09266040471944481,0.2637780672389218,0.05365277027445988,0.04641011799005831,0.42753572058183253,0.1159629228020495,2.3368545,464
2023-01-21,0.13393487,0.18996562,0.14274754,0.052849364,0.36284992,0.11765269,0.024142219155936173,0.2033530260836937,0.03488160460546139,0.22412867070466663,0.37917372426693274,0.13432072758201288,2.3626726,153
2023-01-22,0.20199263,0.27225152,0.10530318,0.067466624,0.28604358,0.06694245,0.021052686345690973,0.3710409249647056,0.027661693050054253,0.15910738501068905,0.34322235148375724,0.07791495775752232,2.3591642,116
2023-01-23,0.2691487,0.20961921,0.12300859,0.05240362,0.2843677,0.061452173,0.035271011179780244,0.3010180350747882,0.045526360428955887,0.08377790951044774,0.4749080518054273,0.05949863295758454,2.3401644,475
2023-01-24,0.22326173,0.27448845,0.09593375,0.045544095,0.29099104,0.06978095,0.01976644816349043,0.33145458528916916,0.06340143986251694,0.01652666948218576,0.4652102955841564,0.10364056811036157,2.3086028,302
2023-01-25,0.16250001,0.31348717,0.103303954,0.039186183,0.2993218,0.08220086,0.04007653146800323,0.37746907777176764,0.033439601359278905,0.05753599738545502,0.3394068497520095,0.1520719458512553,2.289279,391
2023-01-26,0.16532366,0.27125493,0.11629253,0.024370948,0.32032466,0.10243326,0.02834281574840912,0.1967024462455302,0.06222280364680578,0.056265244771916356,0.5103376343751473,0.14612905244191488,2.294273,314
2023-01-27,0.18256728,0.28036743,0.115346305,0.030580489,0.3030977,0.08804081,0.01937749007093224,0.30369338348799246,0.046589401911250515,0.0163398053053036,0.43492375137298533,0.17907616591714937,2.306187,274
2023-01-28,0.14323026,0.22239329,0.15305232,0.06004998,0.351178,0.07009617,0.013643753957851239,0.2338121072070415,0.07005397610462745,0.08339474262261697,0.42852715520351914,0.170568260879468,2.3409717,181
2023-01-29,0.21636093,0.2364447,0.13208146,0.032542218,0.31915,0.06342068,0.019131640825059183,0.30448525706828533,0.02711023698657825,0.14921960485232758,0.4147171847387514,0.08533606877778943,2.2944949,131
2023-01-30,0.14812317,0.23203258,0.14335264,0.041071158,0.35952815,0.07589228,0.06586279086485045,0.2808854615337663,0.05765510164407229,0.06456017777199352,0.36545327522808174,0.16558318316143275,2.300931,315
2023-01-31,0.15865423,0.1889436,0.18180445,0.026995797,0.36311612,0.08048583,0.036421776155046895,0.25976045484579724,0.04496726580385232,0.014650959455269466,0.4434070704472524,0.20079247232365766,2.2867103,400
2023-02-01,0.21575697,0.24214917,0.124211796,0.030824201,0.31630734,0.07075051,0.03702823699690029,0.3352662068438558,0.037528740286382464,0.0679788817099274,0.36803186585242403,0.15416607883405134,2.2969182,390
2023-02-02,0.21739046,0.26349443,0.09722276,0.029608332,0.31603473,0.076249264,0.07539325390619334,0.34366982497495135,0.031638737397490645,0.06121653537515349,0.3216922766829328,0.16638937286091585,2.2712085,328
2023-02-03,0.22630276,0.21824041,0.14190377,0.038370512,0.30414346,0.07103908,0.0181242357977898,0.49258736813656673,0.06754274065913692,0.07674785510044527,0.29219691721497065,0.05280088912767649,2.3379114,395
2023-02-04,0.23277561,0.35211763,0.091938786,0.033271212,0.24050672,0.04939002,0.04195355845815754,0.5038227844833926,0.12408150729133094,0.013862873306145164,0.23208450158844288,0.08419477082323323,2.2084584,198
2023-02-05,0.092679076,0.28426948,0.115009844,0.04490492,0.3582393,0.10489739,0.020934624840759756,0.47765687092798464,0.029370206127779623,0.12839573889501565,0.1867288452099563,0.15691369780272094,2.2655625,121
2023-02-06,0.18737276,0.17960712,0.18761769,0.03685591,0.35272583,0.055820704,0.03853869917668795,0.39505157088189813,0.043837674850393235,0.02132873549878466,0.3944016673112997,0.10684164381106014,2.288704,392
2023-02-07,0.21478693,0.2126141,0.14090827,0.050279163,0.30856055,0.072850995,0.02205364267089968,0.24646786562633743,0.039229796334249854,0.05510334287269922,0.4432353704762308,0.19390998910486246,2.3655334,382
2023-02-08,0.24905851,0.20880009,0.1521102,0.031832475,0.28807154,0.07012716,0.05263440706955476,0.46284777447597647,0.02008842269136492,0.09520138321220863,0.19037167003286318,0.17885634066841566,2.3289814,350
2023-02-09,0.26007712,0.19570498,0.16462517,0.044795092,0.27955687,0.055240784,0.02225078557943984,0.4722529623818872,0.025376494676445656,0.01934496143057711,0.28062872524490523,0.18014606179246997,2.3398995,497
2023-02-10,0.20540915,0.21557494,0.13282926,0.0557224,0.32333884,0.0671254,0.030360620041953303,0.30161864798110327,0.05343248098496073,0.05926652177365481,0.4412991993229625,0.11402251843895159,2.3534946,415
2023-02-11,0.24712123,0.19376098,0.1292691,0.03414305,0.31422487,0.08148078,0.04099831261607805,0.4384247573572328,0.024818328672052917,0.02102058684051944,0.24295130307498186,0.23178670985631175,2.324573,156
2023-02-12,0.15895365,0.21408762,0.15141523,0.04648831,0.3617293,0.067325905,0.0926923587790208,0.17899625340493774,0.030700434860956763,0.10320214000276948,0.4513516555037166,0.1430571677300782,2.3087404,91
2023-02-13,0.2107148,0.22627048,0.13872376,0.024904633,0.34553778,0.05384856,0.04005494073857078,0.37917781384076893,0.03704816830327569,0.013311191948500332,0.37276566809506906,0.15764221379191207,2.243205,290
2023-02-14,0.17821181,0.2714845,0.12161379,0.044194747,0.32518917,0.059305977,0.022638131665705788,0.3832874922697867,0.07184208041371579,0.013034224633912978,0.3504346637484622,0.15876341408200817,2.291394,310
2023-02-15,0.11283792,0.25737518,0.1495801,0.048438165,0.3486147,0.083153956,0.020789727953366845,0.3467669919494501,0.056763785533000884,0.09605500755499917,0.29942699419108665,0.1801974961764519,2.3090558,154
2023-02-16,0.17091428,0.29616156,0.11063147,0.053301968,0.29097286,0.07801787,0.025542658900213754,0.44216334089035003,0.03443359103383812,0.0594364267089965,0.3414287222992697,0.09699525674489089,2.337705,230
2023-02-17,0.1773944,0.28663525,0.098415464,0.027263604,0.28391773,0.12637354,0.03006293483586546,0.3185545860345329,0.0524585968488179,0.02426604795412219,0.467678265129192,0.10697956692383158,2.3230488,155
2023-02-18,0.053045902,0.3132761,0.17249337,0.011459878,0.28766856,0.16205621,0.039980396550845086,0.5315052562166677,0.06517904083095004,0.014266034163275149,0.26275563961895476,0.08631363354399457,2.2030942,36
2023-02-19,0.17258082,0.20874362,0.12408481,0.05210429,0.3692776,0.07320886,0.0555135910418461,0.36746193427385837,0.027611283884708033,0.03543667632836451,0.3790561464446733,0.13492036504896476,2.3117626,147
2023-02-20,0.1938821,0.15853262,0.18933877,0.025344579,0.3827525,0.05014945,0.01656273154079773,0.3586488977351954,0.02953773380451275,0.10155266067934512,0.3490225682826098,0.14467541267538547,2.2159271,354
2023-02-21,0.20078208,0.21012284,0.13832021,0.049346037,0.31622994,0.0851989,0.015505392652909039,0.2882255009459721,0.05131810082437904,0.02006837738993971,0.47347801789688365,0.1514046125956803,2.374912,362
2023-02-22,0.2757576,0.22292721,0.12967128,0.041258723,0.27359068,0.056794472,0.10600417926982027,0.29393143430361535,0.04450008597193565,0.0848381322615922,0.380869887076275,0.0898562727105567,2.3137367,353
2023-02-23,0.22088698,0.27592057,0.114693746,0.034087565,0.2708828,0.083528355,0.020567767790828546,0.7255110689264899,0.035597480498699846,0.011591646517642483,0.15203393996917886,0.05469805524099,2.3278604,243
2023-02-24,0.31324723,0.24184029,0.12928705,0.031084586,0.24348901,0.04105184,0.09057717092419364,0.2763526306930914,0.1535275057584886,0.09292015436085281,0.2993258896543429,0.08729665012781891,2.2424123,338
2023-02-25,0.24235253,0.22608061,0.16931063,0.032906055,0.28554523,0.043804936,0.030116496420789177,0.48588161962502113,0.03454535107571153,0.0480764012026667,0.2974075972601163,0.10397256065739406,2.2904336,200
2023-02-26,0.3193197,0.10887982,0.13474855,0.046911646,0.33939418,0.050746128,0.06945029173595427,0.368570372649227,0.038931631820792616,0.03301064855391283,0.40491369957863915,0.08512335794469783,2.2182748,147
2023-02-27,0.26926547,0.20186296,0.14625406,0.03696762,0.29591236,0.04973755,0.02429457469628569,0.41357030181364973,0.04148764725218614,0.031231054114168703,0.41445943460578333,0.0749569699585851,2.2923949,393
2023-02-28,0.1989427,0.19841309,0.14613977,0.039485432,0.35384163,0.06317737,0.05875574836544742,0.23995043306678207,0.03523969467793946,0.0511803377927111,0.453465230281143,0.16140854972501,2.2980852,402
2023-03-01,0.12590955,0.2418596,0.15194222,0.041976828,0.36041635,0.07789545,0.026963861388949698,0.3112394684437952,0.07611257744827427,0.035741013130174894,0.37161648637644357,0.1783265908934119,2.294199,324
2023-03-02,0.15833288,0.19705035,0.11525133,0.10163788,0.37023535,0.057492178,0.015498414120487407,0.3234457659660526,0.03605523745283098,0.05123366903289403,0.4643268483907437,0.10944005705454747,2.344892,438
2023-03-03,0.16471557,0.23434965,0.12254878,0.048550975,0.33919585,0.09063916,0.05223252612643052,0.4520351315963372,0.06692257822864028,0.05649369499963172,0.288942065146026,0.08337399536945458,2.3452094,395
2023-03-04,0.21084476,0.17889711,0.14018783,0.03576714,0.36293578,0.071367376,0.05602757853034037,0.324828855057072,0.07184176308074855,0.01305895646970548,0.47988180578376455,0.054361058253915316,2.2894087,205
2023-03-05,0.23555736,0.22426395,0.12883975,0.045354113,0.30533418,0.06065066,0.0571582039881083,0.5093772512457779,0.022848364899503242,0.034140826618102076,0.2664412268382222,0.11003410400079747,2.32613,285
2023-03-06,0.21486515,0.19881159,0.1279192,0.04758318,0.33044872,0.080372125,0.03580297547159811,0.37335826975347325,0.029830447621592454,0.04017610074605586,0.3769719378809199,0.14386025965381014,2.3487813,344
2023-03-07,0.15544066,0.23203537,0.14906044,0.05181908,0.33369955,0.07794488,0.07184834464482945,0.2774348795794883,0.0379320312355878,0.060833885342536004,0.37590465063262773,0.17604621094689063,2.3524103,415
2023-03-08,0.20903432,0.13279732,0.15760297,0.101177886,0.33602303,0.0633645,0.014381364401805844,0.207653941460818,0.03348710487712647,0.2615242175797446,0.40317790575360374,0.07977546832299531,2.394236,210
2023-03-09,0.14425787,0.18273245,0.1415471,0.059802566,0.37959322,0.09206678,0.0619158741336051,0.28218691553647707,0.03491184633088028,0.06761776407558748,0.45986385238514016,0.09350373577313623,2.3406086,379
2023-03-10,0.12377379,0.2850154,0.10932453,0.04593316,0.3487102,0.087242894,0.03944901024378645,0.5782850355896415,0.022963889873432636,0.05829967554992628,0.24196852142149122,0.05903387870096773,2.279458,167
2023-03-11,0.14291471,0.33286574,0.13016838,0.06318128,0.25768995,0.07317997,0.06753825829201535,0.5383825162832736,0.012715580316779005,0.13424409893043696,0.13814352279441203,0.10897602936297401,2.344198,163
2023-03-12,0.16290842,0.23157385,0.15979263,0.035603706,0.34683764,0.06328375,0.022807963617113642,0.46762129731585195,0.03261358620243172,0.032076064813999716,0.39409980301637665,0.05078128666828977,2.2911355,247
2023-03-13,0.15763529,0.27911246,0.1440366,0.059117742,0.28569996,0.074397944,0.04977354743179401,0.7292855081670286,0.040585103403413245,0.02518007057153437,0.08646419337282202,0.06871160181323871,2.373159,609
2023-03-14,0.18831974,0.25870883,0.14377911,0.042640388,0.29493412,0.07161781,0.08971643483766707,0.5305672194963558,0.023692840202401054,0.1116629302033278,0.1815987028352428,0.0627618652871729,2.3465772,436
2023-03-15,0.20865804,0.21050684,0.13440551,0.038431928,0.33889845,0.069099225,0.043157531118103096,0.5465762535770236,0.04342370661657601,0.015252595447799742,0.26716986741037896,0.08442004900665404,2.310239,485
2023-03-16,0.2270068,0.24851374,0.13678856,0.03592485,0.28965735,0.062108725,0.060944237646120974,0.6266733695956073,0.03785460079377915,0.036192193991023726,0.19482534042315452,0.04351025687005483,2.3165395,545
2023-03-17,0.18913533,0.27216765,0.119598635,0.045613382,0.3031443,0.07034071,0.05030894079783329,0.46629295836057105,0.03188029116800711,0.04232789567977645,0.31807570608179103,0.09111423061152452,2.3263342,530
2023-03-18,0.18030675,0.26816055,0.16306911,0.051574662,0.28143722,0.05545173,0.014661030303171988,0.33750211626515697,0.031985269455944564,0.13002887573093097,0.39487842992227074,0.09094426617073764,2.3482318,140
2023-03-19,0.15570112,0.2647668,0.16388328,0.04274999,0.28349978,0.08939901,0.0731108673808748,0.17139196466714313,0.03897498228998,0.15468396133823334,0.3736562943220377,0.18818193075081033,2.374417,179
2023-03-20,0.17176695,0.24553747,0.11668587,0.048661694,0.3570391,0.0603089,0.05253514514638249,0.6549738882065782,0.023571333672554703,0.05039742626394106,0.18816644034438057,0.030355793723097848,2.2827036,868
2023-03-21,0.14324734,0.3080206,0.11618407,0.04288133,0.32376596,0.065900706,0.06695893222786245,0.3773231942890535,0.039502620849240985,0.07826027648152466,0.3527460582052426,0.0852089174942968,2.2658474,640
2023-03-22,0.18089265,0.24086201,0.12493344,0.046567272,0.3243557,0.08238895,0.028912395848206453,0.3996247463153465,0.03323481510557525,0.047842575556245555,0.28979999457987177,0.200585486301128,2.345407,458
2023-03-23,0.24590236,0.21065645,0.15070583,0.031428386,0.29335493,0.06795206,0.10958933787262984,0.41987922844472103,0.06478767839370184,0.014111389674615409,0.25959221877321775,0.13204015765489188,2.3219962,652
2023-03-24,0.2354325,0.23915702,0.1290089,0.060022026,0.26628715,0.07009239,0.042300108960689496,0.4339699006872702,0.02514508181799616,0.08876766959833934,0.33166356828767335,0.07815366309678301,2.3867161,497
2023-03-25,0.23813337,0.23535076,0.13167499,0.013415944,0.29717258,0.0842524,0.17833352467762661,0.3425817387412909,0.055986859953784045,0.015757491865110704,0.34651795848829325,0.060822420385973575,2.2737134,116
2023-03-26,0.17448142,0.2217555,0.15279652,0.04472596,0.33578748,0.07045312,0.12329317187384001,0.3917702941332742,0.044676069128517355,0.017112044976506924,0.3931994869827842,0.029948919183868522,2.3342752,229
2023-03-27,0.15768406,0.2770341,0.15593868,0.05572366,0.3075919,0.046027638,0.06221963745222776,0.4044587574932692,0.03552631979580183,0.05562425060266821,0.2898405475941079,0.15233050240685758,2.311036,265
2023-03-28,0.15764573,0.2294557,0.12819451,0.05327613,0.36916587,0.062262055,0.0489082351857521,0.34798376648951845,0.05294590353018106,0.04603109680483298,0.42531244484406694,0.07881856201116622,2.2928815,638
2023-03-29,0.18934909,0.19625935,0.16241975,0.03942011,0.3505627,0.061989043,0.06324878117561587,0.335704171779353,0.06572692375162958,0.05833987182282816,0.3918082576012341,0.08517199359168748,2.30427,505
2023-03-30,0.20439574,0.21865195,0.1280791,0.0438824,0.34109816,0.06389267,0.025554872583506878,0.38119336089543215,0.04014393343536138,0.06690535793059593,0.35910722737116363,0.12709523988134594,2.308244,617
2023-03-31,0.18739171,0.25193155,0.1044363,0.026596535,0.35926294,0.07038097,0.029405080150564665,0.25517650734737013,0.04784599251278884,0.06885262043243229,0.44540933108772235,0.15331045967489335,2.2333958,445
2023-04-01,0.21209471,0.15259083,0.17623723,0.07584346,0.3300639,0.053169858,0.027486063494198396,0.2830892672534545,0.10226613909855699,0.15028465078300443,0.3587761046849803,0.07809778767701725,2.364853,200
2023-04-02,0.20064002,0.29474416,0.09484867,0.035644785,0.31528565,0.05883672,0.04902863869927536,0.3709227875987478,0.03920700590033615,0.12010970968747399,0.3433524887929759,0.0773793654172827,2.243707,75
2023-04-03,0.1380669,0.22523198,0.13425225,0.031254523,0.39144212,0.07975223,0.027810676899421127,0.39872101638492785,0.03850881973787193,0.015011750644304996,0.4073794397514432,0.11256829631894948,2.2445881,301
2023-04-04,0.17972097,0.19869211,0.15342265,0.034504436,0.34695333,0.086706504,0.05442412811560998,0.33248614786629277,0.05393505929773606,0.02218606824177399,0.37668369571874755,0.16028489353830763,2.3264966,360
2023-04-05,0.16715312,0.18315786,0.14787684,0.04394635,0.38525584,0.07260998,0.04829762004680606,0.3709782852521293,0.040984224017931836,0.06606851609434329,0.35308563407013727,0.12058572684776028,2.2906847,563
2023-04-06,0.2713472,0.23063698,0.1222444,0.03385286,0.28967553,0.05224304,0.02237010828736292,0.19448627853763112,0.0694749726990777,0.02344965163057751,0.6263439640646834,0.06387504804448846,2.2750127,518
2023-04-07,0.1750633,0.22881974,0.15759231,0.047415327,0.3213728,0.06973651,0.07785769044011683,0.339734675204933,0.05830380937920422,0.01090959190907957,0.32082869183775503,0.19236555233869462,2.3498666,500
2023-04-08,0.18149002,0.22233884,0.13396475,0.038636256,0.34789157,0.075678565,0.13746776012958584,0.37150844141703454,0.027437240529443938,0.14686859803310703,0.20192539499868253,0.11479255197048137,2.3107526,305
2023-04-09,0.1225016,0.14575268,0.17662622,0.045171864,0.44048375,0.06946387,0.012469094561959687,0.24599966646172067,0.16798647197870734,0.03258311826121518,0.42356404678982956,0.11739760181983118,2.2079532,194
2023-04-10,0.12023487,0.23383787,0.11901521,0.0458359,0.3740124,0.107063726,0.018110738471572612,0.41870074170391813,0.023028903083768,0.04773047009357954,0.3223303302359664,0.17009882495513248,2.3027682,417
2023-04-11,0.14226614,0.23052979,0.13627218,0.04347185,0.37468195,0.07277812,0.057542809802024426,0.28707917758814516,0.050385368462201874,0.1310979814343254,0.4136838361227043,0.06021084467829301,2.2825415,444
2023-04-12,0.16677909,0.20099786,0.16180404,0.045506313,0.35452446,0.070388235,0.03750185867837732,0.4853498708439708,0.05454698973691689,0.0252307688491636,0.2858596360537336,0.11151086661329987,2.3241084,585
2023-04-13,0.17261258,0.22331184,0.16834137,0.04393555,0.32221463,0.06958403,0.027567979379406325,0.3327090474127894,0.029939864967839423,0.020888193182819915,0.36755981729947507,0.22133508296992832,2.3452978,314
2023-04-14,0.17182587,0.24274743,0.14861466,0.039399553,0.3187345,0.07867799,0.04236088710086517,0.3895055106399388,0.0645178722918627,0.059489945608335607,0.34361429490656875,0.10051147503112726,2.3393378,373
2023-04-15,0.17264907,0.20112304,0.18765114,0.03272473,0.33920696,0.06664503,0.024283371744460616,0.3954198236511668,0.045488163883465015,0.0501512105870456,0.26684984609882134,0.21780757677339901,2.3067775,87
2023-04-16,0.2503053,0.15276557,0.18110333,0.049855463,0.31912106,0.046849243,0.03141732993990389,0.18964656705970864,0.1090836249946326,0.10071343611189597,0.455165673168414,0.11397336842208822,2.3091116,214
2023-04-17,0.13120788,0.20240265,0.14009543,0.048691966,0.38157207,0.096030034,0.01993908036735254,0.5826249235517105,0.013993778537207424,0.030848542062179397,0.1799251080635224,0.17266856701598288,2.3154664,341
2023-04-18,0.14246243,0.15835103,0.16071013,0.023003785,0.4264601,0.0890125,0.037011984564679155,0.41677823812653947,0.06629885358947792,0.035239060671791334,0.2803696265383652,0.1643022278690927,2.2055695,350
2023-04-19,0.11704645,0.21667619,0.15010154,0.03644666,0.40459442,0.07513474,0.0409302453704135,0.34430491549661035,0.08577503956790634,0.07159147058789682,0.4040200306120271,0.053378294918027855,2.2338934,534
2023-04-20,0.16880615,0.21263559,0.13072833,0.03525687,0.36866182,0.083911225,0.0496435193130101,0.40194278763719327,0.0653396152221015,0.022902659986515993,0.340011939323509,0.12015950586534294,2.292783,553
2023-04-21,0.10947251,0.25426373,0.10367328,0.051535506,0.39091298,0.090141974,0.016216920654184147,0.39581858062172476,0.04233548570007764,0.1146243385182999,0.270672675566601,0.16033198541663934,2.2538342,311
2023-04-22,0.075246,0.20553195,0.13264814,0.04054521,0.41293648,0.1330922,0.01661195552901655,0.40905095813372166,0.01747447843590019,0.11612099577044412,0.29083716753951944,0.14990445186176904,2.2381926,125
2023-04-23,0.16266122,0.20402299,0.16507718,0.039044097,0.37515357,0.054040946,0.019497245918082298,0.2918868264152144,0.049063695498850785,0.03348460717478866,0.42039080935788437,0.18567678506087468,2.2638612,172
2023-04-24,0.12710151,0.20203778,0.12873673,0.03010941,0.4199299,0.09208468,0.07259464748504027,0.347250114399681,0.04509642705942627,0.03197374141119198,0.36823910719370073,0.1348459737213026,2.2198248,326
2023-04-25,0.17306392,0.22870143,0.13270788,0.04383458,0.34154502,0.080147155,0.021873204400690082,0.4699884417491576,0.0640020017938843,0.07085887020401628,0.2890733124222893,0.08420415239113826,2.3303583,483
2023-04-26,0.19293872,0.24124758,0.12865508,0.043071415,0.32995483,0.06413239,0.08765419126729174,0.2865645410172285,0.03304567662694791,0.17387394506954215,0.30350510430101557,0.11535654000120898,2.3108895,586
2023-04-27,0.16977732,0.24085158,0.14419593,0.037813086,0.33198348,0.07537862,0.03423657301374291,0.1946187966707298,0.03461271873439678,0.04614902158007143,0.6155720869750496,0.07481081179890818,2.3197947,217
2023-04-28,0.120081015,0.22939263,0.10139169,0.04032743,0.42619058,0.08261666,0.03437093430380376,0.40739727774265266,0.0683618927305716,0.05209853803804848,0.3695119151401637,0.06825944823079311,2.1976523,351
2023-04-29,0.18253015,0.1953074,0.15621196,0.045061864,0.36071002,0.060178615,0.023957411242518975,0.3497692915578652,0.02399239518868017,0.12303222442235648,0.29245329557205857,0.18679537079139524,2.302624,257
2023-04-30,0.17247996,0.22691205,0.122522555,0.03597526,0.3813138,0.060796373,0.0350059028553819,0.2840848312513658,0.049053876538217585,0.09538633648023416,0.47421219805486137,0.06225685030628678,2.2425396,65
2023-05-01,0.30673695,0.15918657,0.15633406,0.041509893,0.2956997,0.040532853,0.022499031992638623,0.3073897628490709,0.050077990965363604,0.02632371529617421,0.41907796630104244,0.17463154409213127,2.261335,279
2023-05-02,0.15106483,0.2833065,0.12140037,0.041483123,0.32572493,0.07702026,0.03638617499900485,0.47937978289573585,0.04403516613261292,0.05753672136636831,0.2627930765728226,0.11986905481437288,2.299174,274
2023-05-03,0.1543006,0.29205126,0.094213374,0.047183435,0.335116,0.07713535,0.02554633413016612,0.44476911189357526,0.06883679166287338,0.056340644820872324,0.2544745082257507,0.15003261919663963,2.2772582,346
2023-05-04,0.15044837,0.264529,0.11190881,0.057668455,0.33063856,0.08480681,0.06782307677088899,0.3971699709235819,0.060256162869961424,0.02441648688077715,0.301457511984134,0.14887680052735563,2.3393853,416
2023-05-05,0.1745085,0.2404155,0.12111433,0.034347393,0.358109,0.07150527,0.03159546162830408,0.3255418581940128,0.04814256301937425,0.061929778842731584,0.42422902681583563,0.10856131522006593,2.2725112,381
2023-05-06,0.19162995,0.13042228,0.17021757,0.016270561,0.41834903,0.07311058,0.08245034104562399,0.41482468978080705,0.09375649485100371,0.01114339009260037,0.2481692362266992,0.14965585852604005,2.1734092,162
2023-05-07,0.18978037,0.13993357,0.18329228,0.038461424,0.37823778,0.07029458,0.04195239599442015,0.3968062932440606,0.04890648137447921,0.0997391404297454,0.3662979801203271,0.04629770630728901,2.2812686,89
2023-05-08,0.16702618,0.19619353,0.16838789,0.0319998,0.378788,0.057604615,0.022689398041874448,0.48347148809618484,0.09389767503760563,0.05771299459563256,0.2922637583900917,0.04996466690148225,2.251612,287
2023-05-09,0.21684147,0.17684284,0.12918656,0.10434448,0.31106418,0.061720487,0.14176751833577697,0.25471381648397184,0.031920129186270824,0.2570297697222595,0.22131950694815614,0.09324927755941373,2.413906,220
2023-05-10,0.15744197,0.27624986,0.11837024,0.03551462,0.3338567,0.07856661,0.060837293495881975,0.5054730781173278,0.044901960695971264,0.05376205432325396,0.2682691466397899,0.06675646814269454,2.2847872,257
2023-05-11,0.19825378,0.2623744,0.11893069,0.036348965,0.3145464,0.06954576,0.037712474753233936,0.704582671797796,0.015712034237285084,0.03792578785773896,0.16045556282966722,0.0436114348734637,2.3007867,448
2023-05-12,0.12529355,0.25647488,0.13686839,0.04690351,0.3649757,0.06948398,0.028483966862039967,0.2597548171408813,0.0413551896293729,0.032709768684536566,0.5251202825956519,0.11257595447852138,2.2767174,274
2023-05-13,0.24561195,0.23780766,0.12263477,0.03235477,0.28818065,0.073410206,0.03008284126937357,0.46964744055173646,0.14985937912786923,0.014010971497046448,0.18476771114688734,0.1516316746372455,2.3155758,220
2023-05-14,0.08036263,0.12038493,0.186034,0.031995296,0.46236247,0.11886066,0.0843692580650645,0.3392340655240082,0.025631603618073175,0.02473190221569241,0.3382830620092858,0.18775010010342613,2.1500514,100
2023-05-15,0.17787693,0.3006956,0.10857259,0.03225959,0.29729602,0.08329927,0.04811691921382459,0.29780151204353855,0.08397851291590032,0.06904976929123399,0.3417893637141756,0.15926391836183423,2.2909486,254
2023-05-16,0.17124206,0.19502245,0.16803819,0.032963734,0.35711318,0.0756204,0.0356718173016071,0.6847073321777501,0.01756205020868074,0.0158221015136324,0.16165679962794566,0.08457985981761107,2.3027484,525
2023-05-17,0.17614551,0.22241266,0.13912888,0.034288876,0.35665464,0.0713694,0.029747009181622628,0.6481282473116196,0.025140258577787702,0.012755656202475917,0.20074881323182908,0.08348001640918663,2.2886643,553
2023-05-18,0.23480144,0.20536403,0.12351415,0.033623263,0.33377385,0.06892326,0.04456940706763846,0.2926181265849859,0.06327492159288799,0.021663758370045347,0.4164525698902376,0.16142121673108262,2.2914357,551
2023-05-19,0.1507164,0.22765714,0.13345625,0.039026808,0.35850337,0.09064002,0.03495184869575934,0.3996904092829453,0.03557635567495142,0.025203939946591612,0.2550624196780522,0.24951504685595485,2.312434,342
2023-05-20,0.2503504,0.20151217,0.14857616,0.031890325,0.30094835,0.066722624,0.03676085823324871,0.27480415555811794,0.04935355546399384,0.10253037408918188,0.44535549522263124,0.09119557118709298,2.3150764,106
2023-05-21,0.26781076,0.1779323,0.15422371,0.028157936,0.3217548,0.050120473,0.028900837213779843,0.3519729971153135,0.02736200437707269,0.051612794293220535,0.4336723575841545,0.10647899248148571,2.255962,229
2023-05-22,0.10589865,0.18028212,0.1529956,0.03939344,0.43231478,0.08911539,0.024976103416620255,0.22714783435365468,0.08761532028083673,0.05693345594776603,0.47867092404948763,0.12465636570279846,2.2206995,263
2023-05-23,0.11111652,0.2325797,0.12613139,0.033551384,0.40913028,0.08749075,0.01877982494406522,0.3313598525434659,0.055132321945715726,0.04869879656674037,0.42189793093628236,0.12413127260575521,2.2177155,391
2023-05-24,0.16155925,0.24948582,0.121788844,0.042305857,0.3309304,0.0939298,0.052046808453240605,0.39515355103878025,0.03132866576408411,0.06038096477933294,0.38724441111325897,0.07384559506621714,2.3360531,377
2023-05-25,0.16571975,0.27951792,0.11239506,0.03472447,0.33978218,0.0678606,0.04389359854310334,0.45215311445179185,0.035555091768573084,0.05031021845280708,0.30746109876738714,0.11062687699524616,2.259068,276
2023-05-26,0.18400972,0.21095768,0.15040842,0.0411941,0.34369525,0.069734834,0.06695281393223242,0.3111913536692643,0.05805032235275361,0.06418870223801093,0.39233752900296726,0.1072792863047621,2.3210819,383
2023-05-27,0.23611413,0.21928513,0.17142071,0.038946863,0.27844208,0.055791065,0.011827821725315778,0.10000865830814634,0.06632733697533648,0.30187713262317234,0.39285122436788006,0.12710781638280677,2.3361638,202
2023-05-28,0.1930313,0.2384918,0.120356455,0.043208044,0.3495099,0.0554025,0.01794005810699748,0.33898915441321426,0.023825000808785166,0.1642399825192592,0.32350919773156356,0.1314965940002316,2.276075,175
2023-05-29,0.25056258,0.19672924,0.15642874,0.03858301,0.30991957,0.047776848,0.07837172221332422,0.2620968966413281,0.05603714080640724,0.023765135546097122,0.4591561602450629,0.1205729376924596,2.2950327,423
2023-05-30,0.23361365,0.2509651,0.10372945,0.032676358,0.29920015,0.07981529,0.041428845514427076,0.36002180463197303,0.03439182560372984,0.05594168595545615,0.2544359892264367,0.25377983727980746,2.3029451,410
2023-05-31,0.17158838,0.26353282,0.111113176,0.024513468,0.3677079,0.061544273,0.03280338223075466,0.4816695486988525,0.032434021173734826,0.01385794895833346,0.3460771662807433,0.09315793649909478,2.2050223,445
2023-06-01,0.1996101,0.1949454,0.12983096,0.060182437,0.34177753,0.07365358,0.024721038594105946,0.3448601371028798,0.036552480299925194,0.06380188555937652,0.34990199434783464,0.18016246100277003,2.3568265,418
2023-06-02,0.13191807,0.21911138,0.12884825,0.030456616,0.4118967,0.07776897,0.030276069898103868,0.3129770090041842,0.059724441779092995,0.01916391255682353,0.4235103979825403,0.15434817284539726,2.2133694,368
2023-06-03,0.13490395,0.229683,0.09906732,0.048223887,0.42755088,0.060570948,0.020979485454643027,0.5497435196978083,0.0239398774478864,0.01091741302048961,0.3258420574079131,0.06857765502963092,2.1878235,158
2023-06-04,0.19249137,0.31399724,0.081994474,0.050449014,0.2677534,0.09331453,0.022087112891205456,0.3200336625425593,0.22576617271113233,0.02861718498958157,0.37402284788554296,0.029473016372377547,2.3238769,163
2023-06-05,0.21191949,0.21013816,0.11885858,0.042472698,0.3542439,0.062367186,0.14979639831513955,0.3504299777762467,0.045683307908843146,0.018323275275711332,0.35922200507568414,0.07654504418523606,2.286103,292
2023-06-06,0.21520796,0.262741,0.131147,0.040760156,0.29021046,0.059933428,0.07763383172921917,0.4506815291184786,0.0882568561421928,0.06443311277992683,0.2761493267927506,0.04284533728534111,2.317454,271
2023-06-07,0.13559277,0.31922632,0.11345781,0.04837579,0.29683954,0.08650775,0.057616129755570636,0.406343769921647,0.033425431779433246,0.0517787205495408,0.25186775747168416,0.1989681832541978,2.3099532,224
2023-06-08,0.19334882,0.26338556,0.11648175,0.019456554,0.32385972,0.08346759,0.02280004283795904,0.5872060035171144,0.01968226149065349,0.01620201293682824,0.21224278974324884,0.14186689251735765,2.2630286,290
2023-06-09,0.13718307,0.27898225,0.11133466,0.023563655,0.35840216,0.0905342,0.055244229400217684,0.42094215339847135,0.029483034017717423,0.025618571176969324,0.34159908391050003,0.12711291766966865,2.2312715,431
2023-06-10,0.15521754,0.25739563,0.13649082,0.051249128,0.34328616,0.056360725,0.025765282223322604,0.40131335802635515,0.11100071027529666,0.014619664481390106,0.40389197925098835,0.04340900077513312,2.296334,149
2023-06-11,0.17878175,0.18664828,0.16952455,0.022327598,0.37015316,0.07256465,0.032042912058841466,0.37428524811961483,0.04443709962573936,0.05629837067448819,0.3546227941058046,0.1383135666465971,2.257913,187
2023-06-12,0.2196948,0.24926466,0.13715483,0.061154317,0.26861966,0.06411173,0.042152068341618436,0.3065756386756836,0.08659806898216743,0.06230813657061822,0.3807614237245963,0.12160468238545247,2.3830678,360
2023-06-13,0.11219663,0.2546697,0.14155173,0.046513557,0.36406514,0.081003256,0.03366787540580744,0.27391326286994105,0.07528344694986565,0.042347380885358166,0.41479233046629893,0.15999571163446535,2.2861774,474
2023-06-14,0.12589324,0.283038,0.1020351,0.034493767,0.3491805,0.10535941,0.01646481805479785,0.3316970810319456,0.06804119056525142,0.02408346637814407,0.31149693367214454,0.24821651831365188,2.2674224,326
2023-06-15,0.17826752,0.25557965,0.12184266,0.038944405,0.32326695,0.08209881,0.023791446189708805,0.2785419586775343,0.036173616903553585,0.06093333618108211,0.44156273800453333,0.15899688608827384,2.3216655,541
2023-06-16,0.1577375,0.2552081,0.1072869,0.034908112,0.35668465,0.08817476,0.025628348077897902,0.31236416201198675,0.09078501199984049,0.07736877706366672,0.3637873196644972,0.13006638016510205,2.2769878,306
2023-06-17,0.22363466,0.25098145,0.16125906,0.021289108,0.28954494,0.053290803,0.01585847101320795,0.3373913517365651,0.11819146375090472,0.008384629723162068,0.24442559196674948,0.2757484732229,2.2696924,114
2023-06-18,0.1277257,0.18914284,0.13717338,0.030225273,0.4573144,0.05841837,0.06967389795100455,0.1261833922831003,0.08146177281545386,0.03129070108935398,0.5757215865886408,0.11566862856148535,2.1348732,159
2023-06-19,0.16211374,0.2894391,0.11475633,0.033853095,0.34389368,0.05594406,0.10015616899510917,0.31396711469456,0.02703877002966952,0.01762081628564194,0.35501950186282366,0.18619760526691717,2.2293334,404
2023-06-20,0.20046097,0.23035586,0.15443577,0.04490505,0.31284672,0.056995623,0.041572001694778274,0.30870086913029315,0.06721859761673984,0.019106026318216007,0.3551597532635959,0.20824274861748712,2.3299718,443
2023-06-21,0.16821863,0.24864201,0.12605724,0.038413513,0.33751002,0.081158586,0.0332330530130533,0.3015408395891118,0.07473979316386056,0.04776128347965478,0.44893301503726396,0.09379201040962504,2.312021,491
2023-06-22,0.11059488,0.2500139,0.12346584,0.04175063,0.39483577,0.07933895,0.02706647234287499,0.449801597575214,0.05124578625647009,0.06601470556493723,0.2761077682265846,0.12976365921183308,2.2346253,424
2023-06-23,0.18200368,0.25737873,0.13691694,0.032674927,0.31948522,0.07154051,0.021458402826524742,0.34456152432205994,0.03748218971921117,0.06042156783959599,0.3203601045252698,0.21571620816213732,2.3034992,376
2023-06-24,0.20302182,0.2069977,0.14783436,0.059691146,0.29135358,0.09110138,0.026996658079428235,0.30949248261614526,0.07961656450098871,0.013355094439816742,0.33656748213403787,0.2339717202410705,2.4210622,288
2023-06-25,0.28719893,0.24633569,0.11629091,0.033183582,0.2558012,0.061189666,0.0203754317052343,0.48785243703861203,0.04586983933687825,0.03881048016852705,0.34461929272645253,0.06247250930839673,2.2886407,189
2023-06-26,0.2523305,0.22746778,0.12343919,0.04304801,0.28305206,0.07066245,0.044027566624626584,0.44168389870164704,0.03579948192456755,0.018079334166605697,0.32334870879146044,0.13706101605670412,2.3406525,373
2023-06-27,0.24309854,0.22842418,0.09742817,0.039908916,0.3294317,0.06170847,0.04658743551603031,0.34858943129960696,0.03216012337306321,0.04711981004919911,0.4165813714316501,0.1089618338200716,2.2710826,385
2023-06-28,0.19702333,0.272744,0.11287011,0.042376034,0.30285412,0.072132416,0.06822844397538763,0.2611449972675975,0.08728009720336899,0.04383835582670046,0.4605828288223869,0.07892525755613884,2.3169785,383
2023-06-29,0.22467092,0.2211038,0.12493696,0.0431047,0.3185677,0.06761591,0.01605067188078288,0.230367592802916,0.07988369877448424,0.0778504078721565,0.4490719629631134,0.14677566984281734,2.3243103,432
2023-06-30,0.16816755,0.24825966,0.122078896,0.055250254,0.33318982,0.07305381,0.02649046705814287,0.28824024892561995,0.04478604959361064,0.07149453983044901,0.40509023021843765,0.16389847003503916,2.336854,420
2023-07-01,0.2752676,0.1353479,0.11060627,0.06209456,0.34023756,0.07644611,0.00841449819869992,0.02201962802103591,0.06945334305557518,0.07113007235392158,0.6745227478058551,0.15445970261882908,2.3158844,114
2023-07-02,0.14536615,0.14557707,0.19396424,0.034579564,0.40007207,0.080440894,0.0432013330581694,0.3951027686582187,0.030249032200341065,0.08915710358479378,0.3707817764851767,0.07150798960160613,2.2572012,261
2023-07-03,0.18940577,0.26133445,0.11991517,0.046490222,0.30424693,0.07860744,0.041755276970002045,0.4556496607375235,0.02630059946488573,0.04431535181993298,0.31529964101281976,0.11667947800624184,2.344071,558
2023-07-04,0.18937662,0.25682852,0.12568401,0.049028013,0.30340964,0.07567319,0.019606926067266748,0.4363868590937729,0.056845477558376656,0.021114774776201762,0.33837065060784144,0.12767531392668124,2.3515272,609
2023-07-05,0.20143308,0.2763984,0.120909125,0.04590469,0.28323156,0.07212316,0.0372926137090479,0.5241990754001608,0.05277572528821914,0.02054704162279273,0.2202624569266896,0.14492309030854386,2.3400524,577
2023-07-06,0.1816243,0.26869753,0.12839428,0.052616097,0.29850346,0.070164375,0.022543957322826415,0.3944381129049786,0.055466018508173294,0.09186717634305425,0.3149959531594136,0.12068878238891083,2.3497517,738
2023-07-07,0.2544949,0.27497828,0.10594683,0.04117733,0.2629072,0.060495432,0.040538789323677986,0.5765729024378757,0.03603329744589132,0.10346513079717508,0.19642003804334193,0.046969837581517106,2.2987883,530
2023-07-08,0.21753283,0.28562132,0.11988505,0.022242112,0.29913768,0.055581015,0.026027630924130678,0.23941461502912106,0.0306309726874565,0.015102382210818352,0.51244649478729,0.17637790839178294,2.2366457,174
2023-07-09,0.18463452,0.24755578,0.12911473,0.0268528,0.32566085,0.08618133,0.022334235268467104,0.35094190820775195,0.03213282339018164,0.0403749085101651,0.4263420728521819,0.12787403793962654,2.3019516,224
2023-07-10,0.1547858,0.27684438,0.12304852,0.034417856,0.32357442,0.087329015,0.020226125342039308,0.37290127655312905,0.058077549633480836,0.10160964355480528,0.30882906715391956,0.1383563398480205,2.3027105,378
2023-07-11,0.1547171,0.2402657,0.1265022,0.035607893,0.3473852,0.09552189,0.040042236969038865,0.45515786967158717,0.02142383721693971,0.03697036902712886,0.29201892942941055,0.15438676247171562,2.3130307,610
2023-07-12,0.19665323,0.22397344,0.1323912,0.034868777,0.34329078,0.06882259,0.012855207724537052,0.2935388398754898,0.03258829883111379,0.09190157001164968,0.3696569086365556,0.19945917044419664,2.295152,570
2023-07-13,0.1547199,0.26192257,0.107919775,0.035715275,0.3471835,0.09253897,0.02523683453676061,0.3670651153085347,0.07384994895955185,0.04050233570269053,0.35453852001036096,0.13880724365884012,2.2887595,502
2023-07-14,0.12381665,0.27791926,0.10115822,0.033361703,0.35603386,0.107710294,0.016595712269974326,0.25039868797639586,0.026130990382604444,0.07751332030099334,0.3898322966914508,0.2395289903504053,2.2612834,425
2023-07-15,0.24683045,0.238917,0.10294949,0.030440576,0.2920805,0.08878198,0.04813888222246656,0.5164770815180284,0.024849045753148113,0.0763930683165555,0.19035307432581333,0.14378885329115496,2.3114717,264
2023-07-16,0.25421745,0.18312345,0.14668721,0.059849713,0.28472555,0.07139661,0.012900857528400615,0.14910159261836828,0.03821833892913677,0.22639653919342356,0.39778576672775456,0.1755969213532897,2.3880358,114
2023-07-17,0.19145598,0.27321658,0.1110167,0.03345906,0.3101157,0.08073597,0.022566712816105325,0.30868576058421987,0.07288510285468335,0.0123675279118498,0.37772674930016276,0.20576814080806627,2.3010314,396
2023-07-18,0.18246862,0.20071672,0.14429055,0.03333491,0.36779004,0.07139915,0.02709917441537667,0.38192926885998146,0.07442502602208238,0.06311267299374397,0.3255834344062235,0.12785040832554284,2.2820299,528
2023-07-19,0.232782,0.23803078,0.12214204,0.046633035,0.27857244,0.08183969,0.013499189119431477,0.26380339634256095,0.04546864391539198,0.05575066767244618,0.43500608556516507,0.18647201305341257,2.368355,354
2023-07-20,0.15632854,0.25497127,0.111496106,0.041767903,0.3497351,0.08570111,0.062086654021799206,0.5234677974920754,0.022902750686755697,0.042907355561491875,0.2336798412009517,0.11495560365362716,2.299334,483
2023-07-21,0.19109696,0.25089908,0.13583328,0.027016412,0.31754833,0.07760594,0.07278267734692484,0.4539759800821831,0.05478807352179547,0.02368351305491948,0.19513132575739994,0.19963845115524162,2.3004484,552
2023-07-22,0.19795519,0.21197651,0.1295541,0.047280025,0.34055406,0.07268011,0.02149585552470382,0.6071701132010973,0.030380269286772687,0.08971808760650359,0.15937109233485988,0.09186454413059668,2.3312447,293
2023-07-23,0.21237507,0.20168868,0.14348908,0.036936633,0.35153732,0.0539732,0.02056172052219259,0.30437759484612686,0.033064854415358565,0.09980831639579162,0.41514508984121157,0.12704242057996348,2.2757907,244
2023-07-24,0.14436358,0.24543026,0.12890494,0.051421277,0.35768092,0.072199,0.01930584169391722,0.3930960076816015,0.09522269356964455,0.05807802384451591,0.3880756180530643,0.046221839263514475,2.3059433,426
2023-07-25,0.18196833,0.1914649,0.14302954,0.044731986,0.36623317,0.07257206,0.02014558281127829,0.33356588575363305,0.08073577020080393,0.012824134258134431,0.4071191974970845,0.1456094188491243,2.311113,581
2023-07-26,0.13440602,0.24134652,0.12891397,0.04379482,0.36659482,0.08494387,0.01581154676996698,0.36594032470335364,0.06849947295281604,0.035719162319471864,0.4247716634304985,0.08925781907319595,2.2956758,638
2023-07-27,0.20338063,0.26714963,0.14581166,0.03549378,0.29862466,0.049539622,0.05990583851539866,0.3411157388418806,0.07382628069959339,0.04787723894313497,0.35443345388707764,0.12284143918035362,2.28748,310
2023-07-28,0.2054403,0.24732114,0.14159532,0.035934255,0.31297824,0.056730732,0.027894715515822927,0.23101127882023206,0.04205340512830277,0.016891955384186527,0.5750367241407038,0.10711192322140026,2.2986598,511
2023-07-29,0.19151506,0.17230324,0.17617565,0.029667918,0.38384962,0.04648848,0.010099331441227644,0.19362634525897113,0.0638082257571783,0.011834954542083996,0.6635267901912643,0.05710435750537442,2.221708,259
2023-07-30,0.189985,0.23819467,0.13065648,0.056889944,0.31681612,0.06745776,0.036951346932493835,0.2582182178014868,0.08328640360612732,0.08218875591906558,0.5022791024822973,0.03707614834123106,2.3549027,237
2023-07-31,0.13385075,0.25510886,0.13279852,0.053763945,0.34356734,0.080910616,0.03857803966288188,0.3733248283935165,0.046083328791863595,0.04403243380751547,0.4120327580051032,0.0859486070097761,2.3277068,388
2023-08-01,0.14321302,0.25025994,0.12918782,0.039174072,0.36437765,0.07378751,0.016209830026802236,0.2922677817852293,0.060492632254158504,0.0425317472595916,0.38354818884967895,0.2049498037400506,2.27439,519
2023-08-02,0.14302377,0.28904328,0.12733161,0.04452101,0.29703784,0.09904249,0.03947883024533695,0.5102511638022692,0.028825821358147718,0.07744557065186256,0.23379223191202586,0.11020639261118363,2.3479059,454
2023-08-03,0.1565956,0.20265909,0.13357706,0.042560924,0.39411625,0.070491076,0.04469953954891671,0.335140039018411,0.037206107419388304,0.08834246399244658,0.4276188669208624,0.0669929582652503,2.2664986,433
2023-08-04,0.22800618,0.22503982,0.13008738,0.0341272,0.30564693,0.0770925,0.04309661912972931,0.47210460760538797,0.027156035830132888,0.017924046507910577,0.2514720200090723,0.18824668896653443,2.3273146,420
2023-08-05,0.24659656,0.19890425,0.13245708,0.040696725,0.31269416,0.06865124,0.0147276001348555,0.20554184074977216,0.02824291060431817,0.08007195649271466,0.37521811401636546,0.29619757106230943,2.3255122,151
2023-08-06,0.21869531,0.2240884,0.12824394,0.058171704,0.30905536,0.06174532,0.023432202365483445,0.3487961582732526,0.034685406702372926,0.044673286370917546,0.4112518607365066,0.13716108044183353,2.3534756,161
2023-08-07,0.15023819,0.23464663,0.14888261,0.045917977,0.34159338,0.078721225,0.04425107395938477,0.40518591889347716,0.03674852392304378,0.06352186966090774,0.34598040310983863,0.10431220934422399,2.332819,571
2023-08-08,0.13514088,0.24910176,0.14641626,0.049687438,0.3373528,0.08230086,0.031192330849847613,0.3800589782520606,0.02691408524176359,0.061924366807651565,0.3319012737631666,0.16800896412602911,2.3361344,640
2023-08-09,0.15373144,0.2642455,0.13208002,0.044287886,0.32452056,0.08113458,0.019766453101423755,0.35208584050586283,0.07750841742634958,0.02108155013997159,0.4630511528837414,0.06650657624898347,2.3284662,712
2023-08-10,0.16143996,0.24311565,0.12415099,0.038614094,0.35593128,0.07674801,0.014964270007275751,0.27479964753437214,0.05774665077966818,0.07377142713274384,0.4390846839268815,0.1396333145676077,2.2904274,377
2023-08-11,0.18193127,0.23727839,0.13202494,0.038942695,0.3446156,0.06520708,0.02432909457590991,0.4559664658371638,0.05369742982429323,0.02447428802316203,0.3122138987804661,0.1293188244157025,2.294222,409
2023-08-12,0.28920984,0.22621511,0.11522999,0.028209291,0.28560308,0.05553268,0.02594519263591413,0.681747687365561,0.011778060753344583,0.014437972199802142,0.17037523908666216,0.09571585211921411,2.2550676,261
2023-08-13,0.16967967,0.28381595,0.1152413,0.1114168,0.2664869,0.053359404,0.024170469514867565,0.3954209988148644,0.02450256596787256,0.2004646019763975,0.2883109751542858,0.06713040435841831,2.395925,127
2023-08-14,0.15532023,0.24044493,0.14069927,0.054966655,0.33117846,0.077390485,0.03964136278822779,0.5334531318066988,0.048257577170893386,0.041517143472417445,0.195359008777745,0.14177178151184935,2.3535452,861
2023-08-15,0.16879903,0.2904111,0.11588264,0.042999554,0.29495883,0.08694884,0.030217986776640286,0.6807240739610214,0.015440741371951307,0.015484181964884833,0.14225725590375649,0.11587576683118825,2.3327208,599
2023-08-16,0.2425384,0.25247166,0.13450794,0.050421167,0.26043662,0.059624214,0.0198392879471535,0.37019217473911,0.03874821778001072,0.10019747621393903,0.346613980539487,0.12440887207704981,2.3516989,384
2023-08-17,0.19449764,0.27585983,0.13477668,0.041367784,0.28397527,0.06952279,0.013272448032971557,0.26771175129385827,0.053714693716388526,0.06336438192695835,0.3387242483596127,0.26321247671728243,2.334926,378
2023-08-18,0.24961069,0.28024727,0.12158133,0.033408172,0.25814652,0.05700599,0.030838038800809587,0.4381103845304243,0.05315591111392118,0.011793435384505916,0.25454137655925135,0.2115608611794854,2.2874722,430
2023-08-19,0.26126045,0.18658477,0.15889212,0.029091192,0.3138486,0.050322853,0.006204408961333477,0.04510342534719528,0.10012423947318785,0.010574719248998285,0.4781052100403172,0.359887978908432,2.2697175,263
2023-08-20,0.18756814,0.20473284,0.16292284,0.038559403,0.3593612,0.046855565,0.032293389492788184,0.27966992263870954,0.036033560107839015,0.030686218117532315,0.5160732690740364,0.105243646499295,2.2664382,192
2023-08-21,0.21897459,0.24035762,0.11780868,0.040235963,0.3162521,0.06637103,0.018623706740191762,0.48825738329189555,0.04579236615580427,0.014836237380984801,0.31260628977131366,0.11988400668719908,2.3091474,534
2023-08-22,0.26550066,0.20035677,0.11354271,0.038566317,0.3276263,0.054407235,0.018754123152733993,0.34243210768049215,0.07168309254722063,0.020197828580050658,0.4802268420793188,0.06670598911606322,2.2661128,368
2023-08-23,0.17303133,0.25298548,0.112370096,0.038651902,0.3321578,0.09080343,0.019670806468049237,0.2830222989574016,0.06813964943899893,0.03432581158121774,0.41412050096118164,0.18072094337810224,2.3177774,364
2023-08-24,0.1688324,0.21249643,0.12492577,0.06274587,0.32620028,0.10479924,0.01779370401769139,0.31834315439935224,0.056429388146666704,0.05311674967430305,0.3664053338196665,0.18791168119712884,2.4018574,288
2023-08-25,0.20593864,0.24877365,0.12216185,0.04584385,0.30898347,0.06829852,0.027434636519735243,0.37114153353396906,0.18616729317237432,0.01628806462521595,0.21693966960074135,0.1820288012270695,2.3311934,478
2023-08-26,0.14787073,0.25549328,0.10859168,0.02469508,0.3783542,0.08499506,0.13231870558896178,0.15454286525924227,0.03201904924959538,0.03522165545660786,0.4251656991188484,0.22073201259583855,2.2232332,181
2023-08-27,0.1800118,0.23031583,0.20923567,0.01695316,0.3120579,0.051425643,0.01608134010086492,0.1731932999350358,0.057815161936054314,0.026029439914823264,0.6247688396902455,0.10211190435060964,2.249593,183
2023-08-28,0.25176418,0.21275787,0.12546843,0.04509579,0.29804677,0.06686699,0.020478559723893276,0.2704576362433503,0.07993746602999457,0.08100298291403527,0.3547373760431497,0.19338597801623886,2.3348057,258
2023-08-29,0.20573719,0.20610482,0.13701504,0.031057928,0.3424926,0.077592395,0.04536692904525659,0.47804343266698307,0.08628628126940059,0.026419170168752226,0.2441905269176378,0.11969364703107832,2.3030019,459
2023-08-30,0.17827633,0.20149663,0.13714308,0.041135322,0.3593427,0.08260593,0.01595849292743106,0.300219620342509,0.04113365300691193,0.053321269368604846,0.46557140423254584,0.12379555235990554,2.3194408,335
2023-08-31,0.21528074,0.2535488,0.117803246,0.04211864,0.2984565,0.07279206,0.025708919353467724,0.3942007651144201,0.0348441710508016,0.06965224175309268,0.30623509085151807,0.1693588111100969,2.330675,417
2023-09-01,0.15774101,0.30050433,0.11463683,0.058439482,0.3050148,0.06366357,0.016097318904807523,0.2767225540162495,0.0771534403607204,0.11761961714814202,0.4454459961679647,0.0669610717294865,2.3146286,372
2023-09-02,0.28011838,0.20302078,0.11861539,0.02777637,0.31703418,0.05343487,0.02115345854213628,0.4083230503991192,0.046631923171362895,0.071458502875644,0.39614194430747185,0.056291109567157015,2.2409346,141
2023-09-03,0.1417769,0.26965317,0.101305306,0.03720157,0.368569,0.081494056,0.015642402294136295,0.2352261742742473,0.04785032194424248,0.04809596862394091,0.5143364309632981,0.13884869182011902,2.246236,154
2023-09-04,0.16037844,0.23902076,0.12772892,0.059004564,0.36326542,0.05060187,0.033120792044272505,0.2377541414952205,0.07272725659293384,0.1380701790358905,0.4274126259837282,0.09091499945977459,2.2856438,220
2023-09-05,0.176242,0.26027814,0.117961265,0.036743373,0.329909,0.07886621,0.05794851217649477,0.3721272058051223,0.025918953638051804,0.09524475505146848,0.2833342981009832,0.16542627692290096,2.3024917,595
2023-09-06,0.1638344,0.26671782,0.12789828,0.054288007,0.310912,0.076349504,0.06526094654978733,0.4741213894333894,0.024235937661097353,0.016159961673859448,0.2734258818215724,0.14679587667012284,2.351104,595
2023-09-07,0.17661715,0.22066194,0.12694415,0.04669606,0.34268066,0.08640007,0.04711020270515581,0.2538726122208013,0.03900182649727814,0.052418610124254784,0.5111869238322014,0.09640982073563074,2.3419638,605
2023-09-08,0.14978991,0.18386956,0.13720804,0.026549919,0.4184403,0.08414225,0.052001458204543584,0.4694548057078937,0.06121919496521498,0.0710426396365605,0.23352966773197317,0.11275222686307529,2.2180965,479
2023-09-09,0.19947389,0.24137735,0.1424642,0.049686413,0.30637503,0.06062311,0.017973229701016488,0.36117491007046126,0.05083335147522299,0.009872834479137716,0.4189321796616074,0.14121351791793987,2.342633,224
2023-09-10,0.19194195,0.19590288,0.13342333,0.045326777,0.36691096,0.0664941,0.04246492911324671,0.19904435022891925,0.06057722077612991,0.045174534731444824,0.6029388856765491,0.049800081006546655,2.2985883,292
2023-09-11,0.21008648,0.2132714,0.15486878,0.03758359,0.30239537,0.081794396,0.018046363788633713,0.4366921626793475,0.02691788902166173,0.050430311329730554,0.2895237462864112,0.17838954548653208,2.3601809,382
2023-09-12,0.16616221,0.19307068,0.14179434,0.047378168,0.37408862,0.07750601,0.017951362786200045,0.2884606078883582,0.06752198138825834,0.049466763614859154,0.4746513687132993,0.10194792151627875,2.3130338,627
2023-09-13,0.2188729,0.25557172,0.114880614,0.049336903,0.30270156,0.058636293,0.08099069093014069,0.36658229325165737,0.06220639101229302,0.08614231395044195,0.3671029128625138,0.036975394087838884,2.3173745,421
2023-09-14,0.18222785,0.24576224,0.13286075,0.045428872,0.3186942,0.07502608,0.05863331008964617,0.4008277671216695,0.03774823456015326,0.01582830965912673,0.38191031732075026,0.10505206315813072,2.3407874,529
2023-09-15,0.27720976,0.22668085,0.10890336,0.03929783,0.288044,0.05986418,0.028808211379358274,0.532505881795977,0.0336516322703801,0.012024545465074433,0.2997225477380348,0.09328718401927853,2.290753,792
2023-09-16,0.26413608,0.22818251,0.12591599,0.041866668,0.2894618,0.050436962,0.060274385827776014,0.29983470921230493,0.047113172302994576,0.1361140586996787,0.41864468470588356,0.038018995679610035,2.2968976,305
2023-09-17,0.32287773,0.20361806,0.11135634,0.03585306,0.27618325,0.050111543,0.018695765406569736,0.24657819222949928,0.027651630574135305,0.04639670796148274,0.4284975631975658,0.23218013021087822,2.2480059,300
2023-09-18,0.17373228,0.21904196,0.1284883,0.04936504,0.35863164,0.0707408,0.1650047451716219,0.34717206749027707,0.03327974057430313,0.0895884507883111,0.2514994866483328,0.1134555227629211,2.3140614,688
2023-09-19,0.20660555,0.22889389,0.12387719,0.03992896,0.32476225,0.07593215,0.026272218964440836,0.3192680191416351,0.0676788556228533,0.02099264384767593,0.3573111731534433,0.20847709380875587,2.3250668,787
2023-09-20,0.1730623,0.20455319,0.1302853,0.04064535,0.37448075,0.076973125,0.019818511101396645,0.3904043484352125,0.05973155866849497,0.05546269317193495,0.3197257593928754,0.15485714127375963,2.2925718,535
2023-09-21,0.18207563,0.3049741,0.1050353,0.038507488,0.2970341,0.07237336,0.059993878856900405,0.35972108321010265,0.03072233775468136,0.04361620355106758,0.3296333189749503,0.17631317041229377,2.286711,381
2023-09-22,0.18914972,0.2601978,0.13568524,0.035275698,0.30984738,0.06984416,0.03738791428465056,0.3095687001198886,0.03119175940217903,0.0644545595639806,0.31727650688878484,0.24012054740533395,2.31295,268
2023-09-23,0.18560742,0.30757865,0.117764525,0.048812468,0.2724425,0.067794435,0.019390697139687853,0.35811530815286785,0.03815379082166791,0.026215871442476453,0.5051392065960006,0.05298510134501535,2.3245494,276
2023-09-24,0.16870075,0.22492364,0.1155481,0.032754023,0.4012394,0.056834094,0.014657366714263875,0.17972922057106958,0.05088308390234648,0.11886865692369496,0.5944860006119893,0.041375677721772135,2.2023268,173
2023-09-25,0.18416496,0.21249364,0.12594166,0.047613632,0.35154572,0.0782404,0.01413796409145071,0.22623939406768295,0.059798055274197355,0.044782636649188565,0.4917306975447441,0.16331123916807772,2.3277698,382
2023-09-26,0.18906355,0.27947593,0.11706163,0.030499207,0.29870546,0.08519424,0.021879746686669956,0.3332051051556313,0.06943714825405466,0.01709258574470259,0.41473257342084524,0.14365284534884923,2.307584,503
2023-09-27,0.19507337,0.23888686,0.10904716,0.03784232,0.34356037,0.07558991,0.09513585736374273,0.5170570426310701,0.061062252920478316,0.013627540498408025,0.22056351697186202,0.09255377789496688,2.2919676,424
2023-09-28,0.20448616,0.21771666,0.13426983,0.0570005,0.3360103,0.05051653,0.03995059010261049,0.44673804689313534,0.04552072029113173,0.04957530067157295,0.29104024296342396,0.12717510435272536,2.3179147,351
2023-09-29,0.18419187,0.20944135,0.12963314,0.03540843,0.3737597,0.06756551,0.04030515553092887,0.32292214375490985,0.0809294020039123,0.026154435332054117,0.4382791890726269,0.09140968170545039,2.26802,621
2023-09-30,0.20334461,0.25061378,0.1145129,0.04471623,0.3199543,0.06685818,0.02974978141805327,0.31052534649685276,0.0705208129620975,0.021119408101401622,0.5093645143061734,0.05872010514477723,2.3130634,382
2023-10-01,0.22003713,0.21781474,0.14097743,0.019845279,0.32654333,0.07478209,0.016495666900480425,0.2908503332124357,0.03988416588391178,0.032482843473363915,0.553296697310102,0.06699030081181741,2.2772582,331
2023-10-02,0.16367595,0.26373622,0.11167869,0.03828721,0.360756,0.061865915,0.048915388395208724,0.3680012503110273,0.06738891140130099,0.0676222914373026,0.3635199798538303,0.08455217352721026,2.2469137,366
2023-10-03,0.21376158,0.27595708,0.12007825,0.051191915,0.26622772,0.07278343,0.09883993635077105,0.529365827095329,0.025377809343987704,0.026275573928121417,0.251303663673995,0.06883720128991355,2.3585439,508
2023-10-04,0.19637638,0.2778981,0.123670876,0.043977965,0.29968798,0.058388684,0.0518017760362737,0.4162876540719258,0.03144208228450463,0.054586658195647356,0.3589493256025675,0.08693250152158309,2.3059494,497
2023-10-05,0.1433553,0.20340717,0.14565338,0.058846127,0.36815804,0.080579974,0.021838024287762457,0.20604994878873656,0.07131667825087727,0.015428021890314182,0.5744613028649593,0.1109060221541706,2.3379147,646
2023-10-06,0.22271976,0.24359035,0.10967097,0.043239128,0.2950777,0.08570209,0.053758472337110896,0.3075790368496333,0.03786577672226737,0.05179952408808034,0.3731010167019745,0.1758961791059773,2.3478825,423
2023-10-07,0.14341345,0.2015157,0.13412456,0.030204877,0.42445248,0.06628892,0.10075148885352535,0.34172765386897314,0.038913514451430986,0.01667710827267644,0.38549297051601744,0.11643727894048332,2.1930537,275
2023-10-08,0.20251311,0.23827508,0.16120698,0.025637064,0.31115186,0.061215892,0.10908518026901927,0.474375180412106,0.036672240679776466,0.02661927110788867,0.2553010420527676,0.09794710812162792,2.2903762,149
2023-10-09,0.23015243,0.2283081,0.13108101,0.039021432,0.30226448,0.06917254,0.037659922456828795,0.3270250177451599,0.03274213135005185,0.12293410863322506,0.3215809187445963,0.1580578989562609,2.3294585,638
2023-10-10,0.27256984,0.20858283,0.11756117,0.05708167,0.27996117,0.064243324,0.0839770496765518,0.3079833857946294,0.07931584579753878,0.02006353142961847,0.3871323712213461,0.12152778996337013,2.3503335,546
2023-10-11,0.21251914,0.24224764,0.13039804,0.029939264,0.32944077,0.05545516,0.03178805783504191,0.4565935252304555,0.027733594964785186,0.05035987591817799,0.299506012812899,0.13401894377006754,2.2642539,386
2023-10-12,0.2056166,0.18571196,0.14966336,0.05644779,0.32901537,0.07354493,0.027688931667497925,0.3210647749400895,0.07059647180135714,0.038497413563740354,0.40722927597330766,0.1349231266564027,2.3690536,623
2023-10-13,0.22528218,0.22428341,0.13780034,0.040996242,0.3038588,0.06777907,0.054689061973086026,0.3877048733269881,0.07141535391352942,0.0368432713541596,0.33607756059843186,0.1132698836068052,2.3364131,713
2023-10-14,0.19518654,0.29667747,0.11671595,0.028388383,0.29982924,0.063202426,0.17887502469233513,0.30343117613549186,0.03159153505581945,0.15036591719845646,0.27489236801984446,0.060843976336822495,2.260554,390
2023-10-15,0.27368858,0.20466116,0.1318382,0.029120121,0.3162674,0.04442454,0.07587848667760105,0.3291691592828073,0.0311629787263767,0.10671304951530028,0.4031569986519901,0.05391931467327068,2.2388167,250
2023-10-16,0.17923447,0.2635056,0.13581645,0.038169757,0.31968907,0.0635846,0.02018467425635835,0.31647685789042784,0.11160006695468687,0.07415716057017464,0.3798352906484186,0.09774595242377258,2.3012788,517
2023-10-17,0.21863265,0.23011442,0.12460513,0.038190246,0.30383807,0.08461949,0.028599273697051262,0.3608703791862933,0.07270318439254754,0.0476079193200104,0.3729370135222011,0.11728221951473743,2.3452551,600
2023-10-18,0.18830301,0.2197037,0.13290425,0.043402024,0.3473174,0.068369605,0.0372604353209385,0.5178307283682354,0.03770141881061382,0.029644911602164297,0.32415798102480825,0.05340450868547274,2.3118665,737
2023-10-19,0.17372091,0.22525854,0.11361955,0.030120958,0.37782252,0.07945749,0.02919181475592327,0.44222962092219026,0.035392958971413535,0.01814277482200688,0.3359111624298716,0.13913167560217557,2.2526238,443
2023-10-20,0.15071088,0.28420004,0.10923054,0.041454494,0.33263883,0.081765205,0.07872869845486213,0.40082369327800593,0.04655631761222717,0.12016367201669427,0.258512155726468,0.0952154729302686,2.2901938,530
2023-10-21,0.19665101,0.23624972,0.1368075,0.02413363,0.34594798,0.06021019,0.018633134219035372,0.4955464855621251,0.016602223776052232,0.011325114324697723,0.23515403717841063,0.22273900944942152,2.2493126,161
2023-10-22,0.2682615,0.2143776,0.16525713,0.025976032,0.2831549,0.042972866,0.021981617025198935,0.6327774507943248,0.019489514754555647,0.03083154863489807,0.23734634540398106,0.05757349516603447,2.2621043,135
2023-10-23,0.25501332,0.24380265,0.11688411,0.044897407,0.27947214,0.059930366,0.06923465988080703,0.44817232520327044,0.04798366960898396,0.05008465848999803,0.3363013093709168,0.048223371027381834,2.3195078,342
2023-10-24,0.10645039,0.27275655,0.12927744,0.04380995,0.36513948,0.08256624,0.05480281777995312,0.33734848369572096,0.04198855001047338,0.10206819748786904,0.3850578422036437,0.078734097128181,2.2623274,360
2023-10-25,0.18001659,0.26289815,0.12234432,0.042860024,0.31590688,0.07597404,0.018382767762815683,0.43230195655586073,0.029703765907874557,0.046135530610836306,0.33346021284566224,0.14001576709771532,2.3253005,417
2023-10-26,0.20503253,0.2186512,0.13080584,0.044784382,0.3344344,0.06629165,0.019501891960614918,0.36875616405208234,0.05841967570451587,0.04881473270385269,0.3380523620579815,0.16645517297134155,2.3208177,503
2023-10-27,0.16951159,0.26421392,0.13498859,0.035891138,0.32642248,0.06897227,0.0528358008789239,0.3488267621473595,0.038056833858346864,0.03443989717341514,0.3873241975498817,0.13851650826126022,2.2969887,797
2023-10-28,0.3549923,0.20642291,0.1326888,0.020923762,0.24691291,0.038059287,0.03145111901239602,0.738095257801915,0.020146718394283617,0.018202403134790685,0.14285294420399944,0.049251560439707784,2.1813858,353
2023-10-29,0.15733477,0.2409614,0.120192476,0.052049343,0.35123003,0.07823198,0.06856947831098092,0.5288981993144268,0.02318602686609923,0.05730513255738572,0.22500771780625392,0.09703341043164548,2.321597,176
2023-10-30,0.15456998,0.28584152,0.09962655,0.052736882,0.31275684,0.0944682,0.03295556359041669,0.3355015324518644,0.03825400189699621,0.022566002222473926,0.4268902158244468,0.14383268269676636,2.3341842,539
2023-10-31,0.14389242,0.31120533,0.10414416,0.045677476,0.32411215,0.07096848,0.018278254562259635,0.3355057901647912,0.040129977347995706,0.01603458811174071,0.5147328410980758,0.07531852859319443,2.2674656,449
2023-11-01,0.1417622,0.21954161,0.13278231,0.047372002,0.37220868,0.086333185,0.020139950891731068,0.4140876913181491,0.03865821206709662,0.07684438538449243,0.34223233820530496,0.10803740881425553,2.310786,525
2023-11-02,0.16566835,0.19807121,0.1643208,0.06817321,0.3403732,0.06339322,0.016663524543992378,0.38974082083643574,0.1398208417306581,0.044424469358870386,0.2796273870447953,0.12972293954524433,2.3661208,427
2023-11-03,0.22677629,0.21061867,0.1365808,0.046900984,0.32185784,0.057265416,0.09407387161923257,0.4289782932891617,0.03343162681483954,0.045505626788947026,0.3054798404293695,0.09253075556514222,2.3207767,366
2023-11-04,0.18878244,0.24833916,0.1337546,0.029052675,0.34378943,0.05628172,0.19307552673300074,0.5675033357586533,0.034987505997121165,0.015574099728237818,0.1628401715433025,0.026019318134713774,2.2528574,214
2023-11-05,0.18134966,0.24816535,0.10558366,0.05305641,0.3443866,0.0674583,0.011424000135899845,0.11707289903514877,0.09272461060315978,0.07403035077102742,0.6632607095819574,0.041487410894059565,2.3049247,97
2023-11-06,0.20362745,0.22928041,0.16274677,0.032548368,0.31534678,0.056450207,0.0316823497724215,0.44767119859613674,0.0363941215324753,0.05610326867900564,0.33353337238050035,0.09461567839919721,2.30096,342
2023-11-07,0.21918975,0.22126737,0.12983124,0.03966783,0.3237467,0.066297084,0.016297768851173844,0.22815258544082168,0.06624589232387877,0.12056054235240313,0.4413504316182477,0.12739278140005217,2.3148613,540
2023-11-08,0.19566645,0.23984076,0.12491943,0.047214586,0.32510352,0.06725525,0.021283666226984237,0.46499995023118385,0.04641126677909443,0.030660466007655266,0.37495173143045785,0.06169290872111025,2.3262887,405
2023-11-09,0.25507516,0.1970342,0.12464713,0.045124132,0.31749356,0.060625806,0.03345773839010568,0.2796914951288017,0.03322634844459555,0.07003211125471556,0.45244503221548454,0.1311472689263441,2.311335,534
2023-11-10,0.22887464,0.16626969,0.1485704,0.03943182,0.3391481,0.07770534,0.014197365998428886,0.21230917252717232,0.05978831807539964,0.06858876334458215,0.4173512722452978,0.22776509996763109,2.3253732,559
2023-11-11,0.24006625,0.28560904,0.13080104,0.03599601,0.23694578,0.07058193,0.012761412761889189,0.28897509870958615,0.044029631762529775,0.06916964894578596,0.46116581596995104,0.12389838626644256,2.3291733,201
2023-11-12,0.30906096,0.221097,0.10269645,0.035806328,0.26467782,0.06666144,0.07887966493394526,0.030235939845700846,0.04498137500387611,0.02476895304805055,0.6327205898644341,0.18841351188868904,2.2821696,87
2023-11-13,0.1343322,0.21354014,0.13506626,0.0426398,0.40447596,0.06994564,0.016987728687673235,0.29592812700574056,0.04138180121606178,0.027086548640569197,0.4753897472607643,0.14322603670840858,2.2454944,620
2023-11-14,0.18596953,0.20633109,0.13125257,0.042200517,0.36779404,0.06645226,0.06304706438369043,0.4579578684903219,0.031566655147084836,0.09674217373875907,0.23474096349324294,0.11594526637139793,2.289028,789
2023-11-15,0.19928418,0.256529,0.12645179,0.04198876,0.29913193,0.07661437,0.06396517564309637,0.33959660908634165,0.05446259829894482,0.11595434614723157,0.25245664130661905,0.1735646412757882,2.341354,577
2023-11-16,0.15065387,0.21307594,0.14655565,0.03679943,0.3852935,0.0676216,0.07586960210516729,0.17871139244409903,0.05172159385624161,0.04075473975230357,0.5066497325877038,0.14629293830215506,2.260971,569
2023-11-17,0.17489542,0.2706237,0.12319515,0.038247738,0.31831738,0.074720584,0.056720888431586625,0.5688864825407337,0.024773963887783083,0.018008299062781896,0.23658796971415286,0.09502238674230104,2.3078158,503
2023-11-18,0.17504591,0.22018114,0.13466057,0.044832267,0.33953962,0.0857405,0.011197490626242586,0.17219674763058532,0.025175295859889275,0.14061180836408646,0.3779655398484852,0.27285312492459296,2.3441193,147
2023-11-19,0.2202873,0.21275872,0.13947183,0.023358362,0.34162545,0.06249835,0.06700111918974122,0.1880241589433029,0.04863352201902276,0.014375806228857842,0.5654282688178912,0.11653711697643312,2.2581363,134
2023-11-20,0.16060011,0.22051066,0.13263623,0.054386716,0.3474629,0.084403396,0.028721171673145834,0.2645866324285308,0.09034940220104104,0.013617008907250885,0.513084717690131,0.089641079247506,2.3506408,509
2023-11-21,0.21499763,0.19350035,0.15444605,0.049216647,0.32985944,0.057979826,0.023851452821738055,0.514921342161228,0.02785634543911055,0.08062401665060444,0.3084473262320209,0.04429953921723618,2.3313336,486
2023-11-22,0.23027864,0.2194095,0.15168804,0.041156095,0.30278274,0.054684978,0.05313051545497843,0.26439791955973013,0.10608008539082585,0.03358378768297432,0.4042164094448999,0.1385912797758506,2.321306,533
2023-11-23,0.17521344,0.2303728,0.12043757,0.04976233,0.34310478,0.08110908,0.02240088584207535,0.20757027080490842,0.05918896174448222,0.023923317761207763,0.5710636903234861,0.11585288145984499,2.3348284,565
2023-11-24,0.139499,0.25318375,0.10772317,0.04718432,0.34976843,0.10264133,0.023218212012958168,0.2786275207559018,0.04367794977286463,0.04697275711129678,0.5352372230324298,0.07226633999448162,2.3195062,511
2023-11-25,0.13900286,0.22933589,0.15642186,0.03325699,0.37658495,0.06539746,0.042411702664988546,0.34217632993010455,0.025364743287585145,0.011144829926367667,0.38872733673119875,0.19017506614413138,2.2527955,234
2023-11-26,0.24461132,0.1729162,0.1672152,0.03569856,0.31138524,0.06817346,0.045209775525883525,0.16050208132138574,0.054458391603469374,0.03335298553996252,0.4984137459570758,0.20806302410762523,2.3260822,187
2023-11-27,0.22352096,0.24014534,0.12245768,0.03409765,0.31663525,0.06314311,0.027667105570968152,0.4247633511444222,0.06058365269240168,0.03645610827633935,0.35154596668988347,0.0989838145438216,2.2915416,517
2023-11-28,0.21515009,0.20549682,0.11307961,0.035671636,0.35575828,0.07484358,0.04957204173487859,0.3758673658825414,0.041128726223898515,0.044847710819279386,0.3158168041309901,0.17276735056223638,2.2835052,465
2023-11-29,0.18909916,0.21451443,0.12853602,0.044001777,0.3479184,0.075930215,0.028427995563078585,0.31868727155338317,0.04902142895449454,0.027933837575516655,0.451078964830473,0.12485049115908482,2.32183,443
2023-11-30,0.2245414,0.18452843,0.12629831,0.045333214,0.3508243,0.06847438,0.02355660092969443,0.24691330839984293,0.06540521771904648,0.05504712554343913,0.5384453896463581,0.07063234597235793,2.3081553,461
2023-12-01,0.17582099,0.26170823,0.11882748,0.054168817,0.32546055,0.06401393,0.015337451596010604,0.2998286967919197,0.07737933752124368,0.037744434215182095,0.49577812825840784,0.07393197091872288,2.3209932,326
2023-12-02,0.20024736,0.23050411,0.119937405,0.022763077,0.33797854,0.08856953,0.020928331260497507,0.49539764051032764,0.027441356184667892,0.012331270789585829,0.28266244822614034,0.16123894359273044,2.282466,160
2023-12-03,0.14540045,0.22319962,0.13168752,0.04934386,0.38404074,0.06632778,0.027566628872569398,0.19355415329412734,0.0738801849361131,0.09551656230352962,0.5037229353466662,0.10575955502419458,2.27662,174
2023-12-04,0.16546604,0.25810397,0.12768638,0.047728013,0.3265346,0.074481,0.021079034732861206,0.3464660283083993,0.07456079100680345,0.03506118145277882,0.3592448217047048,0.16358812884569543,2.3287315,256
2023-12-05,0.1272506,0.28324214,0.10186962,0.031105842,0.37555638,0.08097541,0.021209824087163244,0.3980134403412277,0.034723676425436445,0.020399176176953377,0.3823512243181761,0.14330267753233814,2.2096338,218
2023-12-06,0.2131565,0.2170761,0.14349177,0.045673296,0.31388706,0.066715285,0.017258307445921564,0.23508864648743982,0.13694550731768496,0.011812036845198291,0.46843308218129726,0.13046241800541747,2.3442926,531
2023-12-07,0.19888464,0.26358208,0.127059,0.056438066,0.28966776,0.06436847,0.03769881141506425,0.25673917531700063,0.04263189154873848,0.10955259782028093,0.45666285632728704,0.09671467171341395,2.355216,461
2023-12-08,0.20165448,0.26947722,0.100902,0.037533384,0.30890465,0.08152827,0.01966350849120986,0.3446115275883027,0.043853234595537346,0.06927280877754786,0.39964549603032673,0.12295341269156151,2.3056188,317
2023-12-09,0.2769637,0.18923688,0.123768836,0.060115002,0.30074555,0.049170014,0.01224740427102382,0.2170737160691502,0.03173047443383926,0.07757797944350074,0.45506327866235086,0.20630716795610363,2.3194106,153
2023-12-10,0.25901318,0.21098167,0.11478737,0.031063322,0.31438175,0.0697727,0.11041421364690293,0.11622268513987176,0.033950428160917825,0.032048038356021415,0.4420028112326035,0.26536180929197756,2.28531,233
2023-12-11,0.07520977,0.24436124,0.10833397,0.041647896,0.42623642,0.10421072,0.022103606178843896,0.5001957869815535,0.0341103480128104,0.05694462753535417,0.32367215205314337,0.06297349802501806,2.1802332,233
2023-12-12,0.25567478,0.22028445,0.11866898,0.028599994,0.3165462,0.060225613,0.11737059003806549,0.45297164335086937,0.0686515420248091,0.04461874131632506,0.26918807269802636,0.04719943244038571,2.2648516,431
2023-12-13,0.19603492,0.2351235,0.12557876,0.054339506,0.32614943,0.06277387,0.08329837046746774,0.40117284175349355,0.07253077555462105,0.021141460278680867,0.3171468237208115,0.10470973107324362,2.3340118,465
2023-12-14,0.17343616,0.2327407,0.11021387,0.038397145,0.33200535,0.11320674,0.02269394785900517,0.40068416393278616,0.06931684445914733,0.04130243044907364,0.25068889631876057,0.21531371093974955,2.3430338,400
2023-12-15,0.22144091,0.18797356,0.13802628,0.04279907,0.33522642,0.07453375,0.02162328886657122,0.45420282051394584,0.03837370781326726,0.053132655723664914,0.3102655952898868,0.12240194559935039,2.331613,666
2023-12-16,0.2518322,0.19104119,0.16263089,0.047954384,0.28193283,0.06460853,0.14332279123058794,0.28597915600127666,0.05049357270229753,0.04602656299566231,0.41949779510594626,0.054680125874902945,2.363831,214
2023-12-17,0.32172453,0.17204958,0.14471371,0.028474147,0.28528515,0.04775289,0.023166563629423716,0.44306397362298305,0.02016582283633418,0.07621416239728651,0.261732041733505,0.17565742480200414,2.2387676,210
2023-12-18,0.1381808,0.19352384,0.15201482,0.036194205,0.39245406,0.087632276,0.0110731592029382,0.13607449762645532,0.06870174943573672,0.04194603407328654,0.6667471703029795,0.07545739507670735,2.2769089,526
2023-12-19,0.13153926,0.21371089,0.17089987,0.036676507,0.35106027,0.09611322,0.04362126912697147,0.19130951962109233,0.0660103335185765,0.03454584226975609,0.48226129793467376,0.18225175283574,2.3261673,612
2023-12-20,0.19755831,0.20851453,0.15936159,0.03995282,0.33271185,0.061900906,0.02211678888221012,0.22027215266820618,0.0937269015493553,0.10875910870780539,0.41841939302735653,0.13670566066563125,2.3183782,462
2023-12-21,0.1309327,0.23169273,0.14665756,0.050146487,0.36376923,0.076801285,0.04694618752027353,0.2691509387914765,0.060599745770905496,0.0930711393579299,0.3876896359476551,0.1425423345638209,2.3106062,532
2023-12-22,0.19911031,0.24008441,0.1370645,0.029339626,0.31978822,0.07461294,0.02229671946373674,0.37324055009713075,0.06720904082513707,0.03879160606345725,0.3720961132881418,0.12636594943037197,2.3055034,412
2023-12-23,0.19213061,0.2498019,0.12929943,0.04344935,0.31352657,0.07179214,0.021009297631165894,0.4062233887103811,0.04706953786961572,0.08421849337733467,0.3676381301471681,0.07384119731421308,2.3327563,256
2023-12-24,0.12651475,0.28383768,0.1409957,0.05716447,0.31713778,0.07434965,0.02934883155939748,0.24104692452183182,0.03605298466831999,0.08337945835873714,0.5112773895471897,0.09889443036746662,2.3317657,143
2023-12-25,0.18478529,0.2153503,0.12303207,0.042303436,0.3526315,0.081897385,0.06792061065550721,0.23768599542212634,0.05097751885675358,0.0678707573999916,0.47252296271127403,0.10302214585344063,2.3180797,458
2023-12-26,0.25316745,0.21886376,0.13464847,0.027207347,0.30658865,0.05952434,0.014062891190152431,0.1959545534219454,0.08015650221135232,0.0887936584146185,0.4837961675433833,0.1372362245458406,2.27765,441
2023-12-27,0.116169475,0.22820358,0.1227917,0.053848732,0.38311046,0.09587606,0.0762289522752679,0.26051233522644246,0.03264158681763201,0.06706066178489392,0.4139217484710419,0.14963469684265265,2.300337,398
2023-12-28,0.20153071,0.22650975,0.121817455,0.03613193,0.32815704,0.08585314,0.03950920743330631,0.13472325986383257,0.06487458922421231,0.10139240117955689,0.5318472493189478,0.12765329253243468,2.325682,709
2023-12-29,0.23317812,0.22315171,0.124376856,0.035959654,0.32933387,0.05399979,0.08432951724951876,0.18919017825365708,0.03888649887468722,0.04779595749628947,0.48326701763461977,0.15653083327187373,2.2743163,154
2023-12-30,0.099093094,0.11592637,0.14862287,0.10504801,0.44763988,0.083669774,0.027200068579812258,0.3384060115866135,0.024556548958896113,0.015735085795979906,0.369831034694827,0.2242712491219901,2.259662,360
2023-12-31,0.0653019,0.08286725,0.06998977,0.42158955,0.31865677,0.04159476,0.014808456171857177,0.2365531331828152,0.0483588154238842,0.27717346826351624,0.24409005113701532,0.17901605064399742,2.065265,246
2024-01-01,0.18711415,0.09632422,0.088983245,0.35465425,0.24818397,0.02474015,0.016013202305123847,0.3191582843059014,0.0278944393299657,0.33584368806888243,0.2105892168755004,0.09050117377905165,2.2496178,41
2024-01-02,0.11501272,0.18693246,0.06760153,0.06073124,0.4839379,0.08578416,0.07115067566443037,0.24694101188110248,0.028536257481790558,0.014123745673023571,0.5169486095198645,0.1222996670314141,2.1299956,39
2024-01-03,0.20428738,0.17138013,0.14917906,0.046353023,0.37205127,0.05674912,0.050146236837226195,0.3471689613772956,0.052331693423911266,0.01654583825813998,0.40998321354195366,0.12382407348576882,2.2846866,202
2024-01-04,0.08594299,0.21825455,0.1639726,0.043527383,0.39848733,0.089815125,0.09378091867808053,0.4300788022500858,0.034291157927214475,0.011584161155300653,0.2695924131392873,0.16067257529572834,2.249322,123
2024-01-05,0.16808426,0.23434348,0.10654285,0.034964822,0.40086025,0.055204317,0.1141303333884406,0.28020447284037514,0.12301648331955414,0.014615915951268772,0.41798505802331926,0.05004770659829769,2.1957033,84
2024-01-06,0.25633287,0.18875207,0.14403851,0.029141868,0.33450183,0.047232855,0.13582381542908803,0.15085462572476396,0.03134050046448071,0.12634299399005222,0.3990008076359329,0.1566372784165117,2.2452478,163
2024-01-07,0.124396764,0.31951922,0.14001325,0.06710899,0.27126116,0.077700615,0.01397464198695841,0.1577319327353921,0.039669470053414674,0.11788032314074245,0.5989988900288006,0.07174471464684323,2.3556504,108
2024-01-08,0.1203755,0.24153149,0.11361317,0.040437188,0.40774047,0.076302186,0.02088716614232657,0.34094721315455684,0.086720614742782,0.015809082933778543,0.356892914249557,0.1787430000729122,2.2173626,124
2024-01-09,0.10677153,0.22864108,0.10981491,0.03334877,0.42574927,0.095674455,0.06469098207020886,0.311882563305403,0.07076809507022967,0.018808666129989455,0.3529005926706288,0.18094910164675604,2.1933339,252
2024-01-10,0.18074952,0.1939606,0.13851716,0.038850185,0.36995605,0.0779665,0.10257964990647626,0.3725037501841273,0.06738880582208838,0.053272343800973364,0.2965212692011573,0.10773417963048885,2.2998266,364
2024-01-11,0.15761144,0.17778312,0.1662667,0.031575035,0.3735126,0.093251124,0.03767275802560497,0.23518450223552514,0.05029797449169379,0.07299765999708156,0.4676542972927091,0.1361928309940017,2.300747,310
2024-01-12,0.18697296,0.26332027,0.12385306,0.024782043,0.31675968,0.084312014,0.04299785686781684,0.43849190917004766,0.02820827258844057,0.014830031767270697,0.28168878483921095,0.19378315914900726,2.2908275,165
2024-01-13,0.25594103,0.19836354,0.18538722,0.036645714,0.27868316,0.044979308,0.01092916068386932,0.09209185941540667,0.04343602223074857,0.17882123516120935,0.6377172403656726,0.03700446625082431,2.3066642,118
2024-01-14,0.22314477,0.24199603,0.099363774,0.031203624,0.3201601,0.08413169,0.0695428911443737,0.40512061708623887,0.034977612841313586,0.014623616345788898,0.41233323851783843,0.06340204289208873,2.2918231,162
2024-01-15,0.14404108,0.22274117,0.13918313,0.06261138,0.3749773,0.056445953,0.03325436433762316,0.33612411245698565,0.025252822679124202,0.24625168300107986,0.2628003245997398,0.09631671552643803,2.2962146,243
2024-01-16,0.08966994,0.24939893,0.128069,0.050403118,0.37209362,0.110365346,0.015133749735213598,0.31045938861308503,0.07058069455109559,0.06715792310692831,0.4059520528462008,0.1307161824844243,2.290252,267
2024-01-17,0.18132256,0.2382165,0.13265602,0.032298,0.3352047,0.080302216,0.015416697671608495,0.24238219103489214,0.07019384414863851,0.0227439841570451,0.4357117732147134,0.21355153111004613,2.306987,149
2024-01-18,0.10117992,0.25883797,0.10602032,0.06270617,0.39254522,0.07871039,0.06975600907896631,0.43759112535003625,0.05722793158288813,0.014498298177779959,0.29236399490101705,0.12856265468981284,2.251105,293
2024-01-19,0.15291183,0.225475,0.13292037,0.04652657,0.3730861,0.06908013,0.019753239295088754,0.23986598995585,0.05629471262888449,0.15263276440414394,0.46457109691794857,0.066882201362922,2.2887366,311
2024-01-20,0.3279007,0.21083197,0.12085107,0.026620846,0.27673805,0.037057348,0.01506737552840291,0.2779908332517249,0.042561814482748615,0.04919424310985961,0.4993406083807274,0.11584511662312887,2.1977599,121
2024-01-21,0.12921946,0.13280544,0.13198397,0.06614513,0.46419922,0.07564676,0.03707000808575616,0.17701615379754593,0.06376963124688222,0.023283976227159078,0.5685058709077825,0.13035436177328322,2.2087576,122
2024-01-22,0.16203505,0.19128731,0.13488193,0.05426783,0.3698092,0.08771866,0.04559971008028301,0.3448255814736252,0.038730307532613875,0.0322112603085643,0.3861156942640155,0.15251743992760528,2.338567,531
2024-01-23,0.21683589,0.2066692,0.12919366,0.039258678,0.31887272,0.08916985,0.05858053549874322,0.49404654339116977,0.057603228249502245,0.01199267980254895,0.24725902023568921,0.13051802214580918,2.349852,600
2024-01-24,0.1500923,0.253629,0.12822182,0.04660929,0.3473758,0.07407179,0.03953752407732504,0.32587971155540424,0.045768059167260594,0.14488421907930454,0.3923784461458289,0.05155203226205162,2.3068032,516
2024-01-25,0.18509434,0.20858699,0.13711849,0.04906004,0.3337015,0.08643863,0.019714703448905423,0.3368880680624635,0.0909263160262523,0.013804508176183434,0.4082318290873036,0.13043459263441895,2.3622494,628
2024-01-26,0.18380404,0.22392246,0.1358301,0.050560102,0.33150598,0.07437734,0.018818128437652366,0.26963399495509105,0.0496219338026925,0.012013496186753325,0.3900970061758231,0.25981543745466823,2.3484113,577
2024-01-27,0.20328557,0.21710786,0.12431382,0.042690225,0.30920407,0.10339845,0.024969153317655795,0.4137169528089182,0.029529304617263084,0.09202784439862899,0.3888341845834603,0.05092255912639967,2.3758967,124
2024-01-28,0.17275812,0.25290784,0.13432467,0.025571423,0.34443903,0.06999895,0.010761972714605016,0.037194279774247795,0.051681473742238325,0.08625364940995413,0.6828436829004899,0.13126494850283424,2.2616994,189
2024-01-29,0.10466449,0.23401254,0.14225121,0.04438076,0.38383892,0.09085206,0.040715098343815204,0.24516697583861666,0.034684176262426016,0.05660104112042059,0.4999518192861785,0.12288089079872135,2.2754302,416
2024-01-30,0.1758549,0.21222462,0.11693057,0.03885531,0.36866942,0.08746519,0.029781735862855027,0.2602378739553458,0.12437081861211031,0.03799439692529377,0.4313258183609137,0.11628934619035387,2.2978742,477
2024-01-31,0.19211988,0.26250625,0.13581589,0.043551523,0.3047599,0.061246585,0.04442190380957887,0.3904939418223019,0.052369563050607686,0.07675065818170035,0.3114573584875093,0.12450655483661713,2.321058,490
2024-02-01,0.18784407,0.18639398,0.14330445,0.03008662,0.3524322,0.099938676,0.04667213966636146,0.29780936238040395,0.0551350678336577,0.06787076187304575,0.4006147176320399,0.13189793904032626,2.3209739,652
2024-02-02,0.18178102,0.2124957,0.14833708,0.03814292,0.35460156,0.0646417,0.03486564090478682,0.2770021147362038,0.0807473694544979,0.06090310283396712,0.459346770740511,0.08713499933904154,2.29589,403
2024-02-03,0.20968346,0.18639314,0.1231811,0.045043178,0.35745093,0.07824819,0.030045618205208124,0.35208872067496033,0.055038123429485386,0.035138938839859545,0.47793381029836973,0.04975479411800427,2.3160586,257
2024-02-04,0.19831559,0.25709268,0.10741659,0.03639343,0.31300372,0.08777795,0.013469033343615969,0.18683413995250203,0.043023203007267356,0.0138393518209528,0.5330020969007507,0.20983215275299225,2.319029,240
2024-02-05,0.13085115,0.2035227,0.13740702,0.054180797,0.3935633,0.08047504,0.012504935689514171,0.22346574806588265,0.08568347007256168,0.020304436076392023,0.5559358623284034,0.10210554057212543,2.294731,363
2024-02-06,0.15218294,0.24256077,0.12573527,0.06392049,0.3354896,0.08011095,0.021111361970479303,0.2786329257496213,0.1170729236463538,0.011968177938351077,0.3810412112386083,0.19017339098483083,2.3591616,494
2024-02-07,0.15978134,0.2222635,0.109986596,0.04345,0.38202226,0.08249627,0.06356604287548362,0.6301730423096747,0.023764049389995306,0.046433317645297956,0.20009885413886333,0.035964681727414516,2.279141,472
2024-02-08,0.13321029,0.18947025,0.14592412,0.050053876,0.37388557,0.10745591,0.02425807443513934,0.5592609686266901,0.043830776703133206,0.027136741435743513,0.2857579485889114,0.0597554663086084,2.3400462,612
2024-02-09,0.1881841,0.18852729,0.13038114,0.04811009,0.36540946,0.07938793,0.09934703986172969,0.2806880637876436,0.05361571657836896,0.05048024487752123,0.30292079300295915,0.21294814418083563,2.321999,620
2024-02-10,0.1286345,0.24366444,0.13121763,0.045855448,0.3592038,0.09142419,0.022500489352727943,0.577483612524322,0.012446862559027546,0.09706071781455694,0.14222342990676584,0.14828491685675213,2.311428,188
2024-02-11,0.20451453,0.25713187,0.124465294,0.030983271,0.3040106,0.07889441,0.013605226356324994,0.20349844322122299,0.038987941060968034,0.019532545290444334,0.4736336897336874,0.250742165175837,2.3128715,258
2024-02-12,0.16817996,0.25174993,0.10597243,0.03531449,0.3442644,0.094518796,0.018030040812148807,0.2510081938308115,0.09989473755579299,0.026097194390969983,0.5203609991462947,0.08460884842103122,2.2983108,423
2024-02-13,0.15197465,0.22131681,0.11979284,0.049316272,0.37958598,0.078013435,0.09469325671074379,0.34891650445574346,0.047510065598953315,0.09181954054410836,0.3319775023932779,0.08508311413674571,2.2930512,463
2024-02-14,0.13551722,0.1998255,0.122253545,0.053864885,0.3759896,0.11254927,0.02005675072760106,0.28554854349084224,0.09281441083033387,0.05473735044832793,0.4324680960814086,0.11437487400888496,2.3379772,414
2024-02-15,0.14870797,0.26051354,0.11647206,0.036587767,0.3295494,0.108169235,0.042374454364254646,0.42603945172421887,0.07995191070962591,0.03429940018177278,0.32996201691740257,0.08737277268950554,2.3251412,370
2024-02-16,0.1284981,0.20658046,0.1365454,0.05046852,0.37713677,0.10077074,0.022500599976566588,0.4222176928904174,0.031543825131398036,0.01517356096645707,0.2758723744591314,0.23269195757516734,2.3242779,479
2024-02-17,0.14854933,0.21251191,0.15848808,0.022667786,0.37469974,0.083083145,0.053307465469026906,0.31959750193092307,0.010100281842512127,0.03159879628478287,0.1109556259841104,0.4744403336549415,2.2573776,162
2024-02-18,0.17225528,0.2696663,0.101728335,0.05301203,0.29796264,0.10537541,0.013749293988347502,0.19567384926564035,0.04190518923624979,0.025778902668938272,0.5360625451050657,0.18683023150323938,2.369579,268
2024-02-19,0.15137349,0.24369603,0.1293532,0.049728744,0.33846456,0.08738397,0.0513668856330534,0.26296054028542176,0.07323040029439684,0.11084181112315292,0.3946361111687095,0.10696426564295622,2.341949,447
2024-02-20,0.21908052,0.19116701,0.13892359,0.047503404,0.33235407,0.07097139,0.04417978897384954,0.38558432054600217,0.051173841249255995,0.06102546711636338,0.31438280869161667,0.1436537738736141,2.339693,706
2024-02-21,0.17001596,0.22027496,0.12541457,0.058943205,0.33339104,0.091960266,0.04758060270411457,0.5052130962263202,0.05072151515439725,0.06971814504270132,0.1855647667656416,0.14120185644263944,2.376716,611
2024-02-22,0.13373515,0.18819574,0.14689118,0.05349966,0.38116482,0.09651346,0.01892659481140602,0.2033652975389642,0.07105002564960244,0.06334979684156325,0.39389965557991086,0.24940863050994339,2.3300893,359
2024-02-23,0.14323658,0.22379427,0.14127478,0.043747015,0.33496663,0.11298072,0.05110174280529372,0.3873746226298644,0.03729794833898716,0.015492184792742772,0.3465248945195141,0.1622086383491915,2.3652587,148
2024-02-24,0.106723644,0.2046496,0.14983015,0.033197988,0.41368338,0.091915265,0.13862726958098506,0.22256963321043635,0.024059410301424798,0.018674846603109415,0.40686945066873376,0.1891993668140001,2.2296238,244
2024-02-25,0.13471411,0.18909276,0.13854025,0.03300442,0.40843382,0.09621463,0.014785988932105353,0.29967257801196595,0.025470618075663247,0.027172204649817504,0.4889052386626585,0.14399336592392273,2.2540412,204
2024-02-26,0.105685726,0.18731327,0.14053424,0.04123784,0.43469507,0.09053382,0.036181798458530784,0.18368610730849472,0.06791343507579496,0.05890641945233103,0.526121074004566,0.1271911796981031,2.2190356,504
2024-02-27,0.12656377,0.2208309,0.12938376,0.052882235,0.35483378,0.11550554,0.019069215561242334,0.40888522834007,0.08090332953050208,0.018256066234690532,0.388560005583752,0.08432616375743918,2.3546836,618
2024-02-28,0.13932997,0.20003921,0.12577894,0.05027816,0.3858008,0.09877291,0.07739963047724104,0.4992093815756147,0.081195136128956,0.06252390404323302,0.20124721772829893,0.07842473556707852,2.313694,824
2024-02-29,0.1508537,0.20203595,0.13922961,0.024106877,0.3760586,0.107715234,0.11097542371590344,0.2071634892786922,0.084574829572703,0.021258677489724504,0.5142639161491254,0.061763669097736056,2.280281,518
2024-03-01,0.13394341,0.22751,0.13739297,0.047354884,0.36507252,0.08872618,0.01413086481714254,0.2845117172146202,0.056971105099900034,0.05778377094472283,0.45910137924778655,0.12750116815011742,2.317032,572
2024-03-02,0.10554016,0.13333608,0.16641004,0.12521334,0.38106424,0.088436164,0.027054987150286758,0.08358487334646053,0.2073851590791495,0.13478975635268237,0.43028861170778443,0.11689663377156631,2.3757002,346
2024-03-03,0.13897426,0.20172474,0.15049465,0.051276583,0.35176745,0.10576229,0.07340088997067033,0.27541093642449177,0.029293825343859176,0.0362584349773003,0.4652846768907299,0.12035123589437287,2.365507,273
2024-03-04,0.12632495,0.21781197,0.1211197,0.06596327,0.3723683,0.09641182,0.042727447606281,0.325357247872976,0.04546424468793939,0.09327292952963974,0.3751630635655004,0.11801506848930861,2.3396323,653
2024-03-05,0.15768541,0.23485798,0.12603426,0.05143105,0.32981923,0.10017204,0.014013338483363221,0.2592981392777451,0.06073627460437284,0.19848674653677642,0.3044496097485987,0.163015922642659,2.3682005,737
2024-03-06,0.16246508,0.1970813,0.12873273,0.056860525,0.37735945,0.077500924,0.020661272116634554,0.3253851067644084,0.07552204762101979,0.023836032434077288,0.436253809149367,0.11834172825364579,2.320186,488
2024-03-07,0.13950107,0.18476047,0.13729462,0.04951612,0.38431975,0.10460798,0.026083878879220944,0.3161686467858278,0.08314054356922489,0.06637774814647224,0.42180572675422917,0.08642346578456318,2.3254585,473
2024-03-08,0.17172837,0.18738215,0.13434592,0.045468822,0.35851917,0.102555566,0.08577273193172086,0.3360893450583558,0.10885557272140439,0.21502384827108995,0.23148576938628984,0.022772708349536614,2.3485243,316
2024-03-09,0.11809817,0.1790479,0.13500254,0.04016967,0.39597693,0.13170479,0.012168527057370704,0.2380884530453871,0.03125511481817363,0.017854834944075262,0.4049546530183435,0.2956784246522831,2.2990193,246
2024-03-10,0.15502779,0.15203099,0.16129662,0.028443819,0.38669038,0.1165104,0.010106636062179904,0.08131865522753592,0.03562504453092637,0.03833584044197554,0.7149756857170054,0.11963814466072795,2.2921414,91
2024-03-11,0.11551408,0.19468379,0.15236165,0.04621099,0.37899807,0.11223142,0.031140989281716602,0.26236051745164723,0.04128725957166697,0.08216972501449613,0.507601811438507,0.0754396799722363,2.322491,593
2024-03-12,0.119080745,0.19429451,0.13446446,0.039068926,0.41884875,0.094242625,0.08537351697863003,0.27764656780813407,0.06849018692499251,0.06637607111005357,0.39653314953204355,0.10558051937853995,2.2438133,533
2024-03-13,0.14184865,0.23776096,0.12311146,0.035563063,0.3494145,0.112301394,0.03480623954398528,0.31791849876256256,0.07858237771170277,0.014308687605814364,0.40474704248208976,0.1496371542564806,2.3199475,706
2024-03-14,0.14309175,0.2138929,0.1377186,0.041833308,0.3672243,0.09623915,0.031033949019815304,0.2339258462142461,0.10620331660850808,0.03484205787794509,0.5182776695688285,0.07571716261052137,2.3185163,753
2024-03-15,0.1065992,0.22087061,0.14310537,0.063583344,0.35343608,0.11240538,0.031793954675237386,0.3413173493004229,0.06196263516703978,0.03773911668606384,0.3772232637295728,0.14996366458256088,2.3644114,526
2024-03-16,0.14816912,0.24248762,0.12911075,0.038751803,0.33250442,0.1089763,0.006481344525515551,0.03746976371282135,0.1076122356521736,0.00922464309066909,0.6489512589311554,0.19026075058422828,2.3435416,195
2024-03-17,0.12032776,0.23421475,0.12161322,0.045434505,0.3610916,0.117318146,0.029166184791437965,0.21360999297397643,0.043370456320860916,0.11297029939590368,0.5142139871128788,0.08666908350337936,2.3237007,268
2024-03-18,0.21318816,0.18709545,0.14676312,0.04419969,0.3307919,0.07796169,0.1017400886705441,0.31998540924728863,0.06434457731932024,0.06868176105754885,0.28768817751111586,0.15755999778816349,2.3479176,637
2024-03-19,0.12771101,0.16461128,0.14165547,0.04632087,0.4047929,0.11490846,0.01784105521537379,0.2705588889937893,0.09581542568163558,0.019689637553605463,0.4507011951690914,0.14539379485369208,2.2991786,725
2024-03-20,0.17416467,0.20585096,0.14270215,0.035333306,0.34329486,0.09865404,0.0218339603233239,0.6435338628304572,0.03939408341857029,0.023366787697512315,0.17612938959894173,0.09574194921721625,2.3389812,494
2024-03-21,0.17083636,0.21267779,0.14190248,0.04589736,0.34423918,0.08444687,0.040205754719119184,0.16000724475207026,0.06500269206253212,0.07886864692034082,0.4919939459851648,0.16392171608835815,2.344997,640
2024-03-22,0.18030706,0.20581113,0.14230686,0.037117362,0.35015363,0.08430397,0.026082824282756458,0.5338054720985064,0.018442508718337053,0.04741616934788624,0.21061661937428422,0.16363638745674647,2.322599,815
2024-03-23,0.19341564,0.13723096,0.12432251,0.03734209,0.4055304,0.10215836,0.056290936286568255,0.5300324106082581,0.025900848411811152,0.03197708035541358,0.3159150729510347,0.039883631396620434,2.266971,124
2024-03-24,0.22749794,0.1888642,0.15457493,0.039102808,0.3078052,0.08215491,0.15588921666721933,0.6065601683409598,0.027496785789547507,0.06387931898051212,0.12235109339566626,0.02382340071844634,2.358777,271
2024-03-25,0.13876557,0.22500943,0.13531731,0.04236124,0.3581992,0.10034723,0.011186801205789914,0.17584404768201886,0.03851778293973174,0.023930037851734344,0.5050811452817523,0.24544018595000752,2.3266695,639
2024-03-26,0.1962452,0.20470984,0.115773775,0.049840804,0.3604932,0.07293715,0.017196697077706893,0.3900305855534722,0.06555091859972134,0.026226233348223223,0.3861679192157001,0.11482764606072196,2.3113747,550
2024-03-27,0.16282657,0.2153457,0.12931648,0.045313407,0.36300066,0.08419721,0.06663914022048666,0.37679691998249026,0.054151162901376046,0.03368746996587831,0.39739039356027145,0.07133490089026404,2.318599,679
2024-03-28,0.17785875,0.16899998,0.13501847,0.03982629,0.37292904,0.10536742,0.12639741979230085,0.2904878833401285,0.03854033539333832,0.08774622622773895,0.3598150355196226,0.09701310177492398,2.3245485,550
2024-03-29,0.17580792,0.17857341,0.10497164,0.05001569,0.39315593,0.097475395,0.02124118030615436,0.2903773486526317,0.048052600374382415,0.0579212135850621,0.49968848342174993,0.08271916624685521,2.2991588,459
2024-03-30,0.24401352,0.25541353,0.09721482,0.056635458,0.2735947,0.073127985,0.03224049862329156,0.8073489340237687,0.03224397611815733,0.06729089091176625,0.04714762616286884,0.013727996996003668,2.3485224,230
2024-03-31,0.20529106,0.19563533,0.11693563,0.04531408,0.34432715,0.092496715,0.011039296241644387,0.08144650626970436,0.02751190205220259,0.010305830808890887,0.7605487514196968,0.10914764832018621,2.3410532,311
2024-04-01,0.12916774,0.23645686,0.11393307,0.048317876,0.37207416,0.10005031,0.03333739028182951,0.3256024878665998,0.04901598315528587,0.053164168197089134,0.38206798747456006,0.15681199018071063,2.3045442,381
2024-04-02,0.11212534,0.22675402,0.13454454,0.06206133,0.37317228,0.09134247,0.018454981711113067,0.2539589738066242,0.10060657554356484,0.06554705006307135,0.4226513359127016,0.13878107043354285,2.3236704,402
2024-04-03,0.1622241,0.18450893,0.1525416,0.036282003,0.39119926,0.07324412,0.07819163736847132,0.22273417408808446,0.04202314001212787,0.015171992190154521,0.42351464318626125,0.21836442031118405,2.268849,510
2024-04-04,0.19992295,0.19214985,0.1464992,0.041824523,0.35014397,0.06945952,0.0341729508255303,0.1441466842900471,0.13828391235173168,0.03681878579366029,0.6065116468573492,0.0400660632797148,2.3164353,510
2024-04-05,0.26581588,0.23182243,0.10619391,0.047261126,0.28139,0.06751666,0.025917175830244547,0.31157800144344194,0.12134224687958525,0.09049230431132817,0.35147073107556975,0.09919954861152253,2.3259702,599
2024-04-06,0.14024957,0.23145194,0.13396043,0.029529374,0.3885439,0.076264784,0.013777267504142678,0.371958161984715,0.03343971949749133,0.12151100780468871,0.34188486221370157,0.11742896724631816,2.2377384,222
2024-04-07,0.17094916,0.17905246,0.1516261,0.033476505,0.38911077,0.075785,0.033884304214929696,0.2126604230435721,0.16939436998293148,0.014079452356765266,0.3686554608864471,0.20132598045196265,2.2686005,244
2024-04-08,0.1234177,0.22344661,0.1333,0.047777865,0.3645473,0.107510515,0.058333224857222206,0.23774927763332124,0.08918869398145375,0.10691278691145027,0.38686644708570334,0.12094955113606662,2.3294008,683
2024-04-09,0.16923545,0.19925667,0.14553373,0.04611582,0.35514733,0.084711015,0.017835079649897948,0.20880818902422454,0.1147985246595521,0.029005141261675232,0.510257748969062,0.11929531785608351,2.338918,667
2024-04-10,0.1670698,0.20243025,0.13888156,0.04032359,0.3619545,0.08934028,0.07894128616190182,0.3487838079259104,0.05673553189202921,0.028883404205537307,0.3692592375053801,0.11739672706039456,2.3221,870
2024-04-11,0.135698,0.2240477,0.13042071,0.049928866,0.3767411,0.083163574,0.13708771763647476,0.25854707299316315,0.03158928887260788,0.054717143782287994,0.43900805773165336,0.0790507227281188,2.302674,650
2024-04-12,0.21548375,0.18900003,0.12982717,0.048866235,0.3415796,0.075243235,0.08586894790794532,0.30102594034049424,0.07479139102306506,0.08472068580898029,0.3900638219290075,0.06352924329452492,2.3368018,703
2024-04-13,0.19014673,0.19737361,0.14681152,0.055287324,0.32099777,0.089383036,0.026738130179528925,0.5170335646952439,0.02552981097327802,0.03862995607567504,0.28066244764899,0.11140609323743735,2.3923469,400
2024-04-14,0.26036102,0.18668526,0.131188,0.075723395,0.2881556,0.05788675,0.09876452005746686,0.31328790969970716,0.021945655556470257,0.18582499038576422,0.24724153362343,0.13293539968813178,2.3790526,423
2024-04-15,0.20885871,0.19525409,0.13853434,0.057037767,0.3257934,0.07452171,0.024292781284105475,0.38386170744646375,0.042706157329436376,0.012413493659101181,0.4204820221587138,0.11624382151437218,2.3690565,516
2024-04-16,0.15083176,0.21150264,0.13552395,0.037826292,0.36741126,0.09690406,0.020285164598115718,0.41406069421514013,0.10046703603669913,0.017476844296970495,0.3408034021727929,0.10690686588159903,2.3121674,752
2024-04-17,0.119451925,0.20758219,0.14120145,0.064799756,0.35360536,0.11335931,0.018677028888431937,0.3102925076669273,0.06850614415896103,0.044265431821764255,0.39070648417800524,0.1675523954097329,2.378023,660
2024-04-18,0.107017584,0.21226759,0.124991246,0.05658352,0.38459018,0.11454988,0.016651751646453126,0.1560474238913186,0.0654701361138947,0.07913533594593375,0.5816238941727967,0.10107146836252746,2.3173876,598
2024-04-19,0.13340384,0.21641915,0.14088488,0.04564874,0.36207056,0.10157282,0.028535938938284093,0.32868971591579577,0.0549743135622438,0.030352241441335564,0.4174370516499046,0.14001073762077895,2.3329918,714
2024-04-20,0.157608,0.15260881,0.17165662,0.064793855,0.35977498,0.09355773,0.014092994344869464,0.3053322838514054,0.032298161578423926,0.10038024188820031,0.3531435955077347,0.19475272398600366,2.3766215,445
2024-04-21,0.13013747,0.21439272,0.1355718,0.024782263,0.37694746,0.11816831,0.0427347594974541,0.2677963812908983,0.03894299612839585,0.025890949321991694,0.48060134747646877,0.1440335739064066,2.2768633,246
2024-04-22,0.16090325,0.19085416,0.15741177,0.05047791,0.35773703,0.08261588,0.025636940412538847,0.2653519057049492,0.08739290660204461,0.04436935077313818,0.39684558919923346,0.18040331722830522,2.345223,510
2024-04-23,0.1379053,0.2305051,0.12406537,0.04655161,0.3548846,0.10608804,0.03917497275427892,0.3665340318817492,0.039348955304571775,0.0324240044439099,0.41132524225741746,0.11119280227626566,2.3354828,595
2024-04-24,0.16356498,0.21963754,0.12331744,0.05940461,0.35728255,0.07679289,0.08036372799985403,0.44034067063920834,0.04704824205425245,0.0850941767487846,0.2587537552737232,0.08839943076339082,2.336752,535
2024-04-25,0.1579935,0.2202956,0.14377367,0.044207618,0.35691145,0.0768182,0.029257186100973876,0.3090893842328554,0.0665517562235247,0.08290935848047516,0.4236308415852317,0.0885614699816723,2.3175051,730
2024-04-26,0.1565489,0.174294,0.16794848,0.03447786,0.38720888,0.07952188,0.021816827132317897,0.2810038784658927,0.06116797456270435,0.042163924889115176,0.47854431685416365,0.11530308069269533,2.278365,1007
2024-04-27,0.24928129,0.18267016,0.13551083,0.04142445,0.3346107,0.056502547,0.09250000436956257,0.279638212876509,0.0339684985582997,0.07484766835841516,0.41684906197051586,0.10219656988771487,2.2913892,444
2024-04-28,0.21539219,0.18407589,0.1582213,0.052634094,0.3346408,0.055035725,0.08100299749273002,0.3438557881723916,0.057503011485875166,0.07903536482519737,0.3294961310533618,0.1091066962889643,2.3297234,365
2024-04-29,0.1859802,0.16552365,0.121615194,0.04480558,0.38041463,0.10166075,0.03564764889638929,0.18734365557914998,0.10177725486763675,0.1663770062604501,0.4043256756421697,0.10452878127433458,2.3169749,323
2024-04-30,0.16027635,0.19796324,0.15900391,0.04562964,0.34874126,0.088385604,0.08862066432378213,0.4876623989371627,0.028087916349403382,0.021695757754485526,0.2795775066257119,0.09435574778684425,2.350334,735
2024-05-01,0.15439042,0.24728207,0.13383138,0.055952612,0.32046095,0.08808255,0.02697606019018493,0.4574269230019458,0.07151227671206081,0.057542632281216075,0.26250630213338444,0.12403581263060785,2.3705113,575
2024-05-02,0.22159678,0.198522,0.12884228,0.052212868,0.3190041,0.079822004,0.07087857008783952,0.4181478595772074,0.09820431879693899,0.013521702617599513,0.30705408748284096,0.09219347386796302,2.365073,609
2024-05-03,0.18375207,0.21172285,0.14080872,0.05526906,0.32756042,0.080886856,0.12287897728634067,0.3105353235433582,0.09311134742783797,0.015267544072483414,0.35656917875891003,0.10163763263548967,2.373322,546
2024-05-04,0.18264417,0.17403398,0.18666984,0.048256557,0.34835857,0.06003686,0.07234103595690863,0.31141019935243136,0.033728126149437876,0.16346549950555128,0.3621778408470645,0.056877312667669516,2.3236666,602
2024-05-05,0.22014637,0.15725644,0.16795985,0.053566698,0.3452576,0.055813022,0.0998216638321783,0.19714091346911305,0.042594098069637175,0.17854328796690377,0.42377750450385604,0.058122560929443456,2.3209298,218
2024-05-06,0.20751232,0.19723363,0.14924394,0.04966226,0.32160848,0.074739374,0.06617216737815312,0.41942099594851306,0.10973440158015232,0.024176916840922356,0.24831495606658868,0.13218058568133123,2.3634267,624
2024-05-07,0.13054761,0.18310198,0.17184082,0.037827883,0.3953357,0.081346005,0.03220601738885118,0.25863217487418744,0.05873958344931053,0.062385202300722545,0.4921258211382764,0.09591118358000549,2.2710195,323
2024-05-08,0.2051869,0.21206786,0.12983805,0.050017104,0.33972654,0.06316354,0.0731451384852076,0.3173976506609072,0.0731131089981964,0.05935586584806767,0.3970684248084026,0.0799198291825616,2.322712,636
2024-05-09,0.16485031,0.16267426,0.1710333,0.06323073,0.36126798,0.0769434,0.09163422673673732,0.17964182371135426,0.05323616581135253,0.1049703165875269,0.47127146224001515,0.0992459967796438,2.3578775,359
2024-05-10,0.18578978,0.16413693,0.13972817,0.06843039,0.36561105,0.076303676,0.055676705118497094,0.4815052954215038,0.06515846400137597,0.023379210114948097,0.30412829036431965,0.07015205477886854,2.354533,573
2024-05-11,0.1685069,0.18541537,0.16383632,0.08376889,0.34308776,0.055384766,0.1191804512915585,0.3363663736576912,0.046768069463150166,0.09994831425680857,0.3685544543618534,0.029182334323044314,2.3716288,241
2024-05-12,0.2106882,0.14618321,0.15067989,0.09079071,0.3344952,0.067162804,0.22079804208050344,0.3025205166062453,0.07795307452152449,0.040439483882193726,0.32014049323328675,0.038148386406456056,2.3947525,309
2024-05-13,0.12456682,0.1870592,0.14637057,0.08169544,0.3928778,0.0674302,0.042913776281071084,0.23338449192777017,0.10561720040620569,0.029918342143057292,0.5509723709043554,0.03719380240879158,2.3195868,522
2024-05-14,0.14563526,0.18880181,0.15524013,0.06390603,0.35912326,0.08729351,0.04245837726778987,0.31677508946659594,0.0734612807746963,0.05628269816947467,0.3662036070264589,0.14481895704882797,2.3673348,568
2024-05-15,0.16717058,0.18164296,0.14643897,0.07300735,0.3676279,0.06411222,0.04881504165985801,0.2006265007933979,0.09728043712097983,0.142531508772267,0.439847225439709,0.07089928036689057,2.3447604,691
2024-05-16,0.14996392,0.19794875,0.13982588,0.0657264,0.3547397,0.09179535,0.05315994016742605,0.26827225550253914,0.06823876332671248,0.02107357539444647,0.426289526544831,0.16296593537775494,2.374735,641
2024-05-17,0.21023251,0.19319026,0.16147032,0.04712172,0.3094931,0.07849209,0.04603777211609194,0.29707130825119266,0.10562744818352546,0.02072489882602326,0.49910078088061594,0.0314377964667142,2.375538,627
2024-05-18,0.17144144,0.22066242,0.13025837,0.040866345,0.3547385,0.08203295,0.01560998123280011,0.3758185365329917,0.10928155053267775,0.1375916043173564,0.28309179448126764,0.07860653462657834,2.3151338,313
2024-05-19,0.1809689,0.12753284,0.16565,0.05538903,0.3795523,0.09090695,0.026563085269383235,0.18640543563007272,0.04901260636798552,0.011814817184617857,0.5921564055076796,0.134047654081783,2.3310428,256
2024-05-20,0.13860042,0.1569309,0.15049627,0.05439331,0.39134482,0.108234294,0.06607709927584207,0.2211149514288395,0.0724712594360221,0.05749110800015569,0.46353655755243395,0.11930902122195064,2.3309693,633
2024-05-21,0.17368858,0.18307467,0.13835065,0.050886255,0.3608306,0.09316928,0.03031953923693928,0.2817128803133234,0.0505190023463841,0.07227630361104982,0.4418751168123352,0.12329716347928547,2.350164,653
2024-05-22,0.13665116,0.21267845,0.15354422,0.06222811,0.34207487,0.092823215,0.0795379818671996,0.24484255504495972,0.06343863353642577,0.05148727751452192,0.44906614257927613,0.1116274012919228,2.379451,848
2024-05-23,0.15993749,0.18995069,0.14299504,0.037805244,0.3730862,0.09622529,0.108769650598791,0.26607249443967035,0.06687469353696505,0.03434391926894552,0.3684056682672278,0.1555335628636855,2.3136802,974
2024-05-24,0.15075298,0.20036581,0.15657155,0.039170213,0.36871293,0.084426515,0.01822712067899177,0.231416757346076,0.06014590546032859,0.05017869420148603,0.5208616399660306,0.11916989500746866,2.3099694,695
2024-05-25,0.19227438,0.15184036,0.16652241,0.06470121,0.35651976,0.06814191,0.024637474374236887,0.053866275889899694,0.049869195107307945,0.06532777849324498,0.7247123821346296,0.08158688014586214,2.3510752,290
2024-05-26,0.16527052,0.109681964,0.1816802,0.061356604,0.40749514,0.07451558,0.016698264198948983,0.2387685168587039,0.08193889878301615,0.03989243197534388,0.5340241188391807,0.08867775855708897,2.27997,243
2024-05-27,0.13449492,0.20041572,0.13210745,0.037376568,0.41304883,0.08255654,0.021081988391665255,0.3615667802000317,0.1149454640846399,0.033698042272065,0.3571157737560225,0.11159195572990427,2.2410102,487
2024-05-28,0.1513079,0.17911842,0.1605586,0.074405245,0.35971478,0.074895054,0.013360054187995627,0.23877516327252563,0.06395040637025556,0.07398699762496828,0.49461831840652504,0.11530906999059787,2.3698537,944
2024-05-29,0.16382344,0.21337044,0.13611414,0.037877236,0.3735672,0.07524756,0.009812548459157749,0.08715080418335049,0.05597722995554643,0.031029327285514777,0.7627968152807513,0.053233328968437216,2.285061,608
2024-05-30,0.19479266,0.18239385,0.16101435,0.059320096,0.33063626,0.07184282,0.03691755875800366,0.35206842182933085,0.04173569541493116,0.014994373170529728,0.4607228181316359,0.09356114255826807,2.3742952,741
2024-05-31,0.14720693,0.2275062,0.15966038,0.059406564,0.3092426,0.096977286,0.0500140934176032,0.22087948323519552,0.08105939834798793,0.1092634209545597,0.46799438031024776,0.0707892203570352,2.4074879,691
2024-06-01,0.2120523,0.22589448,0.12116934,0.061024882,0.30982345,0.07003554,0.06938710790225629,0.5196308608205353,0.022641208378818146,0.14798087654257072,0.18410732452458775,0.05625261758338114,2.3668437,385
2024-06-02,0.193787,0.16568154,0.13920608,0.05244888,0.37141794,0.07745857,0.026265300284875177,0.33638854744263913,0.05564094532718292,0.017018608872734143,0.4895215634553495,0.07516503450323174,2.3241112,345
2024-06-03,0.16599388,0.1763662,0.1664742,0.041784927,0.36980078,0.07958,0.04163995348759185,0.33622546772487755,0.043389641296553545,0.02064556056007431,0.4679279046805009,0.0901714871087927,2.3148952,802
2024-06-04,0.1392725,0.22720657,0.118763454,0.038090654,0.35470903,0.12195779,0.12588034747585228,0.4241312499376323,0.03409871796948084,0.06061321243655505,0.28453241849472277,0.07074407153035642,2.3270807,586
2024-06-05,0.17193748,0.18836647,0.14366682,0.04248373,0.36737755,0.08616796,0.02255443911713007,0.35436681067001746,0.06773952199993288,0.01713610804440776,0.44077531345125376,0.09742779388096068,2.3216243,748
2024-06-06,0.154821,0.18343088,0.17083947,0.057572447,0.34962767,0.08370854,0.03298379320171865,0.23306954909434757,0.05158405075119216,0.03550181659845405,0.5193381667803787,0.12752259669306595,2.3677254,830
2024-06-07,0.12380767,0.2218926,0.14482665,0.0520948,0.3568409,0.10053737,0.05031293501241996,0.3384694838237542,0.0374030973740894,0.02435825384519736,0.3773318521427638,0.17212438303586206,2.3445818,838
2024-06-08,0.14407396,0.2288303,0.14376679,0.061786573,0.3295104,0.092032015,0.053619440183900385,0.4661380350912001,0.027398039724836745,0.1064058035336237,0.21841184759028856,0.12802680933741736,2.3845258,291
2024-06-09,0.2181527,0.17106424,0.1526923,0.046047494,0.3404506,0.07159262,0.01491471892729265,0.27989696740892983,0.03357529280406083,0.029600865495243576,0.4475692491255044,0.1944429003074906,2.3350048,301
2024-06-10,0.18264401,0.19134419,0.14933455,0.046812307,0.34341908,0.08644586,0.06538282535020866,0.42723721117333074,0.04099526998304071,0.06863406120256517,0.3361876838407528,0.061562957355036384,2.355827,715
2024-06-11,0.16683157,0.22109284,0.13580582,0.05555498,0.33623618,0.08447865,0.04855247087930386,0.2635251024732363,0.07539332185797305,0.06649937663715244,0.44582975057424956,0.10019998051704529,2.3651338,878
2024-06-12,0.15554066,0.1953765,0.13154861,0.046779078,0.36083716,0.109918,0.041080527468046066,0.6606007237438957,0.04981918518469469,0.014662821512401197,0.18384501473626338,0.04999170364159938,2.3502212,885
2024-06-13,0.17596753,0.19903535,0.13107452,0.047367353,0.35546422,0.09109103,0.15476997313550095,0.4140425169468048,0.02491419898565904,0.020002141513098207,0.33055944657203623,0.055711721570709846,2.342575,1011
2024-06-14,0.20160797,0.2075549,0.1434138,0.04560854,0.32847852,0.07333627,0.09499194907334746,0.2682891406654431,0.06060920341435174,0.07833732811476947,0.40027070800219294,0.097501670685521,2.3455968,1048
2024-06-15,0.177176,0.14334916,0.13920009,0.080827035,0.38688055,0.07256718,0.051499506528168815,0.22955317299561084,0.03662958220229432,0.07887024456288329,0.3811566306095073,0.2222908716540566,2.338074,242
2024-06-16,0.14463475,0.2054608,0.15277448,0.027368097,0.37510452,0.094657354,0.02945028892705228,0.31595462455777357,0.029133402372763042,0.020112838387913584,0.3949419374055532,0.2104069152688821,2.2812967,242
2024-06-17,0.22059813,0.18161555,0.17166345,0.04395541,0.3181606,0.064006865,0.07028746497488453,0.30718362747216393,0.061798117490671725,0.019482399483222595,0.3976158192721995,0.14363257986644765,2.3420336,639
2024-06-18,0.17788476,0.1969304,0.16601461,0.038896725,0.34909087,0.07118265,0.050019988913777326,0.3734878231547055,0.08013808415904225,0.04762143450321113,0.3803515378007506,0.068381128679631,2.3184469,959
2024-06-19,0.22335088,0.19703649,0.13261178,0.049737804,0.32456398,0.07269908,0.018081550818135287,0.26158486131356495,0.05705190652810764,0.0186992878014999,0.46246188326947746,0.18212051128612383,2.3484843,1076
2024-06-20,0.16989589,0.20131274,0.13093689,0.058240335,0.35612443,0.08348973,0.04771847893907327,0.2361031748354236,0.030741751292135397,0.07064001694372099,0.43982338819801153,0.1749732018548398,2.3524878,869
2024-06-21,0.15209717,0.20778492,0.15323468,0.05772443,0.3614848,0.067673996,0.04910959938396557,0.4269530393507987,0.06717242897136187,0.01682187273259827,0.31382358804515903,0.1261194692348932,2.3300393,589
2024-06-22,0.14765333,0.17317697,0.17500316,0.07891742,0.34106955,0.084179595,0.025023033181318387,0.2400527363845534,0.03726964002219824,0.020845453200237077,0.5036544591558083,0.17315467676511329,2.4045784,316
2024-06-23,0.21389394,0.17701994,0.11337489,0.07131814,0.3668446,0.05754849,0.06921983721104802,0.2516482996553179,0.0579991005306079,0.017741677633467855,0.5347485379393352,0.0686425175807268,2.3136857,180
2024-06-24,0.1850382,0.17001103,0.1446509,0.061197393,0.35608035,0.08302212,0.057666309874709165,0.3562014585501959,0.05971754859822742,0.019453948562110922,0.3733983688565909,0.13356235470737202,2.3636744,946
2024-06-25,0.15639605,0.16021311,0.16327365,0.07016233,0.357494,0.09246087,0.02025989837951945,0.22844763114258249,0.0650978849231611,0.0174248397991559,0.5361399956766123,0.1326297585279899,2.385875,727
2024-06-26,0.17626971,0.18573333,0.1624612,0.05580347,0.3490083,0.07072396,0.14041644589512836,0.15182537718210018,0.09047965604780359,0.02983422260968898,0.47885524963697434,0.1085890217846489,2.3510885,720
2024-06-27,0.14837155,0.17961855,0.14272842,0.047471624,0.39160714,0.09020269,0.021451605158759195,0.27202894285168794,0.07392336560000665,0.022920675082590034,0.479389884467548,0.13028553018463834,2.3056576,571
2024-06-28,0.18837523,0.21475331,0.14045802,0.03519354,0.35399815,0.06722174,0.0654672640923921,0.2686762363385642,0.09370504079716939,0.016186972365455805,0.5123847609070361,0.043579722678646314,2.2901182,613
2024-06-29,0.14617705,0.16268168,0.16952239,0.044656638,0.39226606,0.08469617,0.13782038045869213,0.19857258528850485,0.022808591376002142,0.10883558908221166,0.2956650065163523,0.23629783508326563,2.2973175,313
2024-06-30,0.11438308,0.13917825,0.18599962,0.08443616,0.41417456,0.061828315,0.07070200407296401,0.2788851654517004,0.0330659421376732,0.051604226438958144,0.32524474023787103,0.2404979093996178,2.281187,166
2024-07-01,0.18549138,0.18673962,0.16961183,0.051799387,0.33144376,0.07491403,0.036823867487178696,0.35954611416540566,0.09299441324107327,0.02405942482161914,0.40933623525778967,0.07723996358075766,2.3664331,668
2024-07-02,0.14006522,0.22631997,0.15377069,0.05132723,0.36264622,0.06587069,0.03409697705069464,0.29341981217499324,0.043701518262838586,0.12494036496194033,0.3855375191147456,0.118303825796566,2.3067572,565
2024-07-03,0.19691215,0.22792909,0.14097947,0.06716368,0.29839087,0.06862475,0.05715125468386432,0.6812682886131769,0.01765447864587027,0.018035077201616487,0.17666889485363738,0.04922203376452426,2.393892,573
2024-07-04,0.17754957,0.22624364,0.1433489,0.04698828,0.32506698,0.0808026,0.043881656331394646,0.22173432137378268,0.07986427598140232,0.018234178233174757,0.5126664946286751,0.12361905852130836,2.3571112,887
2024-07-05,0.182405,0.19940168,0.14149196,0.049838964,0.3452058,0.08165659,0.06800595189983666,0.307913398395637,0.07367058964770594,0.04382838441542467,0.42332223053030754,0.08325944175496594,2.3512723,831
2024-07-06,0.14228407,0.1439577,0.21645652,0.09021663,0.35061273,0.056472387,0.1270969367529119,0.4273709148485027,0.05983248524687157,0.0175877314996544,0.27707671942425627,0.09103524112711839,2.3581064,278
2024-07-07,0.09941172,0.21087296,0.13108732,0.06825654,0.39328736,0.09708411,0.020304719287878005,0.32747076621452254,0.03349928108138776,0.09172927776185663,0.4651252604178486,0.06187069581114368,2.3093822,249
2024-07-08,0.17796227,0.16617633,0.14438967,0.051840864,0.37213314,0.0874977,0.059264135512942406,0.46038582767022984,0.0565331289474465,0.0518315260691596,0.2896789681616663,0.08230640503771905,2.3361568,662
2024-07-09,0.21071957,0.16918479,0.15858473,0.050750162,0.32815427,0.082606494,0.06618888005257408,0.3391543586666189,0.04069120066361426,0.029256934303748313,0.41910457242288657,0.10560403755656626,2.3713465,917
2024-07-10,0.15021628,0.20444937,0.13152842,0.04977147,0.38713506,0.076899424,0.05761731037716091,0.647162186643632,0.043369905150770605,0.023335013138361643,0.19941660927473587,0.02909902247364306,2.2940328,689
2024-07-11,0.13866208,0.19922684,0.15840125,0.051947597,0.38112608,0.07063614,0.02193882594643885,0.2969360200679745,0.05814814096454707,0.021015106299339698,0.5042694378054849,0.09769245973622454,2.3021464,619
2024-07-12,0.15091227,0.1901646,0.14088541,0.05297806,0.37154397,0.09351571,0.06220110045588477,0.21734770001544168,0.0650868537470139,0.12601793113107765,0.4194563064017626,0.1098901136332885,2.3403995,510
2024-07-13,0.20365015,0.16952287,0.17377079,0.09433459,0.30206448,0.056657135,0.013234918314519405,0.24145984264235715,0.02750716333756895,0.17589615387652374,0.20887964938565687,0.3330222708989224,2.4179764,246
2024-07-14,0.17301312,0.1364413,0.19503297,0.05413637,0.37302047,0.06835576,0.09231952790449308,0.23531247796947002,0.058895859176112855,0.03925294839721181,0.45181345253119504,0.12240575204715351,2.3129601,288
2024-07-15,0.16112229,0.19277312,0.1854702,0.04812037,0.33999118,0.07252283,0.09634021940658816,0.3463023138143201,0.036089427036745905,0.035192686365181816,0.37525836283521546,0.11081698361552278,2.3473651,600
2024-07-16,0.15434705,0.25500828,0.1363192,0.051073294,0.32008415,0.08316801,0.07709482338910413,0.2879832594139549,0.055878828541021074,0.06434320302292516,0.38885767555735073,0.1258422104951993,2.3543234,671
2024-07-17,0.11600339,0.2018651,0.14492735,0.051843338,0.3911613,0.094199486,0.024102235322625346,0.43086334332522536,0.05473089166410848,0.03742350439080285,0.3335064703629578,0.11937356370828486,2.3024752,797
2024-07-18,0.14676143,0.22445147,0.1581185,0.045764506,0.3410822,0.083821915,0.018839834493537388,0.3972183669580395,0.06010949645652061,0.01288221185852358,0.3724875786878982,0.13846250134806617,2.343575,676
2024-07-19,0.22020476,0.16544221,0.15994538,0.060166676,0.32734424,0.06689669,0.09332598457999003,0.28279662781843556,0.09203546577155225,0.013748242197280207,0.3150400943233617,0.20305357056456763,2.365484,1011
2024-07-20,0.19627443,0.18399346,0.13822806,0.05715512,0.3419516,0.08239734,0.06939353040890851,0.3440941889050824,0.03821807263815377,0.015832781219610077,0.32499083894191716,0.20747059236754184,2.3671598,193
2024-07-21,0.18435204,0.17683446,0.15626076,0.050355185,0.34728143,0.084916145,0.09914311845160226,0.32934033703236526,0.0865632313667808,0.04010222028903591,0.38327954543182474,0.06157152398589074,2.3593085,346
2024-07-22,0.17362769,0.1980992,0.13992241,0.061531536,0.34327602,0.08354316,0.200654526778564,0.2419364213155936,0.0667007602968743,0.09474367461043676,0.35059299007562766,0.04537162824100727,2.374507,529
2024-07-23,0.20485283,0.16170792,0.17990309,0.044674065,0.32936823,0.07949386,0.07169405653109312,0.19609621197519803,0.07063215830769476,0.021270169507674918,0.5139606776923006,0.12634672664260202,2.3572829,731
2024-07-24,0.19042571,0.16826314,0.16213445,0.051988687,0.36055136,0.066636674,0.01786605820771254,0.363275668778197,0.05511313040894382,0.10163315386947187,0.34639348924923247,0.11571848680105846,2.3266146,527
2024-07-25,0.16236234,0.19634566,0.14879663,0.039029684,0.37590235,0.07756334,0.015926846804387204,0.26275436216297793,0.1257949428659857,0.027700334668724794,0.43788766757064923,0.1299358484543248,2.2952683,599
2024-07-26,0.17915635,0.18495232,0.16523753,0.05166508,0.35174876,0.06723996,0.04506433098733801,0.4752658950695539,0.036673761006434,0.012133782802823527,0.321740571238059,0.10912164972637071,2.3368773,1200
2024-07-27,0.19446188,0.19613525,0.14383362,0.04721701,0.34390956,0.07444271,0.03595475664044507,0.40427477324854216,0.14438024302094016,0.10694029279839398,0.2536388870643698,0.05481105866012178,2.339263,275
2024-07-28,0.15235315,0.27396947,0.13458712,0.071112834,0.2930527,0.0749247,0.06718487957888852,0.20466820144786738,0.11991592929739829,0.10134760330118674,0.3617170503362864,0.1451663338959424,2.384962,111
2024-07-29,0.15219249,0.18663323,0.1816035,0.063012734,0.34334356,0.07321448,0.03750869554599668,0.3002897773787176,0.12637691185641037,0.03108340586947336,0.3821144320700824,0.12262677162060077,2.3692682,590
2024-07-30,0.1755376,0.16134621,0.15344726,0.051891338,0.37621185,0.08156576,0.10462709187200962,0.2683833464455119,0.053052856884644096,0.05397831291925194,0.4230198389233261,0.09693854047726999,2.3272278,1274
2024-07-31,0.17041808,0.17371264,0.14602052,0.053228214,0.38061163,0.07600889,0.05777032368081309,0.3286071740099952,0.07224348199615284,0.07912755116141117,0.35951809377800625,0.10273337765144484,2.3172774,847
2024-08-01,0.22331387,0.16770917,0.15849751,0.03831975,0.34182668,0.07033302,0.11023465612894054,0.31633112695341614,0.07450287138955589,0.041021538863277446,0.3525637458096503,0.10534604814230526,2.3152602,780
2024-08-02,0.13947444,0.21179967,0.14766514,0.046091035,0.37255278,0.08241692,0.047375362300709,0.3729134884338929,0.07625216912250579,0.01657856934344953,0.3458935313585094,0.140986868426276,2.3102272,602
2024-08-03,0.26092649,0.18927096,0.14073189,0.045936435,0.29362714,0.06950711,0.026731330543785303,0.4416410584217584,0.059254051601671305,0.027482332463361937,0.34852784609136866,0.09636335028506066,2.349047,285
2024-08-04,0.21566737,0.14998557,0.15322345,0.055323787,0.34811392,0.0776859,0.011392953352004145,0.17630852034181319,0.05450140208868689,0.15057112240234274,0.508364376181386,0.09886162341062295,2.3498447,381
2024-08-05,0.20096166,0.21915326,0.1449857,0.054948483,0.2995213,0.080429606,0.0789378601640834,0.4796069107045956,0.025849386083243917,0.019171780148020005,0.3278793569170404,0.06855470079106218,2.3925061,947
2024-08-06,0.14952473,0.20573473,0.16841233,0.045038037,0.33358774,0.09770243,0.018670142722782647,0.5099457000143778,0.07429161353460649,0.017294893125705566,0.2286193971696461,0.15117826394373382,2.3696828,522
2024-08-07,0.16024715,0.25213745,0.13808244,0.036480077,0.3256789,0.08737396,0.069821911663526,0.16559364304780558,0.07740299850526265,0.06517237645865984,0.5181234404777536,0.103885625851241,2.3275342,521
2024-08-08,0.16495943,0.18959098,0.15692057,0.04493556,0.36003834,0.08355514,0.016285396381159216,0.29230428366168976,0.04427942381946087,0.018580134624343846,0.48467026694079646,0.1438804885679668,2.3339448,652
2024-08-09,0.14775908,0.20208862,0.12963946,0.037251014,0.3978675,0.08539431,0.08056082217835374,0.32975098278009746,0.03656067817466317,0.04346677971718371,0.35988085235177436,0.149779866253877,2.2648902,495
2024-08-10,0.19516046,0.1941481,0.14634335,0.050471626,0.34160796,0.072268546,0.06752220471296744,0.25732501574433453,0.08367290564999312,0.01617646153912638,0.48787777209590794,0.08742564811638645,2.3456438,215
2024-08-11,0.098342225,0.2390347,0.12755112,0.06016671,0.33894885,0.13595638,0.020647780832290814,0.4008230456667277,0.0807296392474454,0.01283382811256223,0.4390603518100934,0.04590535601501284,2.36594,94
2024-08-12,0.24338208,0.18917547,0.12358579,0.034837417,0.3335782,0.075441025,0.0361226551572033,0.3185714152438076,0.07895080805733401,0.12098069424434128,0.3898611470821623,0.055513271546946595,2.3017714,515
2024-08-13,0.17589182,0.18756567,0.16974835,0.048074577,0.34342134,0.07529825,0.022511869367061423,0.2415730634984708,0.07503303905102808,0.011146539120365898,0.46831818418288496,0.18141732776274924,2.349185,557
2024-08-14,0.18265316,0.16925104,0.14204942,0.05344031,0.3672317,0.085374385,0.014604358777624967,0.31565658667018737,0.049899841629513414,0.0686429573980527,0.3627313654897231,0.18846489491318497,2.3413665,602
2024-08-15,0.1560806,0.18528317,0.13735116,0.042594746,0.3921185,0.08657181,0.02638115989683034,0.34961078126081957,0.03661389499085508,0.015435342843718601,0.4638881124380949,0.10807071823187275,2.2914128,741
2024-08-16,0.118956365,0.22242962,0.17510736,0.058497414,0.3500354,0.07497385,0.04148246608960386,0.30897574722389576,0.058404555108449,0.0625502760578758,0.43234491678285086,0.09624202659753957,2.3377862,706
2024-08-17,0.22380465,0.17848814,0.1802311,0.047169436,0.31469518,0.0556115,0.09804887652301071,0.5313000498718454,0.03411531486272332,0.012861856675935918,0.20516010638633786,0.11851378992271323,2.3371801,261
2024-08-18,0.26028642,0.17709868,0.1533148,0.035387278,0.31436458,0.059548248,0.016603968695417293,0.2746477245359419,0.027185092391422708,0.020778417691988085,0.5184473339092827,0.1423374602425106,2.3002625,138
2024-08-19,0.16327032,0.20493576,0.14933982,0.045856506,0.3448205,0.09177706,0.027984078911663816,0.34330433356771795,0.08508212366605496,0.026019701066654504,0.410543879284915,0.10706588249710876,2.355046,684
2024-08-20,0.143917,0.22224186,0.15270154,0.0510204,0.3594664,0.070652805,0.08016249765463461,0.4046428468382447,0.06200840060584176,0.06972997624906441,0.26063019150326916,0.12282609378905791,2.3184483,648
2024-08-21,0.14774399,0.21101886,0.16562536,0.060864396,0.31982914,0.09491823,0.05444993181082962,0.31786302681967266,0.04915344223789209,0.048721582123545576,0.39883077044664433,0.1309812565870675,2.4051158,453
2024-08-22,0.18581448,0.19265303,0.14709501,0.045000684,0.35519665,0.074240156,0.04171004688944285,0.42710385745149626,0.062174230691908604,0.014732228619179109,0.36525290862958293,0.08902671386540466,2.3259137,418
2024-08-23,0.11554881,0.22518001,0.121355385,0.049228307,0.36009398,0.1285935,0.04534947257641435,0.16446311020154866,0.059787809160210474,0.03466061062792352,0.4756867227087371,0.22005227000323835,2.3383343,550
2024-08-24,0.22173607,0.208151,0.12680352,0.053565305,0.32129523,0.06844886,0.20289383683723594,0.324333992518379,0.05598195167042278,0.016031775309702307,0.3217828470732974,0.07897559386413262,2.3482475,305
2024-08-25,0.2175728,0.1603753,0.13403542,0.07157993,0.3308161,0.08562047,0.05472253736741179,0.42494812365506696,0.02397019011146141,0.013760267106034969,0.3526909911057568,0.12990791241870947,2.394694,298
2024-08-26,0.16419005,0.19915356,0.13687204,0.052618574,0.3634636,0.08370214,0.1148235457577675,0.3521797425757533,0.036808819262943535,0.05272886319107802,0.41079952842525436,0.03265949186223183,2.3380837,749
2024-08-27,0.23489916,0.18240997,0.1534532,0.04903383,0.31638965,0.06381418,0.2177337806931818,0.48515275306934336,0.025417443363048728,0.014093942313179274,0.1412306759154093,0.11637140707349125,2.3455598,820
2024-08-28,0.17954017,0.16340005,0.14759062,0.04594057,0.38037637,0.083152205,0.05353367080960024,0.6076721600406214,0.03252316330337937,0.029206302769649757,0.19635769244556162,0.0807069817781721,2.3122377,928
2024-08-29,0.14727616,0.18185456,0.15348414,0.041705035,0.37926447,0.09641561,0.12151607783161712,0.25615425659201263,0.08255392168275162,0.022959977601884403,0.44856304837669725,0.06825271906580921,2.3161962,842
2024-08-30,0.15240012,0.20663936,0.13634965,0.04533198,0.38279304,0.07648585,0.02379309397443789,0.21810494075236103,0.09010993971527675,0.01741763081944183,0.4965590266356116,0.154015372489369,2.2919416,560
2024-08-31,0.23938097,0.1454497,0.18434346,0.03202353,0.3290423,0.06976004,0.028624654757254925,0.24637349609015027,0.04608009832121292,0.1336684860799923,0.49670742314776856,0.04854586587882065,2.302657,227
2024-09-01,0.27895033,0.18117352,0.14260294,0.04914367,0.29599366,0.052135926,0.018118696584607998,0.5746361301978709,0.02574172088064562,0.01604444711387408,0.31904590565055346,0.04641311494138634,2.316693,236
2024-09-02,0.16164806,0.20047714,0.14764187,0.048599705,0.3668002,0.07483305,0.04964379495546918,0.3760284953872915,0.02971317330022222,0.08904139656290141,0.3505174614805149,0.1050556853890809,2.3199153,618
2024-09-03,0.17037399,0.18920092,0.1504597,0.056724984,0.3616338,0.071606584,0.022578682517204823,0.4649822574055425,0.09698564641516122,0.014978651891984857,0.27280099841276895,0.1276737445365832,2.3384738,584
2024-09-04,0.16981128,0.21177691,0.14757802,0.04173915,0.35139605,0.077698596,0.019425979854734383,0.39123000333160696,0.06322231199225598,0.012887840168796105,0.3241674960974646,0.18906636894843826,2.323867,678
2024-09-05,0.16399068,0.18442895,0.14255561,0.04891482,0.38548827,0.074621685,0.016297411482288714,0.08969811758722537,0.04940515860257676,0.04423091786014331,0.5204098082986939,0.2799585948586314,2.300672,610
2024-09-06,0.17645234,0.1957556,0.1519501,0.05123597,0.34465277,0.07995321,0.03387155302432555,0.38865549019631374,0.08580698190015297,0.03704253366272347,0.34845703590303573,0.10616640224749292,2.355933,855
2024-09-07,0.16052,0.22505458,0.15214767,0.05412535,0.3415671,0.066585295,0.008949418552396789,0.07123785761567654,0.07117146720313411,0.03490246897668242,0.7667194832959147,0.04701923250615437,2.338523,231
2024-09-08,0.16336955,0.21264146,0.14310826,0.044513125,0.34923434,0.08713327,0.014983482689141143,0.41465986853049336,0.018507598962112928,0.013066401185579167,0.2377112498161578,0.3010714023275823,2.3399982,346
2024-09-09,0.20223628,0.23177922,0.14499547,0.037347462,0.30954617,0.074095435,0.06611615072642346,0.28078641228795215,0.048604860895669455,0.07969009250809903,0.3786954251107623,0.14610704956684295,2.3381474,536
2024-09-10,0.20502281,0.23445618,0.12510255,0.040444527,0.3109434,0.084030546,0.06483917934167192,0.3317170166845814,0.08914165837481168,0.10793727560448228,0.30212738885082524,0.10423749278556266,2.345932,590
2024-09-11,0.17121118,0.20187563,0.156096,0.052419454,0.34218723,0.07621056,0.09881016883524847,0.4554269801139117,0.02773924128843332,0.017894917644931153,0.2776719397196143,0.12245674733717578,2.3556376,542
2024-09-12,0.17050797,0.19656815,0.15777355,0.052868042,0.3489966,0.073285714,0.07089555464611264,0.3492553600712187,0.06645638436510042,0.051069917628486734,0.3956986958178932,0.06662409330820368,2.3473723,770
2024-09-13,0.15644976,0.20432945,0.14940733,0.039275385,0.35923967,0.09129842,0.02506120527553049,0.5504897954667096,0.03701683607805378,0.025119639308974668,0.24315129337010694,0.11916118950293995,2.3258898,869
2024-09-14,0.21376342,0.1673604,0.12946858,0.06432266,0.3416742,0.08341074,0.18800139519789255,0.39254289528744485,0.029444842220905782,0.0918073861131886,0.22124165784357,0.07696184142120707,2.3721752,201
2024-09-15,0.17810348,0.19497918,0.14351614,0.038716126,0.38745788,0.057227205,0.027018389308719054,0.3133603242223281,0.043690585051029046,0.07543514761352715,0.478715971079673,0.06177959167436858,2.2529638,274
2024-09-16,0.1437537,0.22828405,0.13019313,0.0471986,0.34957188,0.100998655,0.02753389894757959,0.3621245072948687,0.08166367146983643,0.08277498502226902,0.2733198603402673,0.17258307309475385,2.3437464,728
2024-09-17,0.13580234,0.24167712,0.13085555,0.052377928,0.3570289,0.08225816,0.03675053592173889,0.15676389214691852,0.045679327990325515,0.040679216222116385,0.670084307330517,0.05004268026937022,2.3200521,716
2024-09-18,0.17662656,0.20108393,0.13424747,0.04640716,0.36229196,0.07934293,0.0823778803377371,0.33806036703273157,0.10864982704122825,0.035097998547809976,0.2818999937901619,0.15391393862456518,2.3223324,636
2024-09-19,0.17266491,0.21134242,0.14947152,0.047811173,0.34745884,0.07125116,0.043189483884441666,0.7597593635943015,0.03009082305016391,0.017521377318573977,0.11759026465742142,0.03184868319560426,2.3324497,582
2024-09-20,0.1560109,0.17679578,0.14582731,0.05054427,0.38547042,0.08535132,0.04856900292894002,0.225075156666743,0.0979524542650081,0.03357336383481118,0.49966648210332587,0.09516352668456571,2.3160093,601
2024-09-21,0.1992421,0.16304283,0.14873792,0.061763715,0.36325753,0.06395592,0.12481721105211493,0.2666277165368411,0.045500910536893,0.14117278563988928,0.3258311755292384,0.09605022004889976,2.3317568,344
2024-09-22,0.25275266,0.23028222,0.12222465,0.03991194,0.2940547,0.060773842,0.10265389946962133,0.15146173387550554,0.04299920537995531,0.02405125739141113,0.5475043703129097,0.13132955915314884,2.310282,244
2024-09-23,0.14838257,0.1754842,0.16113609,0.04760695,0.3787057,0.08868449,0.014646483034046098,0.24542078707765894,0.07898177454974407,0.07330785759673966,0.5004380504503649,0.08720504918962496,2.3229833,551
2024-09-24,0.14459345,0.1930998,0.14542559,0.054689616,0.36622077,0.09597079,0.06845352424610932,0.3479624398070482,0.08889162499506513,0.04449652205961888,0.3472324836003201,0.10296340697778977,2.3505986,498
2024-09-25,0.19629474,0.20737174,0.13868858,0.03524466,0.32952958,0.09287069,0.03798990477423645,0.2763007034198823,0.05953355073724838,0.03954453324193432,0.5179840105841544,0.06864730140087405,2.3432992,871
2024-09-26,0.17451185,0.17858112,0.1477773,0.06555199,0.36250687,0.07107087,0.023901481796921527,0.21851639490313213,0.04571330393972392,0.0632519756487465,0.5262310581085425,0.12238578750722676,2.3504934,905
2024-09-27,0.17261258,0.1609784,0.18395773,0.05839754,0.3543727,0.06968104,0.03676222403799523,0.2648971544765068,0.07488117108338152,0.06226036684134474,0.4568937309681007,0.10430532910758812,2.3484583,811
2024-09-28,0.17714952,0.15796742,0.15513174,0.055186853,0.39211452,0.062449962,0.08089079470378188,0.25583890907993556,0.02754834756842292,0.03269667499569799,0.4335919023838599,0.1694333488980137,2.2900915,214
2024-09-29,0.17410748,0.17871489,0.14906219,0.062056016,0.37700397,0.059055477,0.011757055931525599,0.19505192599464555,0.049061857285616906,0.013401173166770957,0.5296406020147828,0.2010874134491682,2.312883,271
2024-09-30,0.24408272,0.21662138,0.14447565,0.045085095,0.283253,0.06648213,0.05128974227834601,0.5148455446570542,0.0704983553187297,0.038085608991113844,0.272165966009419,0.0531147681542992,2.3549397,645
2024-10-01,0.18362266,0.25028652,0.12980916,0.038855925,0.321545,0.075880736,0.07170059228665498,0.40924436669112824,0.07150737254547773,0.06734566570171537,0.2907881925615636,0.08941381785952258,2.322201,721
2024-10-02,0.18105023,0.22931123,0.14575446,0.057046812,0.32151508,0.065322176,0.06693459500632112,0.3998950484443311,0.043683185063052125,0.03135069655851945,0.41580194727933245,0.042334526252256026,2.3577094,603
2024-10-03,0.17319599,0.21230894,0.15363088,0.055499148,0.33775312,0.06761195,0.08418161365005165,0.28483338980219025,0.11420411487449832,0.01920196822773087,0.3686195023968758,0.12895941537030792,2.3511522,716
2024-10-04,0.1697862,0.20536095,0.15384269,0.061306547,0.3413746,0.068329014,0.087471404204724,0.38051270065211534,0.07145221125542862,0.022844084958919188,0.29605152926036926,0.14166805315496983,2.3595762,393
2024-10-05,0.18016614,0.21740615,0.14150408,0.04607288,0.33606505,0.07878571,0.010656231342802244,0.14364199352746132,0.06221715154828072,0.2536865377392957,0.464337252264822,0.06546085336555293,2.3453777,199
2024-10-06,0.17038573,0.19523397,0.14919516,0.055583663,0.37590075,0.053700726,0.010098733908301467,0.11184679337417915,0.08633174663880333,0.022304187111426333,0.6403827507671026,0.1290357716767239,2.293539,255
2024-10-07,0.13564645,0.23815969,0.1358367,0.037127275,0.37779027,0.075439624,0.020748035284436084,0.37834322758760447,0.0317013954354102,0.06413281452083779,0.38806959005989167,0.11700493510851946,2.2633827,573
2024-10-08,0.14976053,0.19586267,0.16338412,0.049674626,0.36295116,0.07836691,0.04721048841280666,0.4316179310855601,0.05555605565246574,0.04510322522700739,0.3752611358679446,0.04525116706996073,2.3316884,688
2024-10-09,0.19148426,0.20048678,0.14411725,0.04208228,0.35265744,0.06917203,0.07474393320631305,0.3426500384424142,0.0915233834041949,0.034256474435533854,0.4128888254312404,0.04393734642353907,2.313394,765
2024-10-10,0.1687328,0.24600361,0.14159621,0.05022491,0.32277998,0.070662476,0.09302782153465781,0.3879630732532464,0.035266710544507,0.056129863401473905,0.31844779537226336,0.109164758924579,2.3436725,796
2024-10-11,0.15743972,0.21937974,0.149914,0.04512248,0.35381657,0.07432747,0.04608141275649161,0.27826052169935905,0.0904937578630614,0.04580933620485401,0.4381445832706516,0.10121040426318892,2.3212256,687
2024-10-12,0.11987963,0.15693903,0.21351884,0.04880386,0.38079125,0.08006736,0.022029718559877492,0.1544717478270996,0.13649926925596603,0.1791870661646795,0.4005746521486193,0.10723754215787093,2.2965004,209
2024-10-13,0.2586853,0.14827101,0.17022584,0.04527465,0.31916296,0.058380235,0.08817787197361099,0.3998870977742147,0.03102973964509978,0.09290918040954842,0.32248191004792337,0.06551420291026853,2.3150425,300
2024-10-14,0.16814181,0.19754948,0.16386586,0.058863197,0.3320491,0.07953054,0.0521229049107588,0.17710745972508446,0.04611535074339176,0.08539409812179645,0.5155646723807962,0.12369551350137868,2.3814576,389
2024-10-15,0.1634988,0.190761,0.15982448,0.045714542,0.36960432,0.070596844,0.07586127483029752,0.301426672980717,0.0828184349011882,0.028612961856950548,0.4059915445726713,0.10528910021271001,2.3101175,725
2024-10-16,0.15541166,0.20321283,0.14437495,0.04274537,0.37125576,0.08299945,0.05929095575721775,0.28095398176819325,0.07034195651422859,0.10721149987394527,0.39367244370149423,0.0885291652635087,2.3108494,1059
2024-10-17,0.15902385,0.21573153,0.15539292,0.039028145,0.369561,0.061262555,0.050321356024011894,0.2810496174685943,0.04166306599487962,0.07649990364193544,0.45056153185985776,0.09990450341524956,2.2767498,896
2024-10-18,0.2094064,0.20761952,0.13705833,0.04002935,0.33870825,0.06717813,0.05242127732676178,0.3112844692093301,0.08821916714504027,0.1332571017697006,0.35286478224547696,0.061953201219882174,2.3127735,799
2024-10-19,0.20959383,0.15911546,0.16263208,0.056324407,0.35307094,0.059263293,0.01615389242576114,0.30075316416599573,0.04655932745467751,0.15634002328900623,0.31140897799824735,0.16878460446565574,2.326246,229
2024-10-20,0.18555194,0.18219094,0.17898607,0.040843032,0.35265642,0.059771597,0.018597452472314535,0.5018039028902449,0.03802657073540945,0.047163232365387504,0.33581540893771666,0.058593425925361764,2.304369,346
2024-10-21,0.1495152,0.22055726,0.16097243,0.0462446,0.35571936,0.06699116,0.024639867697172357,0.38017531644888874,0.08115410536872347,0.035561097494539215,0.4257756179982736,0.05269399621275903,2.3118603,583
2024-10-22,0.17197718,0.1965611,0.16105177,0.037705883,0.3658908,0.066813275,0.05344547546628544,0.2712726655635418,0.049521627890901164,0.02918913761285487,0.4953654939401691,0.10120560099288133,2.292231,361
2024-10-23,0.16552974,0.15735638,0.13610092,0.03912855,0.42729905,0.07458533,0.024821755928616736,0.3266900233525684,0.050426843087977666,0.06129879114445824,0.4609048524693281,0.07585773405574114,2.2273598,609
2024-10-24,0.1654236,0.20099275,0.1430173,0.057339087,0.36130106,0.0719262,0.02329341714497366,0.42907385847846585,0.027326537737878215,0.1325860924430194,0.3074518566291701,0.08026822458590321,2.3361912,576
2024-10-25,0.15933293,0.20378412,0.17176831,0.04313171,0.3480912,0.07389172,0.029510356433121745,0.5201922191168659,0.042849953389575625,0.03611304863755332,0.27437126975430154,0.09696315505411623,2.329699,679
2024-10-26,0.19645613,0.18746012,0.15669723,0.048180882,0.33937398,0.071831666,0.09424014621458163,0.24585023416805682,0.14455669357199533,0.06063887050141367,0.34525804174162195,0.10945600643992147,2.3458228,282
2024-10-27,0.1739568,0.20916107,0.115027905,0.040058557,0.37421334,0.08758234,0.028696508785322074,0.2525660268869166,0.043684422451744066,0.10576122791630978,0.47384807187777805,0.09544376757620991,2.2942476,199
2024-10-28,0.18999852,0.2700955,0.13155574,0.048535246,0.27911147,0.08070352,0.06714508840279429,0.43675192178508127,0.048988741478216614,0.04646739284896654,0.2764862588650627,0.12416059407949222,2.3690236,364
2024-10-29,0.22403884,0.21231897,0.11760829,0.056549765,0.3156324,0.07385173,0.0838620375199048,0.6265614657530812,0.043551013596244297,0.06234665712637249,0.16111703916913842,0.022561813922988037,2.3584623,673
2024-10-30,0.12009785,0.21877941,0.1558886,0.054392796,0.3724776,0.07836374,0.035853378502864665,0.35119355593624874,0.09729036008250558,0.052348524950116576,0.422945311482347,0.04036886153743319,2.3119428,552
2024-10-31,0.17844702,0.23980892,0.13817076,0.038324505,0.33752078,0.067728005,0.048063417418463136,0.3133948282732872,0.08928493020868901,0.02158648514883546,0.4535215801502446,0.07414873863908104,2.304537,536
2024-11-01,0.17579119,0.18637373,0.15141267,0.04857957,0.35537726,0.08246561,0.07747921010829158,0.38824154793636506,0.06320740447623405,0.03399425895625322,0.3214575688398152,0.11562000105080597,2.3442657,606
2024-11-02,0.13251583,0.2064938,0.14293547,0.026662385,0.396542,0.0948505,0.05547226776788334,0.20330829991709912,0.049205402889265996,0.08735528360981296,0.4699902136339609,0.1346685381805946,2.2483943,316
2024-11-03,0.1693405,0.17000304,0.13460751,0.03318078,0.41264156,0.0802266,0.009015167618274377,0.16830204661542025,0.06299832942071897,0.009616322953604066,0.6461550720455388,0.10391307007615584,2.2398832,90
2024-11-04,0.12651293,0.23083173,0.1631377,0.0389277,0.36809963,0.07249032,0.07365994169981165,0.19991624399000665,0.1081679738798473,0.03068018659717443,0.45140445193189715,0.13617121644057317,2.2798057,204
2024-11-05,0.21221045,0.19440112,0.12772167,0.041731525,0.3432527,0.080682576,0.13326168466433735,0.3378690279336386,0.05944928754174171,0.02576452125574062,0.34742346933350354,0.09623201768258442,2.3269107,486
2024-11-06,0.19154279,0.1775895,0.1541291,0.05232783,0.34697556,0.07743522,0.047336101073655004,0.2817733757024366,0.057760383046438664,0.11046988990915728,0.38936064682132177,0.11329959063372073,2.3536832,788
2024-11-07,0.14946856,0.2378447,0.13751823,0.058264323,0.33134237,0.08556182,0.04488786868756372,0.3393015372008636,0.06409242524184754,0.09843338487525308,0.3819733534009273,0.07131143040495332,2.3667307,760
2024-11-08,0.157441,0.21529453,0.1507806,0.06208781,0.3395008,0.074895255,0.028798622014596802,0.24942892210391476,0.051097637147217885,0.12555613618356393,0.488205497833414,0.056913166678246495,2.3665683,646
2024-11-09,0.24130559,0.14771885,0.1487631,0.069141716,0.3101276,0.08294315,0.03656272859061133,0.23075965934606682,0.051035345470261936,0.12359562515983462,0.31598079600148127,0.24206584454785965,2.3996663,317
2024-11-10,0.14891753,0.14728881,0.14111345,0.0665375,0.39460596,0.10153676,0.054401914049563536,0.2823405181737922,0.06564326385785664,0.15159443533097514,0.4069038048617163,0.03911604784866686,2.3393688,225
2024-11-11,0.16375023,0.20806944,0.13371712,0.05107131,0.35324413,0.09014775,0.10267510543325271,0.4588138293648924,0.050613181347752,0.034278870936196984,0.2567523422926402,0.09686666631794141,2.3492846,734
2024-11-12,0.17288265,0.20402257,0.1310002,0.046714883,0.34778565,0.09759404,0.08009871425911079,0.29233181519379603,0.07476505015754001,0.09607665611392903,0.37282599692806717,0.08390179737782306,2.3538055,668
2024-11-13,0.1710538,0.18496284,0.1450095,0.044685096,0.3700067,0.08428207,0.08660354659268396,0.361727059784018,0.08233807376676765,0.054330118459611706,0.3615194674757893,0.05348173080713805,2.3219194,811
2024-11-14,0.17418954,0.18912423,0.13015702,0.05828934,0.35215548,0.0960844,0.05042905017484716,0.3627669038726778,0.05145365704380715,0.015405243747185802,0.3676165661253498,0.15232857451537846,2.3704383,681
2024-11-15,0.1969237,0.2073673,0.16140383,0.040960476,0.33005044,0.06329427,0.01902648832627178,0.33757905730546356,0.0687213739926284,0.036681297051156705,0.4783507960754226,0.059640977356162486,2.3256772,566
2024-11-16,0.15036489,0.20403108,0.16138569,0.073420815,0.30738673,0.10341082,0.019742791964975297,0.1840773992863224,0.03893188829083327,0.319984769232359,0.36838339126657643,0.0688797627655396,2.441839,344
2024-11-17,0.16632852,0.15954335,0.14291194,0.083289415,0.37110046,0.07682631,0.011347621779240103,0.11699567378556833,0.055742845842829465,0.16194576087220364,0.585632589959567,0.06833554001658644,2.3678343,291
2024-11-18,0.15051466,0.17527008,0.15811303,0.052278478,0.37626025,0.08756346,0.04662112965273824,0.21614989896538422,0.05194349343618887,0.0727921689238144,0.4900375684516352,0.12245574071359822,2.3331244,562
2024-11-19,0.15731215,0.21244818,0.1404751,0.038112983,0.37034538,0.08130619,0.02314014402041035,0.3076407181709267,0.1106038524510945,0.029688524983612494,0.44356941404850564,0.0853573354534486,2.2970521,917
2024-11-20,0.16623251,0.20481776,0.14145884,0.040818848,0.3713554,0.07531662,0.04560782018919459,0.3850830350931137,0.042469683781013116,0.022039019935328526,0.43669561806533225,0.06810482081635386,2.298077,664
2024-11-21,0.16650176,0.19562435,0.15799543,0.05550172,0.3422195,0.08215724,0.05811820007914095,0.28205398871642834,0.0714127700573243,0.0744563308081004,0.44923319954949426,0.06472549373448645,2.368845,957
2024-11-22,0.15392624,0.22400111,0.13914977,0.04847081,0.34753177,0.086920306,0.029115429086567845,0.3179296527122551,0.04569071857099959,0.05618048218017156,0.49254405190028194,0.058539656039244534,2.3428547,744
2024-11-23,0.13961455,0.20827116,0.16202156,0.03890774,0.3474783,0.103706695,0.045095401365464936,0.25820264620276157,0.03419269173129105,0.04181752007679391,0.368268823119925,0.252422900602663,2.3446164,340
2024-11-24,0.124253124,0.23981458,0.12525097,0.049228616,0.33507177,0.12638095,0.07278150339804892,0.5695138785999856,0.026594018500102064,0.012327565273855482,0.2725586280910473,0.04622438696858757,2.3628123,249
2024-11-25,0.17763346,0.23423697,0.14617047,0.04158165,0.32578298,0.07459445,0.06809300872186463,0.32408738412788235,0.08620591495738819,0.014535904948748927,0.383531256034159,0.12354653193260581,2.3360803,585
2024-11-26,0.1465286,0.22263639,0.12507284,0.053919338,0.3612664,0.09057643,0.06176378319716046,0.18038837707655997,0.06242388284736108,0.048706885750707724,0.4893308995822643,0.15738616198817407,2.3352518,811
2024-11-27,0.18925537,0.21464482,0.14590678,0.047390316,0.3354319,0.06737083,0.024454079240183224,0.6187967568661222,0.051356439179761494,0.06881693744859091,0.175481085532227,0.06109469353630259,2.3354683,1002
2024-11-28,0.13704227,0.20595776,0.15182324,0.051434446,0.37905166,0.07469065,0.05724540689485402,0.3425321546156304,0.07788258574706529,0.08685633777113673,0.33974597781544635,0.0957375522719785,2.3055823,534
2024-11-29,0.13259345,0.20295796,0.12749985,0.05078314,0.38684994,0.09931564,0.036002430730626506,0.17548611033577252,0.0767465586684207,0.05291397884850916,0.5473487853590389,0.11150213944760509,2.3116012,1324
2024-11-30,0.16000456,0.25359994,0.11039482,0.025516497,0.37015742,0.08032676,0.026540392419335576,0.44149421004891176,0.03386474700566726,0.11545547171081917,0.31273568452337486,0.06990949136215095,2.2339635,294
2024-12-01,0.1625963,0.19395034,0.14420669,0.033068478,0.3797474,0.086430795,0.185860738663184,0.1715726625759639,0.03844920993908893,0.11765781914568935,0.44716139910460734,0.03929815932312277,2.2863307,462
2024-12-02,0.11730911,0.24148329,0.14876415,0.043928344,0.36457458,0.083940506,0.018566965294561415,0.19824624476366567,0.08308301422455008,0.03336766193272101,0.5746291162409275,0.09210699401261328,2.2954748,649
2024-12-03,0.17231014,0.23951253,0.1477413,0.04047804,0.32841957,0.0715384,0.062017533456481394,0.3784298290107728,0.06680208149137137,0.09887376145880643,0.2950548041384393,0.09882198243951895,2.3256307,417
2024-12-04,0.12852456,0.20141672,0.1472904,0.062220473,0.36471158,0.0958363,0.019630549310382436,0.32219225865361445,0.0568917952816283,0.09578576506652761,0.33196401631193073,0.17353562444271525,2.3572881,499
2024-12-05,0.15416206,0.20086627,0.14728716,0.054534383,0.34495017,0.09819995,0.06311645766799578,0.19323833089037484,0.0480641825620101,0.09031787788570617,0.48228945157001585,0.12297370313821086,2.375327,698
2024-12-06,0.16969742,0.18610057,0.14624296,0.061991904,0.3706024,0.06536471,0.04907913328137369,0.3052275258228696,0.06507449381799933,0.07539564644529022,0.38532994662042724,0.1198932353020221,2.3279681,586
2024-12-07,0.15166138,0.23095034,0.1444752,0.028610213,0.33736685,0.106936045,0.04812663548873435,0.31060126225395945,0.06563320537294098,0.024499524516558107,0.2681327140024053,0.283006657207861,2.3246777,150
2024-12-08,0.19307396,0.21105811,0.14646785,0.07083901,0.3001968,0.07836428,0.029196393483319746,0.21582592496629502,0.03121021007031161,0.02239471628811091,0.5444477710705268,0.15692495118657201,2.4172964,422
2024-12-09,0.20129661,0.22105044,0.14858472,0.057643015,0.30463314,0.06679208,0.08213899307159059,0.3224837014048343,0.08353633482645126,0.11240504552575177,0.262129440985722,0.13730649217651877,2.3760417,680
2024-12-10,0.16962212,0.23584421,0.1477934,0.045436855,0.33782792,0.06347549,0.10839160460242114,0.2984071693205541,0.08815554106439677,0.04032356388731766,0.4087718042170995,0.05595031969568338,2.3174005,744
2024-12-11,0.17925614,0.24171796,0.13334757,0.047235634,0.31031808,0.08812461,0.08206838924308968,0.24198347044280547,0.07043896007646964,0.08460974268669139,0.4449263371803927,0.07597310633614972,2.3680425,507
2024-12-12,0.19204327,0.19772534,0.17027569,0.053463966,0.31817123,0.068320505,0.0774449977360041,0.14495966632463303,0.07809943315810046,0.1641882441417985,0.4508772599647398,0.08443037580939054,2.3704834,629
2024-12-13,0.19236267,0.21479541,0.16321714,0.036642604,0.3191726,0.07380959,0.06217897139100137,0.29102571808528094,0.07535292732089538,0.018893418872556033,0.41636988794143076,0.136179080745795,2.339107,554
2024-12-14,0.20173535,0.21240655,0.14449722,0.033523325,0.3461544,0.061683167,0.07695604684504363,0.18234306810181747,0.034836433615480486,0.1333016852965943,0.3034002876373781,0.2691624794478751,2.2858431,339
2024-12-15,0.15351674,0.18787637,0.1992464,0.03671688,0.35061842,0.072025165,0.019306745154936772,0.12134998239506853,0.028478814057199923,0.11492582864106086,0.4102564013849346,0.30568222645477666,2.3104932,424
2024-12-16,0.16803095,0.2025669,0.1442751,0.061697982,0.3540461,0.06938296,0.08738377836350049,0.2734281582171055,0.05724576520314313,0.08292274398779546,0.4362066523118454,0.06281289731361274,2.3473454,475
2024-12-17,0.14568973,0.19302708,0.1786516,0.055218976,0.35573226,0.07168036,0.03877498656334002,0.34747004612153237,0.06021115565224172,0.06394160272067813,0.4479925934299132,0.041609606297146925,2.3406,525
2024-12-18,0.14189425,0.20502037,0.15364508,0.051191267,0.36398637,0.08426265,0.04432582027702387,0.3578361639343679,0.06592636022189689,0.0627479945686398,0.34070430589845213,0.12845935244000856,2.334585,683
2024-12-19,0.15919635,0.2161861,0.13394701,0.0668269,0.33402756,0.08981606,0.1397829205273304,0.2601017356694286,0.07329531404324864,0.03051869288482287,0.4126134994679954,0.08368784220193153,2.3897798,776
2024-12-20,0.14886889,0.21904495,0.11559373,0.06386373,0.36774188,0.084886804,0.08799358868767232,0.456653581085122,0.04140964079453653,0.023865438519378036,0.3023814776490067,0.08769626460934338,2.3350224,805
2024-12-21,0.17760243,0.16471495,0.14267375,0.040933765,0.3925286,0.081546515,0.015772421583805023,0.2153348782002972,0.06264746843724125,0.09912502355310594,0.5575272801025808,0.04959291583933184,2.2853847,266
2024-12-22,0.2526849,0.1706247,0.15020928,0.0353386,0.30581215,0.08533039,0.01203080571873134,0.13650006770582906,0.026128326782112327,0.07938766988900521,0.48319207726138363,0.26276104021956054,2.3437066,388
2024-12-23,0.20312937,0.20842151,0.1333781,0.03908395,0.3454636,0.07052346,0.05642608736698433,0.28858037292388805,0.05829015325036951,0.03821496673727249,0.4567735577448209,0.10171484854390464,2.3086345,594
2024-12-24,0.169372,0.19438396,0.16003332,0.05040667,0.3453326,0.080471456,0.011551830132617178,0.14796079252940775,0.06669159965606682,0.12126278252833927,0.5082310074422752,0.1443020049756056,2.355805,457
2024-12-25,0.14608929,0.19116145,0.1309718,0.045566916,0.38688314,0.09932741,0.08634441460765739,0.25644332741377895,0.07623430543771692,0.053040129150741605,0.4498475513627851,0.07809026006397046,2.3098423,589
2024-12-26,0.16146871,0.19446543,0.12473426,0.07100823,0.35955274,0.0887706,0.016665637207066153,0.06359040460496393,0.07450886814006993,0.13330878684702485,0.5791350399341407,0.13279125047712495,2.3704686,496
2024-12-27,0.1736802,0.20394547,0.15365726,0.053048704,0.34325367,0.07241468,0.012420084898951222,0.17774039897081448,0.09808942884176597,0.02618223838089234,0.49358402705416293,0.1919838062627905,2.350182,668
2024-12-28,0.26863664,0.21103144,0.12211741,0.03378066,0.30794904,0.05648478,0.05785438882490269,0.2576145016263453,0.037797876771640024,0.1719708162708361,0.39387686486226076,0.08088557389084274,2.2760966,251
2024-12-29,0.19529793,0.20930044,0.12743,0.056397326,0.33670688,0.07486746,0.01884718990921804,0.37171979074904954,0.04615852640473402,0.01991174011485807,0.47204222420415254,0.07132053579486389,2.3538704,219
2024-12-30,0.19389132,0.17996542,0.1806666,0.06290846,0.315175,0.0673932,0.17106279874750507,0.3583310415123592,0.05110208022159283,0.13065402690557015,0.22735996043220044,0.061490096867197544,2.388441,209
2024-12-31,0.0970696,0.11562083,0.15596469,0.13961087,0.42057177,0.07116224,0.11917078903957969,0.30791298576418424,0.01663843119680081,0.3260212973815537,0.1344791077373512,0.09577735763678905,2.298019,424
2025-01-01,0.14715943,0.15400797,0.11843957,0.20251465,0.32669327,0.051185094,0.011288187921497023,0.1625983943268739,0.16355309565759657,0.0891260476024567,0.5542795678394167,0.01915465462131099,2.400358,161
2025-01-02,0.18693449,0.16236925,0.20606515,0.0723338,0.31153157,0.060765725,0.16747999575569442,0.44937699013798754,0.03694685206624317,0.014812312413533578,0.24806035270252375,0.08332348996928464,2.3914764,99
2025-01-03,0.10858597,0.16241921,0.18237181,0.077639006,0.38532558,0.08365844,0.00781685034154249,0.10235379719842451,0.13307442311730366,0.12699251896528094,0.36823264901630604,0.2615297717837343,2.337292,172
2025-01-04,0.20785007,0.18058717,0.15781496,0.04341957,0.3326168,0.077711426,0.033427380097279046,0.3768741108598709,0.04885853041568806,0.07667487085854575,0.3966672644598452,0.06749783141219955,2.3484879,149
2025-01-05,0.2032264,0.24096943,0.12841992,0.044952128,0.30917817,0.07325394,0.014174949481754783,0.3441594190931571,0.18003319708964594,0.08811010855712557,0.26259083154051643,0.11093150176352977,2.3431818,409
2025-01-06,0.20039093,0.17554498,0.13931856,0.05652364,0.34119987,0.08702203,0.013696874120074008,0.15774629138670446,0.1576317123200264,0.1869441256892303,0.4080947133611991,0.0758862702748579,2.3716507,424
2025-01-07,0.18833736,0.18839501,0.13774501,0.03922363,0.35650665,0.08979234,0.011568559505557961,0.126327256116879,0.05093291051882378,0.12126641753744469,0.5430306825281095,0.1468741564375455,2.3272297,312
2025-01-08,0.18056387,0.18559323,0.12712465,0.045688156,0.37616795,0.08486211,0.01949666947396991,0.3161785749432233,0.07840327114076162,0.17610947048733372,0.324551261038949,0.08526074438330226,2.3111334,275
2025-01-09,0.13158228,0.1824266,0.13684624,0.053270284,0.39395216,0.101922445,0.05431734884164676,0.32820508490901945,0.059480542100087866,0.0148197977941255,0.418412117357416,0.12476513316288888,2.31603,374
2025-01-10,0.13682969,0.16101107,0.16765523,0.041283026,0.41430065,0.07892035,0.023566390949044343,0.28906106131168197,0.08455179412427931,0.17209340795211522,0.2702326259984575,0.16049472255397254,2.2544513,501
2025-01-11,0.109051965,0.1795572,0.15817349,0.12747261,0.3490054,0.07673936,0.03119334930832133,0.1809507738417959,0.044459409021597805,0.031046821536358123,0.5868312044452502,0.1255184259810135,2.4073646,223
2025-01-12,0.16538875,0.15650584,0.18751943,0.04467822,0.37950364,0.06640413,0.03933738237435447,0.17726532900252454,0.08605531128393235,0.022017771035248403,0.6077108339556753,0.06761337416781557,2.2916005,224
2025-01-13,0.123692274,0.1911444,0.12695321,0.07927739,0.38399366,0.09493909,0.06009905020229259,0.5399069895600268,0.04562022789632243,0.025126462436118758,0.2518245081488088,0.0774227715852303,2.3499289,324
2025-01-14,0.1368797,0.18990956,0.13202444,0.04945573,0.39555,0.096180566,0.01372502294366662,0.28486824470180033,0.0885414914714724,0.06372017099148512,0.45942490774942046,0.08972017625248996,2.3022168,349
2025-01-15,0.15996137,0.17824921,0.13042499,0.07992934,0.36065483,0.09078026,0.08096349535596561,0.18174418836665518,0.06547836670404221,0.2749064168133982,0.32811296080129077,0.06879457147900647,2.385963,330
2025-01-16,0.14829837,0.18599318,0.13938242,0.06555914,0.38074028,0.080026604,0.03209451055545744,0.2702081408479187,0.051816645713664844,0.09168559977991109,0.440085910533966,0.11410918862464968,2.3356225,390
2025-01-17,0.15001252,0.19238707,0.18560714,0.06714961,0.337393,0.06745065,0.023551534291612622,0.2440994425899026,0.06179077572013621,0.15470372101212038,0.42727182623677984,0.08858268804359583,2.3719008,442
2025-01-18,0.15043591,0.21677616,0.1306216,0.025145479,0.38485813,0.09216273,0.0344809151727878,0.2899718368308935,0.079598639345499,0.09809993992178438,0.44413678565421777,0.053711866830648054,2.2536335,315
2025-01-19,0.17028685,0.16442606,0.13302608,0.046142973,0.35980278,0.12631527,0.08982566615022412,0.18127586965177106,0.08805673787300904,0.0938855896405918,0.41921482461475273,0.12774129132060005,2.362705,813
2025-01-20,0.16400567,0.16978934,0.15039462,0.04311959,0.37146753,0.10122325,0.09994207752084598,0.1951811076798912,0.08235007765796896,0.027278108646928204,0.44324086818213737,0.15200775150045767,2.3339264,1228
2025-01-21,0.18987106,0.15511079,0.16072921,0.04660859,0.35581222,0.09186811,0.1026856025628701,0.25951830225593303,0.06508656880083441,0.02775455712336452,0.43751014550942996,0.107444841038092,2.3490613,746
2025-01-22,0.18111853,0.19369316,0.1572059,0.039099894,0.35684827,0.07203426,0.10938640948354558,0.26809131953170806,0.12292648919386939,0.05614956839615914,0.4029877074786777,0.04045848785529932,2.3115146,557
2025-01-23,0.19913305,0.19757473,0.14134727,0.040601928,0.34036642,0.080976605,0.0745591038716008,0.28747177692306186,0.08469030121780287,0.036969912070551794,0.4084388488962817,0.10787006165341825,2.3353705,707
2025-01-24,0.18008065,0.19240732,0.1475613,0.049687415,0.35650936,0.07375393,0.09511577561705183,0.2112415369139361,0.10082876380610781,0.08876438298175889,0.3754470690604252,0.12860247649789738,2.333325,699
2025-01-25,0.19298077,0.16578597,0.15630655,0.05985487,0.3521142,0.07295764,0.01803005910631052,0.3176381958858771,0.026538816345031708,0.24564645193953666,0.2281428615497308,0.16400362871257018,2.3553138,286
2025-01-26,0.2564547,0.16374093,0.1141663,0.038425323,0.3530218,0.07419093,0.010160420301837583,0.10081032923273568,0.13696014000390028,0.021085722924310962,0.6178733524648753,0.11311004915944695,2.2777338,154
2025-01-27,0.18428324,0.1838738,0.160794,0.05447074,0.33162883,0.08494939,0.05459484457494743,0.40985191772727764,0.06348132181958702,0.030474459314630286,0.34178248423588364,0.09981497654187205,2.3818095,778
2025-01-28,0.1513173,0.16953194,0.15060504,0.05382081,0.38994154,0.084783375,0.2441536061135941,0.5284102611575777,0.027156820756740512,0.01848438555647152,0.14352154349749655,0.03827337832368771,2.3161616,463
2025-01-29,0.14527424,0.1834014,0.15569751,0.046400297,0.36781517,0.10141137,0.0564686242716566,0.26330991323258734,0.1178780785902984,0.04733352541323147,0.4032719273953021,0.11173792300768758,2.3419628,490
2025-01-30,0.20923407,0.20392428,0.13798329,0.033632845,0.34073034,0.074495144,0.03941854597749104,0.2549394434524761,0.09042175826452485,0.03744135728257846,0.4776594676254933,0.10011942927185354,2.3072267,499
2025-01-31,0.14883003,0.17280592,0.14621156,0.04348539,0.4118177,0.07684941,0.06005119281066593,0.29334260330007395,0.048951646844891596,0.072385331213712,0.4615907529147515,0.06367847045831321,2.2605507,601
2025-02-01,0.174022,0.18633842,0.1592802,0.035577003,0.37373358,0.07104878,0.023456659695524885,0.26491966956388785,0.03331296693900555,0.019922892890291234,0.4362404314978793,0.22214739526464747,2.2857876,428
2025-02-02,0.1700807,0.19713661,0.1382671,0.06638042,0.3627408,0.06539435,0.21970499390021983,0.5524699915949288,0.022183912743003343,0.037953855661600894,0.11697873019702346,0.050708469522162,2.33894,397
2025-02-03,0.16205686,0.26263842,0.13376862,0.038854085,0.3203288,0.08235323,0.0985542673520265,0.48735018893722076,0.04324961751227192,0.02569938069011102,0.24137464432007247,0.1037719064207177,2.3250813,654
2025-02-04,0.24351789,0.19709204,0.14942467,0.032779504,0.3200872,0.057098713,0.11523868593359032,0.3620632710246538,0.07764310453702289,0.019538731570027657,0.2917975338044687,0.13371866896299928,2.2913918,768
2025-02-05,0.19551189,0.19694129,0.16181529,0.039442495,0.33864656,0.067642465,0.06430704889774216,0.37695593092821916,0.08413797624432787,0.017811761546087188,0.37446001440713705,0.08232726455991228,2.3230448,475
2025-02-06,0.16990323,0.18761215,0.14274554,0.046092525,0.37601528,0.07763126,0.033509364739853234,0.21281236722588473,0.05439535614839986,0.07172577720249859,0.5477985479248959,0.07975858590661887,2.309778,592
2025-02-07,0.15206903,0.17832515,0.14646891,0.046780113,0.3887245,0.08763226,0.06365810163490133,0.33541123650189686,0.06074781560478134,0.04718015561599847,0.39092306829739526,0.10207963279445538,2.3070588,558
2025-02-08,0.18530996,0.19656317,0.12981854,0.05117178,0.36701098,0.07012557,0.740947380429556,0.08381875211046451,0.022150696904658918,0.03324152898671912,0.10509460474133694,0.014747139130952531,2.3134065,303
2025-02-09,0.122193694,0.15405457,0.12942041,0.034080084,0.45847237,0.101778835,0.015882211865208957,0.4300846004453336,0.03648403999108835,0.01579266868404695,0.4233882947181488,0.0783681591010079,2.1855454,210
2025-02-10,0.17607358,0.19466577,0.16502433,0.066231355,0.32479537,0.0732096,0.31783294319312955,0.41802149660670984,0.02770085010597936,0.01820400829496381,0.1717760137842582,0.046464606648067105,2.392193,421
2025-02-11,0.16422471,0.19164073,0.14272901,0.047025155,0.3709018,0.08347854,0.06053680638061827,0.32982927526616496,0.06856252732491719,0.03431442367786516,0.4024428710865644,0.10431409481367215,2.3228464,651
2025-02-12,0.17135353,0.19818243,0.12655897,0.058692988,0.37653357,0.068678506,0.08971479134282585,0.3942094480030567,0.052222502607322814,0.10897219473558387,0.2897793695595242,0.06510170492072931,2.312335,603
2025-02-13,0.1989702,0.23776205,0.1364847,0.053375233,0.29985216,0.07355566,0.09701914488675918,0.2430084684963242,0.07848839402523726,0.05000542029845963,0.4171931871708848,0.11428539464567213,2.3720012,497
2025-02-14,0.15433146,0.2000046,0.11374342,0.047892675,0.3884496,0.095578246,0.013990228505393509,0.3035788285304815,0.027824962806725504,0.12904628334739815,0.33702896861106124,0.18853071228007182,2.3007944,755
2025-02-15,0.20184322,0.19143751,0.16422738,0.025561305,0.34483343,0.07209717,0.09442472701890949,0.21696699080105747,0.027477999408154364,0.09378066269827795,0.38058278012152374,0.18676683456717902,2.2890189,266
2025-02-16,0.23572198,0.18446438,0.15224166,0.030518696,0.33248368,0.06456962,0.0835156808424886,0.37131123064443217,0.03692471132093259,0.018199814644939912,0.42805772609892356,0.06199082652648562,2.2917757,409
2025-02-17,0.21505544,0.22929586,0.13236488,0.039979223,0.3209622,0.062342387,0.12745157065874357,0.4134097259397929,0.06435530682643359,0.05912484931336953,0.2371466323746929,0.09851192466307666,2.3116863,411
2025-02-18,0.2064253,0.19660002,0.13318457,0.034142137,0.35650885,0.07313914,0.05833140191294618,0.34633065818078357,0.06234460488687903,0.014832871463203286,0.3962531009374503,0.1219073741683625,2.2914116,512
2025-02-19,0.21898586,0.19922677,0.1507456,0.047501568,0.33099064,0.052549575,0.0736896426050467,0.2622561650307857,0.061426853008956186,0.03627706302777796,0.4858682512813066,0.08048203750254328,2.3151603,357
2025-02-20,0.22461642,0.22359507,0.13018915,0.04590025,0.318731,0.056968093,0.060619421209609455,0.3411968693041185,0.06077812095053437,0.04897205823667265,0.4350887859169052,0.053344762769794704,2.315361,539
2025-02-21,0.2354608,0.26606783,0.10808572,0.030549891,0.29501784,0.064817905,0.03007586525025958,0.2858868105213409,0.05069672271213217,0.07025023962920693,0.4725574962765179,0.09053285619280164,2.2756066,473
2025-02-22,0.17862543,0.21478696,0.1525859,0.053103063,0.32037053,0.08052811,0.38185513566369056,0.4104646474031945,0.019496514922341054,0.027149928168841566,0.1009377653657864,0.06009599392775469,2.3780305,338
2025-02-23,0.1994428,0.23131204,0.13826232,0.07032247,0.3035211,0.0571393,0.09267828029914714,0.26632616228810413,0.03901502942036561,0.0803651770896357,0.41345327375672325,0.10816206454515363,2.3744903,345
2025-02-24,0.19718902,0.22604457,0.11997043,0.048357356,0.32150286,0.08693576,0.06409814684015429,0.6755662975977663,0.01632963306422412,0.023890580510102247,0.16517890274267466,0.05493648065207447,2.3578553,632
2025-02-25,0.21314034,0.23842554,0.13530108,0.04706574,0.28503284,0.08103442,0.06130120234418423,0.39415909894605367,0.02474271718164485,0.15675975204891082,0.25525156494311985,0.1077856665520051,2.3763666,552
2025-02-26,0.20055275,0.19582322,0.1376038,0.031914804,0.36388677,0.07021865,0.11156484074830249,0.3375072399628797,0.049893656478757695,0.024738457009929906,0.3702989966680677,0.1059967942189731,2.27765,478
2025-02-27,0.21626177,0.23688927,0.13347228,0.04821743,0.29808715,0.067072086,0.04602952267208135,0.28753770490794667,0.059147839649531755,0.10383510167130525,0.4081505439691522,0.09529928839140553,2.350624,582
2025-02-28,0.18911627,0.19100183,0.13543904,0.049778067,0.34972057,0.08494422,0.04913321217104344,0.32775716933946997,0.09558616184574005,0.03316324459408674,0.4432836172394028,0.05107658842428265,2.348916,825
2025-03-01,0.16228187,0.17215285,0.20921153,0.08217134,0.3085555,0.06562688,0.06649940747776072,0.3263666345247413,0.0509173100197221,0.12411782540573472,0.38101368299873306,0.05108515168788698,2.412447,148
2025-03-02,0.22453065,0.18082969,0.15178463,0.045575123,0.3264628,0.0708171,0.19186374768924677,0.22250099231596734,0.02888935121109253,0.17548738067959557,0.28361646650955347,0.097642034962133,2.3436763,408
2025-03-03,0.24780177,0.21418332,0.12646492,0.041115485,0.28692675,0.083507776,0.11081985849508581,0.3551950908386945,0.040967450522136795,0.015919739812915504,0.3312496437465794,0.14584820782586588,2.3574257,579
2025-03-04,0.18574299,0.21295233,0.13426985,0.058401857,0.33238453,0.07624846,0.045919572716432024,0.3667776191196124,0.07809066739221003,0.08239707523428978,0.321300926807493,0.1055141307978807,2.36586,468
2025-03-05,0.18581805,0.26386258,0.12059268,0.06406464,0.2788543,0.08680775,0.07655032304296559,0.39410154774459305,0.04300578040761439,0.016029379258320875,0.35880637778415764,0.11150659602331918,2.4002037,427
2025-03-06,0.18449543,0.21354446,0.1353596,0.05485613,0.34728327,0.06446108,0.13591519624567563,0.5152756407753886,0.030087323131578657,0.025815823486824832,0.232511974621197,0.06039399344425712,2.3306503,553
2025-03-07,0.24537753,0.18808405,0.12926473,0.052253004,0.32447964,0.060541075,0.07801546158928432,0.3486668082826455,0.06951916997848033,0.02841498080931549,0.4053651887574779,0.07001837842896982,2.3266327,573
2025-03-08,0.1652422,0.16787477,0.14913675,0.07893616,0.38025776,0.05855235,0.014029986499972356,0.2844206390539805,0.03900791286021952,0.28529785017726245,0.33045569756345733,0.04678788399122401,2.3301342,281
2025-03-09,0.18062058,0.1361978,0.1414303,0.0757632,0.38202712,0.08396098,0.02507907074905182,0.2880449652398759,0.03646252299602351,0.07167974411870812,0.4952343305594964,0.08349936101019784,2.349231,203
2025-03-10,0.17032528,0.21975,0.13397096,0.06255126,0.32759967,0.08580285,0.052345166485189464,0.3851895244976296,0.07551603935257534,0.05246034573321164,0.3444238332087466,0.0900650738316868,2.385403,588
2025-03-11,0.16087121,0.22354078,0.12859035,0.048500594,0.34980658,0.088690475,0.04797692191989549,0.4210172442728384,0.08465429220881877,0.02867676148470713,0.28632223146291275,0.13135253393323815,2.3395495,449
2025-03-12,0.21940102,0.19352676,0.16023915,0.055431943,0.3145107,0.056890413,0.1095093576438354,0.3142904290583029,0.06684657929738644,0.05463492802069395,0.35132662100305784,0.10339207939061461,2.35344,513
2025-03-13,0.14043777,0.2447151,0.15768714,0.053986624,0.32461783,0.07855553,0.07775400765652196,0.2897141458328295,0.09190762867936059,0.018769948498257687,0.37807816902842156,0.1437760956164316,2.357484,350
2025-03-14,0.1769591,0.21726139,0.11574838,0.05682327,0.3389224,0.094285466,0.023270420826364525,0.3998051142133246,0.040873095415317216,0.07719829021519972,0.3332555528021444,0.12559752198399848,2.3660994,553
2025-03-15,0.15894297,0.18817669,0.13772123,0.05003921,0.38631424,0.078805655,0.015229317644708364,0.3209645468015348,0.029577558138446567,0.142812732905915,0.3483116101873608,0.1431042344684565,2.3042831,234
2025-03-16,0.14536192,0.1862849,0.14428782,0.055777445,0.39146438,0.076823525,0.02825831579987947,0.33417480823424045,0.02879622999059836,0.026902061150955323,0.4296893123024867,0.15217926089644,2.3054237,214
2025-03-17,0.19003396,0.22128966,0.14200932,0.06680274,0.3069798,0.07288453,0.02495429205962808,0.7332440018959802,0.034978318144911494,0.030678437607021488,0.14001717306028447,0.03612776630492181,2.395871,485
2025-03-18,0.14250658,0.23401138,0.14585462,0.055844568,0.3463121,0.07547074,0.023066429993936134,0.2715692463614776,0.06091723794738378,0.07600527360189066,0.40963842698194664,0.15880340199229695,2.3396108,544
2025-03-19,0.16435857,0.23814969,0.14638029,0.048612308,0.32870126,0.07379791,0.06226055264509254,0.23331530160236635,0.04705280736212202,0.06568425178612382,0.37771083226481755,0.21397626030823938,2.3441365,351
2025-03-20,0.22362548,0.20066118,0.15725681,0.048792448,0.31851518,0.05114888,0.05777905997289595,0.2536488246962948,0.09479580975728084,0.03978770763048936,0.45381901936427305,0.10016958255501492,2.325587,549
2025-03-21,0.16003174,0.20772082,0.13519551,0.042704623,0.35518783,0.099159494,0.020795864134870615,0.1938578322362655,0.04645551015176448,0.012549039963199003,0.5023169680825527,0.2240247716876928,2.3396199,551
2025-03-22,0.1859325,0.26436487,0.13717258,0.031178849,0.31262687,0.068724304,0.032463076361666274,0.32386276431214017,0.04610634138699336,0.03126876588595405,0.4769865320547163,0.08931251722479701,2.2977436,257
2025-03-23,0.17212352,0.19078122,0.15710984,0.038236458,0.36618772,0.07556123,0.007755638659015326,0.08259299017412979,0.07991602320155047,0.009965007211360333,0.5580486316707359,0.2617217154836644,2.3047504,407
2025-03-24,0.17278631,0.2203909,0.1245528,0.0484618,0.3513702,0.08243799,0.03954999970392232,0.2687494095277048,0.09484729153847708,0.01607422926918155,0.4337102998022937,0.1470687698590133,2.3314724,482
2025-03-25,0.13452,0.21610479,0.14314583,0.045691937,0.38142806,0.079109386,0.04389365197310378,0.20901065328347174,0.0729201324655442,0.0858276930924919,0.4674301845765586,0.12091768382842412,2.2917335,281
2025-03-26,0.20516165,0.16864502,0.17092836,0.035136804,0.35518536,0.06494281,0.07693741487503762,0.297938716826065,0.07892452636469835,0.04244106120364498,0.42049900427934456,0.08325927227901796,2.2938545,540
2025-03-27,0.13118488,0.24484223,0.14660673,0.039621912,0.370665,0.06707921,0.017943070826684775,0.34266705546615733,0.04537529077096444,0.027718820190028335,0.4817356736463187,0.08456009867790094,2.2642982,420
2025-03-28,0.16960935,0.22949226,0.14001122,0.06821444,0.3206798,0.0719929,0.024246652739095594,0.3448401939924452,0.05685196346349238,0.08905625549860008,0.37458724737097765,0.11041769036479303,2.3823023,378
2025-03-29,0.15779741,0.20516391,0.15176228,0.05445371,0.36455995,0.06626273,0.12202096968262252,0.10970697065980847,0.03545746404570665,0.1395691098442531,0.43883688036922913,0.1544085683842877,2.3208108,194
2025-03-30,0.21785864,0.22468317,0.11925878,0.050339106,0.31412712,0.073733166,0.016551508083692185,0.45249161764247237,0.03023228281454489,0.034081680088211434,0.3368632260186886,0.1297796791294251,2.3480074,299
2025-03-31,0.16832952,0.24196559,0.13827892,0.046587236,0.3271326,0.077706136,0.029101226257802516,0.34640313802788,0.05988342076206213,0.06332227175846615,0.39136550666593384,0.10992442776671266,2.3426092,576
2025-04-01,0.16569287,0.24093321,0.14066055,0.049303424,0.32322976,0.08018019,0.13580577819183778,0.25740482707841295,0.08980643118053064,0.16746921794438105,0.3072078454189718,0.042305899476689744,2.355095,305
2025-04-02,0.13384949,0.23532274,0.14885114,0.04491328,0.33835068,0.09871267,0.08207802726515619,0.34886925677638275,0.08157470441119953,0.035620159272777285,0.38257859501037544,0.06927925780033835,2.3483834,477
2025-04-03,0.17507498,0.19392544,0.13306555,0.07230801,0.32908025,0.09654575,0.07458761614551972,0.2986032517056397,0.07380099776080967,0.092101366170657,0.30872408083824154,0.1521826688411518,2.4135506,362
2025-04-04,0.18412228,0.2356758,0.13699707,0.052157003,0.31918058,0.07186729,0.03736924494547811,0.42014570938479956,0.0674052833194565,0.026609694696372203,0.3250937088721205,0.12337636136848032,2.35488,451
2025-04-05,0.17886044,0.23669907,0.16685021,0.06333731,0.3004096,0.05384338,0.08915670875798981,0.6564491262099512,0.01964920620057009,0.01786513253731805,0.1877641519125637,0.029115654714244595,2.367529,211
2025-04-06,0.20895644,0.26723397,0.12713636,0.035412595,0.30363247,0.05762814,0.044972963946153424,0.5689280954732608,0.02347880381003346,0.0148289325576738,0.2946967710525029,0.05309443007746388,2.289104,194
2025-04-07,0.19428797,0.23915051,0.15118599,0.047495876,0.28184387,0.08603576,0.05332005538195729,0.5916905806604085,0.04993339325873225,0.03145664544714916,0.18308283783395324,0.09051649000578388,2.3931324,653
2025-04-08,0.18684857,0.22754276,0.14449495,0.053285412,0.2935045,0.09432382,0.09383516308708388,0.44639128851932525,0.09020459130570753,0.018406120828049315,0.2737637673595985,0.07739906428333393,2.407209,406
2025-04-09,0.20539844,0.17375512,0.16072296,0.051621735,0.33802834,0.07047341,0.03752959645175311,0.4764680902651049,0.07493919745385187,0.028049502652860898,0.3025655743267758,0.0804480294652563,2.350976,621
2025-04-10,0.21924126,0.2209688,0.13218708,0.036016744,0.30824718,0.08333895,0.06789649213651765,0.28839038229750535,0.07011040100573503,0.056518441542557404,0.3982423731431231,0.11884190094713679,2.3420184,594
2025-04-11,0.116589636,0.20661788,0.15428215,0.064394794,0.37383577,0.08427974,0.02987249791146966,0.3000157326927753,0.09470751853378759,0.05534865577805849,0.3457943988281074,0.1742611921373738,2.3337722,365
2025-04-12,0.23035353,0.19143224,0.14916839,0.056574263,0.29976553,0.072706066,0.03794311269291272,0.22132806682517162,0.10476947465659046,0.1980890783781553,0.35963042116732225,0.07823986380183538,2.3843622,171
2025-04-13,0.22425537,0.28316197,0.10547362,0.03626395,0.28304768,0.0677974,0.01016334584203884,0.11586164838473939,0.04464757553225957,0.14479118283700337,0.5090099202007556,0.17552633384652028,2.2935407,133
2025-04-14,0.18554848,0.26588434,0.13666701,0.032970864,0.29341096,0.08551834,0.08175164175424071,0.42122576620410057,0.03380125754807438,0.03525779144754868,0.3680778353672066,0.059885713949843045,2.3361905,320
2025-04-15,0.17814238,0.20640846,0.14276141,0.04044399,0.34358194,0.08866182,0.07230792452920203,0.4063528728724885,0.03164858737660927,0.045667549100236966,0.30706757395130063,0.13695548522893558,2.3408186,385
2025-04-16,0.1916861,0.2234135,0.13004124,0.04230682,0.33250892,0.080043435,0.018680954058258183,0.2208667720492856,0.06126814895196555,0.08115337623897163,0.5118808412466517,0.1061499186329646,2.335447,308
2025-04-17,0.18915364,0.19145423,0.15189703,0.060600955,0.32741126,0.07948285,0.09619480373824049,0.3893818475433971,0.042067935516004296,0.03216113222464902,0.3787628352477097,0.06143145966153284,2.3868759,346
2025-04-18,0.15767778,0.23275054,0.104447365,0.03987208,0.36893204,0.096320175,0.07115315923420817,0.3075385800933306,0.06574122693982759,0.019115081404339117,0.41084581508672,0.12560613403242288,2.2913797,168
2025-04-19,0.16577733,0.19034204,0.20570844,0.04637267,0.33632845,0.055471085,0.03030191389199006,0.35712697424294,0.04672265971736398,0.06772666911236785,0.4288661382560438,0.06925566827393426,2.3202655,230
2025-04-20,0.12528895,0.27152964,0.11792034,0.04057437,0.33325273,0.111434,0.01203030827690693,0.13560417069092687,0.04208511823770605,0.08828722423817051,0.6297026638001945,0.09229052060248089,2.3184946,236
2025-04-21,0.18698747,0.23927636,0.1323135,0.049891707,0.3048315,0.08669945,0.04146899535819385,0.3665816182439531,0.048663459181464426,0.0630274171823023,0.3287003818650683,0.15155815515941268,2.376195,239
2025-04-22,0.25153935,0.25912997,0.10957573,0.03728969,0.27945766,0.06300758,0.06137143435781024,0.6502193667044397,0.03135801700164034,0.07007236025436693,0.14723969200487025,0.03973911400000194,2.2974916,336
2025-04-23,0.19357252,0.18092099,0.1590432,0.040878583,0.34085,0.08473473,0.07435488340615987,0.2814761701700591,0.07556205797657295,0.04617244627825657,0.37142421862826214,0.1510102219414851,2.3462553,364
2025-04-24,0.21720533,0.17480949,0.13080496,0.05645128,0.3361967,0.08453226,0.09677081779190697,0.2899719249792157,0.04253225874990776,0.07793718639033119,0.366812488724816,0.1259753081824783,2.3662777,261
2025-04-25,0.11460352,0.22127533,0.13882662,0.043647986,0.39463457,0.08701198,0.04100684682677035,0.5444098659794302,0.04936081113309499,0.013304109103228259,0.2502995327853761,0.1016188370295693,2.2682273,433
2025-04-26,0.21775022,0.18273352,0.2011866,0.030251529,0.3136165,0.05446161,0.07765558675457866,0.38985892111873705,0.013415153055555963,0.11829614672957502,0.19367013599396463,0.20710404712254482,2.2984045,106
2025-04-27,0.18802749,0.16039221,0.13134347,0.04776851,0.3812177,0.09125062,0.010512342002808421,0.18859576588516677,0.10598012738252707,0.012444520281857977,0.5931823840765883,0.08928484762182476,2.3166425,130
2025-04-28,0.14645734,0.21933983,0.16111231,0.03624177,0.37682432,0.06002444,0.07137230723970665,0.3181140856185363,0.050153880902869444,0.11765004899489379,0.3758177395780397,0.0668919341800857,2.257969,361
2025-04-29,0.17543587,0.23185252,0.15177418,0.03292336,0.3260825,0.08193154,0.4318795480157842,0.23065586878598945,0.051700204152333264,0.021805489272736702,0.21460387190748303,0.049355000924345624,2.3272953,426
2025-04-30,0.16109215,0.24757817,0.1396931,0.0661428,0.32785353,0.057640247,0.13480595376302873,0.4209616035654144,0.047286280024216476,0.08413840064958193,0.24744425861352423,0.06536349739053417,2.3435724,443
2025-05-01,0.16878003,0.15315318,0.16734341,0.11531412,0.3054043,0.09000497,0.09770812582567834,0.17863454962555245,0.09478838703723029,0.07195711966403218,0.39726978051403095,0.15964201161321423,2.4740326,214
2025-05-02,0.1541027,0.2432596,0.11359427,0.044734348,0.32331735,0.120991744,0.06876818257815476,0.53197534784494,0.03288207231438798,0.07867728519652792,0.17974967467108116,0.10794743330965029,2.3642101,121
2025-05-03,0.119763695,0.2300486,0.1756059,0.03485076,0.34741417,0.092316896,0.07417897749412769,0.37736810720586256,0.11428096666127424,0.11054991199131618,0.30699354673239665,0.0166284789423611,2.3110726,148
2025-05-04,0.16620913,0.17987552,0.131648,0.08603785,0.36883995,0.067389525,0.010693153487056427,0.1351691489028322,0.06237918115995837,0.036623734780302064,0.7028826555488946,0.052252104561990725,2.3580341,202
2025-05-05,0.14392497,0.2137122,0.15358758,0.0710663,0.34226498,0.075443976,0.04156428213377557,0.29959633858689655,0.0621009880495886,0.08300281905301163,0.3858681859959977,0.12786739298283187,2.375213,287
2025-05-06,0.14086474,0.21324939,0.15786633,0.055462684,0.34839576,0.0841611,0.13464011405484858,0.3725745820897677,0.08572365453881044,0.01750063839877924,0.2946235450361632,0.0949374672627059,2.3560638,282
2025-05-07,0.20685059,0.28745085,0.09388458,0.031086633,0.29714015,0.08358719,0.056966178186969314,0.36319631327573515,0.06480918961166304,0.013871426565637503,0.3558132737136065,0.14534361146059824,2.2828665,386
2025-05-08,0.22416973,0.2049903,0.1553436,0.07062129,0.27478275,0.07009231,0.22888054144751532,0.3016178339886073,0.048802518381840396,0.10988458795681258,0.2804493999473548,0.030365090447679408,2.4205287,394
2025-05-09,0.18822287,0.17423649,0.15273893,0.06906455,0.3373198,0.078417376,0.049440139919580586,0.13923155286603178,0.06550172405574645,0.3286325859314129,0.3483364977371364,0.06885748555829913,2.3899662,314
2025-05-10,0.1826482,0.21097907,0.11546107,0.042741776,0.3532096,0.09496025,0.02693822724954641,0.2568266068667731,0.0630517501653579,0.12271697137409987,0.35656201813025523,0.1739044151375259,2.3284729,216
2025-05-11,0.20629573,0.15895723,0.16067407,0.03349563,0.37961608,0.060961254,0.06141557703378903,0.16108512316908563,0.0312993117681771,0.013672103721245374,0.5882982042028023,0.1442297025463569,2.2559962,120
2025-05-12,0.20143384,0.2257467,0.12785853,0.031263057,0.3109066,0.10279127,0.1512393729929214,0.2246499298754535,0.07400940461535997,0.14659149017942594,0.33020552280084225,0.07330426480845657,2.347468,372
2025-05-13,0.19840537,0.24593475,0.12136398,0.034560684,0.32033652,0.0793987,0.06806279550815687,0.29600064860017267,0.037321206596210146,0.05809061340697747,0.3918495218116461,0.14867521427041447,2.3139873,263
2025-05-14,0.14779377,0.19311137,0.13340679,0.03991517,0.39690235,0.08887053,0.0662345966236279,0.23123887916425118,0.06724630641553893,0.09089862675442553,0.49497500677095296,0.04940661234391423,2.2784743,306
2025-05-15,0.17349772,0.21562403,0.13829106,0.036017884,0.34570602,0.09086325,0.03774777574473167,0.1129328141879331,0.12208846837517537,0.033546062726400004,0.559814576461733,0.13387029550707577,2.3272743,268
2025-05-16,0.11785133,0.21189241,0.14533028,0.042308494,0.38640875,0.09620874,0.0963756785859108,0.29453765027605966,0.05106019707466683,0.033258958823019755,0.40000455880647884,0.12476296894666594,2.290392,366
2025-05-17,0.18237662,0.17189242,0.11988051,0.053531706,0.38818485,0.08413389,0.15832159757463857,0.5950401338154628,0.04129033360513123,0.11420572214255617,0.07471080298765075,0.016431404169583313,2.3077788,122
2025-05-18,0.20388903,0.18691261,0.15496401,0.03233069,0.3493446,0.072559044,0.01509779993783626,0.221974866708712,0.04847749352980807,0.012988526168049437,0.6293326178680733,0.07212869014331419,2.3015847,330
2025-05-19,0.2050461,0.23681134,0.13452785,0.07720121,0.28411695,0.062296573,0.0562156628799466,0.41268928181860093,0.08876369015897909,0.018449366801372855,0.37571700154532345,0.04816499228663442,2.4007506,292
2025-05-20,0.19348921,0.29654363,0.11315532,0.030313484,0.29577047,0.070727915,0.20101603217744882,0.32686076975536,0.04821707455111937,0.040350750124291526,0.2485800334677434,0.13497533086818242,2.2772598,342
2025-05-21,0.16760997,0.22782275,0.12519233,0.03531474,0.3612677,0.08279253,0.014255576876448477,0.21193249506267453,0.07790260895295895,0.030431938260181764,0.554936546375309,0.11054083687559017,2.2919583,322
2025-05-22,0.13094202,0.25053194,0.11385598,0.03497665,0.37805387,0.09163954,0.05904023351764934,0.27927979188396196,0.049655501158381084,0.06044175728219944,0.4866567490510043,0.06492596366717197,2.2569528,353
2025-05-23,0.20106487,0.18664242,0.14079206,0.047872543,0.37186182,0.05176629,0.053049452822374096,0.3995391088245331,0.03592409796711032,0.019692857917126556,0.42498058844887016,0.06681388852424514,2.2772605,357
2025-05-24,0.26738745,0.142478,0.14920433,0.049412124,0.31827754,0.07324057,0.08608992319824216,0.21209568954028477,0.026974626433464075,0.07219056305608983,0.4121401417154902,0.1905090641642821,2.3351674,212
2025-05-25,0.29149064,0.15964085,0.13854392,0.021561336,0.31810135,0.070661925,0.15334471324253743,0.6507069481234625,0.025314110706218074,0.01295472300089195,0.12094105515391654,0.036738454486627624,2.2511945,201
2025-05-26,0.16967951,0.17754789,0.15200855,0.08935504,0.34947574,0.06193327,0.06988335423810978,0.2504591855989882,0.07506298693015645,0.020485115268564513,0.5098063850155451,0.07430298825045045,2.380059,270
2025-05-27,0.1303975,0.29243314,0.112479776,0.033125706,0.34997964,0.08158423,0.10605305031555863,0.3229697540011552,0.06523849943442239,0.02294031887131561,0.36051419863965856,0.12228418540932348,2.2444448,265
2025-05-28,0.18582307,0.23914434,0.12879322,0.03313681,0.32339662,0.08970594,0.030787729732934737,0.34287265500484165,0.10232482620676114,0.050350087779813056,0.37666249671643326,0.09700221083681862,2.3272367,384
2025-05-29,0.1595523,0.18909164,0.15844789,0.043606643,0.37465033,0.0746512,0.05744357318916848,0.23697840311840637,0.07266735642188339,0.05760117440957458,0.5115428349696344,0.06376666243435336,2.3051689,231
2025-05-30,0.1774105,0.26261997,0.10994087,0.035086367,0.32745802,0.08748427,0.07080160650277958,0.24787366288939172,0.057985262036700035,0.06329093358061981,0.4611507982582022,0.09889773102314535,2.303848,416
2025-05-31,0.1900772,0.25130105,0.14748217,0.047622025,0.3074996,0.056017946,0.04917281872807959,0.4214943724405786,0.03192698992177238,0.1309790689858564,0.24019846310733473,0.12622828347652107,2.3285258,309
2025-06-01,0.20668872,0.17223935,0.1602957,0.025830222,0.38799733,0.046948697,0.0222023500148626,0.4485497607860786,0.03506101240111165,0.029078578391105805,0.3360536252522432,0.129054655916436,2.20392,188
2025-06-02,0.18306682,0.21198538,0.16895263,0.07998098,0.30220583,0.053808346,0.08088744553930827,0.4634178060123603,0.041202336125065735,0.0502187691943893,0.3108473428722838,0.05342630037423155,2.396315,212
2025-06-03,0.15537468,0.17971458,0.1597507,0.07202626,0.34383667,0.08929711,0.07285349691983815,0.3897569772576617,0.06296546179913899,0.040559361694985904,0.36293981625049926,0.07092486019621026,2.3992586,309
2025-06-04,0.16840704,0.20874856,0.12860669,0.04337585,0.35564494,0.09521693,0.1250445745463333,0.27618727412347516,0.04068448864496387,0.059834110982878684,0.3899635583457305,0.10828600213949652,2.3349884,205
2025-06-05,0.2144388,0.21458733,0.1484581,0.04159082,0.30466783,0.07625715,0.11847941317219125,0.34230473982603415,0.060263135831845595,0.06412707941510169,0.33346802505670264,0.08135761470057529,2.3577,494
2025-06-06,0.14976779,0.21268776,0.13586831,0.050917342,0.35517576,0.095583014,0.05210244901757469,0.4145504876497379,0.05186816251531756,0.0781018950609586,0.26169422070884274,0.1416827982034536,2.349372,618
2025-06-07,0.2496001,0.17636816,0.1310844,0.05493758,0.31926593,0.06874385,0.132645780742483,0.386339568520882,0.11644949392654885,0.02092551962782398,0.3072400342307391,0.03639960477138116,2.3469398,131
2025-06-08,0.1969447,0.16510527,0.17636885,0.06613962,0.3290212,0.06642037,0.017298790494430723,0.2742242627796911,0.13443216984271636,0.1367180820473711,0.3616117507881925,0.0757149489541472,2.3788846,163
2025-06-09,0.15715459,0.22080062,0.15485108,0.06428826,0.3338473,0.069058135,0.04748235161750735,0.3769914785842402,0.05501840624732377,0.12002828219261799,0.2802719150393874,0.12020756877158223,2.3666604,354
2025-06-10,0.1903417,0.23926356,0.13087842,0.035872046,0.30642778,0.09721651,0.0457750746053557,0.33259502199274465,0.049966063674488546,0.046931558087937156,0.43757279475416183,0.08715948438866258,2.3551986,414
2025-06-11,0.1718494,0.23828872,0.119751915,0.042126015,0.34497926,0.08300471,0.044524837704336795,0.2949607113350119,0.0491555276561413,0.08532288074183283,0.4601312670777949,0.06590477095056872,2.3165784,367
2025-06-12,0.24796627,0.20467457,0.15176027,0.05378825,0.2900739,0.051736735,0.10896359851199616,0.41226170067212237,0.04783903476468646,0.1759709848466995,0.22203825509002598,0.03292642075093336,2.345865,379
2025-06-13,0.2957751,0.2150665,0.10557752,0.045940023,0.2771234,0.06051746,0.12106504064174485,0.5731210211267028,0.027516405012067206,0.019618398475396415,0.20335831905951815,0.055320812132532655,2.3012033,311
2025-06-14,0.25453407,0.12943773,0.15867475,0.05538962,0.33938718,0.06257665,0.09403428216376421,0.15132248094110465,0.1006404910671271,0.27027149756339813,0.36168769639008236,0.022043583577469543,2.3161924,106
2025-06-15,0.24649593,0.2046192,0.12865184,0.04080305,0.31119803,0.068231955,0.045153788463486215,0.3816912128670363,0.046490891776905505,0.0641881683940587,0.40547610275156615,0.056999833449885705,2.3236837,439
2025-06-16,0.20995925,0.1918739,0.12492908,0.0832374,0.3142385,0.07576188,0.09147405173619062,0.3737165532833471,0.06648874401049855,0.09074479469501559,0.33110729607692413,0.046468558699898306,2.410035,264
2025-06-17,0.17189683,0.25352302,0.12471588,0.08189872,0.27818704,0.08977852,0.12491345029481589,0.35242129164374975,0.05319899700543449,0.039882076639713514,0.319438377370732,0.11014580672401181,2.434526,374
2025-06-18,0.23083687,0.21872714,0.13798052,0.07362594,0.26914382,0.06968572,0.16262878707429154,0.3424046287673559,0.06568570677020454,0.019247220681049594,0.3580714215828131,0.05196220423097111,2.4166718,261
2025-06-19,0.19884153,0.23009457,0.14160009,0.08454819,0.2950622,0.049853396,0.10243792707492881,0.31474044261242606,0.0843771080292048,0.05672112684745645,0.373288738479871,0.06843465057302943,2.3870094,386
2025-06-20,0.15449081,0.17839482,0.1500007,0.08639267,0.35383046,0.07689051,0.05894327068546544,0.2137746349268912,0.07883627156285532,0.08312256191003085,0.5186104664952536,0.04671278587771593,2.3905911,130
2025-06-21,0.22459005,0.21918072,0.13865083,0.06144041,0.27592593,0.08021204,0.03899179275234781,0.2954588542721842,0.044758121314949995,0.017319565040931198,0.5065185052401944,0.09695317693926125,2.4109182,177
2025-06-22,0.24272998,0.26447722,0.090765074,0.09874175,0.25850913,0.04477685,0.12136653127099684,0.38116727671178796,0.05098832147401866,0.01946392075540102,0.3741723204179802,0.052841615292823045,2.3524747,170
2025-06-23,0.25305519,0.27736884,0.10310988,0.038701374,0.24557818,0.08218657,0.22641592501189026,0.4132547829097875,0.0309238314921003,0.01338006300253714,0.20549792121688845,0.11052746858628985,2.328134,305
2025-06-24,0.25031522,0.20851927,0.13450393,0.093207866,0.26573086,0.047722843,0.14020778929257638,0.4679593189406628,0.04059145588206983,0.057272991308632,0.20344552287083412,0.09052291914773337,2.3977048,331
2025-06-25,0.16114481,0.26416245,0.14831252,0.07555197,0.2898225,0.06100574,0.060943860111362,0.4309793983552366,0.03796300483425125,0.03159501118867814,0.3463253191791801,0.09219339936653159,2.3855894,268
2025-06-26,0.15830597,0.23518296,0.1322366,0.05935671,0.33782154,0.0770962,0.042649433668780004,0.22394910735562626,0.06701433520356517,0.05676483529835251,0.450686738158126,0.15893554444528915,2.3538396,353
2025-06-27,0.16532962,0.18560822,0.148556,0.055290006,0.36026406,0.084952116,0.06631118053948613,0.19397795190621964,0.03258050505870695,0.05879864925570798,0.37937573796991353,0.2689559597868018,2.352677,597
2025-06-28,0.20539728,0.18795648,0.15606433,0.046037946,0.31306264,0.091481335,0.1779174719518548,0.2630836563282903,0.02679375512703897,0.016940337616827852,0.42182898349734893,0.09343581879296142,2.3851392,193
2025-06-29,0.17120264,0.22875431,0.16277443,0.07426118,0.28730443,0.075702965,0.024837815034924934,0.395467892990576,0.017466506767442245,0.2703849210673435,0.18047704603920497,0.11136581722130512,2.4264672,264
2025-06-30,0.20365162,0.21196672,0.15142101,0.06835136,0.27018481,0.09442446,0.11678083463478656,0.372826201826581,0.03080726992113573,0.059926015572655,0.2887977764215073,0.1308618927581457,2.4504943,389
2025-07-01,0.15494329,0.21000105,0.11505828,0.08237096,0.34647027,0.091156155,0.07826621866852394,0.4044151697578973,0.06870537237734663,0.023159661772289664,0.35144564444899246,0.074007956694744,2.3900719,271
2025-07-02,0.19819207,0.24064998,0.11291703,0.06096467,0.3148471,0.07242917,0.06976195027302556,0.4038904556027279,0.05465364009200523,0.043700066026735776,0.3024193745149419,0.12557450717787444,2.3579235,291
2025-07-03,0.15163063,0.21882202,0.1501066,0.062565744,0.33966455,0.07721049,0.10343130633501417,0.5134413501499621,0.058310141219129634,0.08058071246540495,0.19984140066449582,0.04439508044117006,2.3676212,374
2025-07-04,0.1331558,0.17626256,0.14766225,0.058327403,0.38927057,0.095321424,0.054806056211404636,0.30967849969318917,0.07869901235305517,0.09361550848390583,0.2991829403584606,0.16401799669911088,2.3284366,342
2025-07-05,0.18752162,0.19204102,0.116871886,0.10026089,0.35034224,0.052962333,0.09576936551041558,0.34436586196452573,0.06902705956756665,0.030325574112901085,0.4312064942501256,0.029305632612142234,2.3592582,186
2025-07-06,0.2565224,0.18823573,0.14932097,0.052792773,0.27786854,0.075259574,0.010910282427985429,0.13051313357281674,0.025674539607750072,0.12624381342991656,0.33485054323918845,0.3718076816973004,2.3849733,167
2025-07-07,0.22534686,0.24185348,0.1380978,0.033184033,0.2828761,0.07864177,0.07770326895853938,0.46314594880534277,0.048096550588061865,0.014871198939940683,0.3329268911680798,0.06325612722733646,2.341032,266
2025-07-08,0.16734722,0.21796319,0.15500584,0.06662442,0.33695558,0.056103762,0.08186049734800349,0.47557591317728076,0.03077789630677816,0.024412511755576377,0.3200433940833211,0.06732977858237023,2.3498728,393
2025-07-09,0.19557936,0.24503729,0.11867105,0.05886757,0.3197416,0.062103122,0.04685353493180432,0.4813900797942579,0.048064477784470906,0.08885263046968582,0.25648865169519064,0.0783506253843439,2.3380196,387
2025-07-10,0.15599716,0.19221643,0.13393332,0.06962684,0.3608309,0.08739536,0.1370149630869384,0.2602459303540293,0.047331873515934465,0.04731988320974874,0.4210603115784849,0.08702704143993827,2.369527,461
2025-07-11,0.157916,0.24684356,0.11532185,0.05129167,0.32394704,0.10467986,0.07303478268499779,0.44727642421445485,0.026892500016742912,0.09226604588627696,0.27027660721905183,0.0902536411820305,2.3654957,339
2025-07-12,0.27313876,0.1768316,0.12674204,0.049819797,0.31053704,0.06293077,0.01802318537926658,0.5215504417655619,0.022225815051980968,0.15263404431104127,0.24361686643588687,0.04194967193328886,2.3216946,244
2025-07-13,0.20689772,0.18131599,0.12817855,0.050910838,0.34329104,0.089405864,0.14630272613037598,0.10507908610365319,0.0449723231897674,0.025251608105981444,0.5768898606747126,0.1015044219954442,2.3565066,242
2025-07-14,0.26474285,0.22441474,0.12813765,0.03952159,0.27624267,0.066940494,0.031036492263434932,0.30040779295213493,0.035371150899668,0.0665106849708668,0.44053342953619967,0.12614044627981394,2.3292716,455
2025-07-15,0.19287308,0.2621132,0.11938695,0.048167277,0.30564454,0.07181495,0.0751408092337329,0.3580720776990028,0.06632072237118176,0.03831879178697371,0.3492565832859809,0.11289099558112113,2.3366535,220
2025-07-16,0.12760505,0.22660671,0.1634045,0.044690967,0.35181165,0.085881114,0.05207618913792589,0.3069833607517052,0.06142542799658119,0.0672930434039387,0.4055338887405833,0.10668810100908117,2.3261664,389
2025-07-17,0.120233715,0.19873142,0.16500111,0.046239655,0.3662581,0.10353595,0.08480742433525594,0.2890050187024257,0.092736315884767,0.0524601859620722,0.3704245524250406,0.1105665090132211,2.3341632,314
2025-07-18,0.14656839,0.195124,0.12666604,0.062521555,0.365158,0.10396202,0.11303884703396411,0.4553767034522945,0.04023378563741844,0.057676047264557405,0.2879173840971274,0.04575722480424526,2.363942,407
2025-07-19,0.21881166,0.16193971,0.14574993,0.045218784,0.3405624,0.0877175,0.42574250342359643,0.09569309024042974,0.08902725409902622,0.010055889142941067,0.2497207440963724,0.1297605593501403,2.3491755,145
2025-07-20,0.20154321,0.23549421,0.10510605,0.036821794,0.32629418,0.09474052,0.014862402810161475,0.03661048155179508,0.10510979429564321,0.03073266923017607,0.6018885433265535,0.2107961057040138,2.3233442,212
2025-07-21,0.16654897,0.22944686,0.13310097,0.08838405,0.31528947,0.06722971,0.08948792379438136,0.48124920281011674,0.05515026746026142,0.016595047836430336,0.26583122734693804,0.091686328368849,2.4014592,377
2025-07-22,0.11025646,0.2097795,0.13829836,0.056762453,0.36988693,0.11501632,0.05730984024751011,0.19893411704108138,0.0649592495461486,0.0824058850728457,0.539218580177622,0.05717233817877824,2.3426275,353
2025-07-23,0.14100775,0.23750196,0.15996636,0.05497663,0.31498778,0.09155951,0.025589301661169104,0.2993960265380341,0.044932654723247666,0.12784251102521102,0.3248710327935718,0.1773684700758114,2.3849127,345
2025-07-24,0.12620462,0.23456715,0.16725056,0.058155097,0.3270616,0.08676096,0.02823552698281875,0.44266767809821056,0.04169967562216328,0.02430927815976439,0.367597838782575,0.0954900118179383,2.3710556,236
2025-07-25,0.14364824,0.20016538,0.12174553,0.0561477,0.37379113,0.10450205,0.02969737884550251,0.5833547988458666,0.02069294904706663,0.013586307227428995,0.22818612426835466,0.12448242333129306,2.3409796,408
2025-07-26,0.1413345,0.19710307,0.17694606,0.055822983,0.3477915,0.0810019,0.019995143763175592,0.4591850921155421,0.036975324304447894,0.1942091802819126,0.21189479262167546,0.07774048349010772,2.3589175,186
2025-07-27,0.23075281,0.15238136,0.16379683,0.04660227,0.3548866,0.051580142,0.11126951105855488,0.28798330002686323,0.049107832026317515,0.05903021077044945,0.45355707333716727,0.039052041576570544,2.2864454,183
2025-07-28,0.1899583,0.22747435,0.12445224,0.04530375,0.33536756,0.0774438,0.11592266969579991,0.2675817166654838,0.046353612642398886,0.014232210788833782,0.4159323737183089,0.13997741753879833,2.3319383,409
2025-07-29,0.19343601,0.20323852,0.15732373,0.053952582,0.29097423,0.10107491,0.02409638949579295,0.12564348146529303,0.03500042893713578,0.01677762671804028,0.5334674105274274,0.2650146937449654,2.42512,252
2025-07-30,0.16304241,0.23884065,0.13146195,0.035976022,0.33644125,0.0942377,0.0355201679952595,0.534801227099545,0.0807084586383067,0.0198258871700627,0.2577463409918463,0.07139790579682033,2.3273046,313
2025-07-31,0.17387246,0.26317322,0.11245918,0.033670794,0.33181676,0.085007586,0.09315378621006087,0.26211623369352555,0.07697544578411544,0.08243531816346866,0.4130630749597886,0.07225614363238393,2.2953553,500
2025-08-01,0.2194835,0.2646884,0.112485126,0.05078661,0.2804516,0.072104745,0.06933223522755516,0.5272015713536954,0.032844603987041504,0.06469484410775912,0.21791434920094652,0.08801239698889876,2.3486378,396
2025-08-02,0.2953558,0.21681724,0.1625455,0.049971476,0.22295956,0.052350454,0.23249791550118531,0.2350109614290067,0.09076387628581783,0.11083138687362228,0.3067958600722371,0.02409997066145618,2.3454354,142
2025-08-03,0.17779866,0.14720906,0.15575843,0.03664457,0.41220844,0.070380874,0.08511250099406058,0.3117850745343487,0.043625241260167695,0.11406429402095855,0.2721601786774431,0.17325270489071706,2.2390532,171
2025-08-04,0.16862388,0.23182313,0.14399977,0.039826393,0.32462817,0.091098644,0.07415426806191153,0.3265318626590342,0.05059562601730623,0.06552234061429643,0.39784242726602126,0.08535347789541468,2.351533,138
2025-08-05,0.111635484,0.22967987,0.12401707,0.06646192,0.39573628,0.07246939,0.15575117986442272,0.3466511178435646,0.03186937417149185,0.0997296263304845,0.25579252400600194,0.11020619454241694,2.2776437,167
2025-08-06,0.18905479,0.20223437,0.14496326,0.050988074,0.35076156,0.061997935,0.07227994570743569,0.24511936661923645,0.06115619574212141,0.0642318616063919,0.4616722965231424,0.09554033616023824,2.3223512,203
2025-08-07,0.16165715,0.22219019,0.16678558,0.03528236,0.352836,0.061248712,0.06174696325550847,0.4498431546061686,0.039547113029809906,0.03611328132744475,0.32529393488699354,0.0874555481734184,2.285444,217
2025-08-08,0.098533556,0.19507761,0.15091291,0.05223386,0.4087085,0.094533555,0.031273147762552085,0.3050350323800199,0.08243366837898042,0.03867922735476779,0.3577791548006095,0.18479978760440086,2.272855,220
2025-08-09,0.20006962,0.20527871,0.11980889,0.042715218,0.3602469,0.07188066,0.016257850984272113,0.15588117207225455,0.09172848069343782,0.13470951414002122,0.573853578454926,0.027569421216440692,2.2980921,138
2025-08-10,0.1316413,0.17018452,0.17916657,0.03312596,0.40977383,0.076107845,0.012675718671443027,0.26251784070896583,0.08929609960513363,0.09190178008899688,0.46613465978024365,0.07747388609792993,2.237396,119
2025-08-11,0.08672476,0.2472316,0.13475224,0.055267338,0.38268352,0.09334053,0.12071731491779811,0.1940641521666624,0.05878432117472883,0.030654027774156777,0.474802739247248,0.12097741617679246,2.2745411,264
2025-08-12,0.15582763,0.21002737,0.14341675,0.06288527,0.3693725,0.058470495,0.07625117502174503,0.35820976993319636,0.04628787418165618,0.07057621604780595,0.36027168245326935,0.08840327465535905,2.3138049,235
2025-08-13,0.14557238,0.16988564,0.18570997,0.060253866,0.3739403,0.06463788,0.061103267519141136,0.5011452031408009,0.029440157047581177,0.05000574563862037,0.28011235556668385,0.07819327665602424,2.3205233,317
2025-08-14,0.15583758,0.17396502,0.1596113,0.08801497,0.3489381,0.07363302,0.08279588132641977,0.32610471663769214,0.030241110499440678,0.04758980285063827,0.40130778937146333,0.11196070115101778,2.3951542,384
2025-08-15,0.18681796,0.25735015,0.11730887,0.043917317,0.31098545,0.08362026,0.04372526451428836,0.3339793692784579,0.03712956080154266,0.05636446196778952,0.3795193751088102,0.14928196246087735,2.340193,350
2025-08-16,0.20975862,0.21016385,0.14502533,0.07142526,0.29287186,0.070755064,0.03751226934934174,0.36630527570252003,0.14413661210788944,0.014892528832017346,0.35254941388430294,0.08460390371343203,2.410741,250
2025-08-17,0.15955581,0.25729787,0.16076869,0.043288264,0.31231493,0.066774465,0.010229165022777757,0.18722590565802055,0.05836159485434494,0.011446775204757764,0.47083265891221704,0.2619039057454073,2.3315043,232
2025-08-18,0.13727416,0.19820718,0.20624548,0.073316835,0.30725357,0.07770279,0.027237269696537125,0.27257509109760897,0.09972977638959149,0.04817847351573328,0.47910787138674876,0.0731715278397559,2.4116933,418
2025-08-19,0.16652931,0.18816188,0.13405766,0.04114876,0.38400587,0.086096525,0.10861765923457835,0.24759326515752228,0.0685191995059102,0.026780580685744158,0.4455368469878416,0.10295246339783595,2.297019,253
2025-08-20,0.24843217,0.19908273,0.14261985,0.04737745,0.291371,0.071116805,0.11046223587592387,0.2877424981120334,0.030303064385236826,0.1085948338063321,0.3201740096882019,0.14272333534916357,2.3614519,360
2025-08-21,0.19991775,0.19468258,0.165163,0.06198663,0.33251348,0.04573656,0.059556530234771005,0.272453425171309,0.04571699528241059,0.019778271768555875,0.48831890902648906,0.1141758662502132,2.3334582,297
2025-08-22,0.18497552,0.18331887,0.10999037,0.08999406,0.33721974,0.09450144,0.04147956000693027,0.2962671286121887,0.03245679472234479,0.027204165209027856,0.39011796608322397,0.21247436978456266,2.4124167,258
2025-08-23,0.17916948,0.24223363,0.10769419,0.063073136,0.32095397,0.086875595,0.07762415750544899,0.38848116622506784,0.05116541056632117,0.043802549893501096,0.25653496782663476,0.1823917357714452,2.3700936,151
2025-08-24,0.18088996,0.23106958,0.14064233,0.09846554,0.27833903,0.07059355,0.0715846327912212,0.2233904345379303,0.04398030632694455,0.198774748817809,0.32582257930137687,0.13644730682255918,2.445438,232
2025-08-25,0.134428,0.17924912,0.1480149,0.05043917,0.41388154,0.07398725,0.035998743601569703,0.27547885586798115,0.03520176093807441,0.05235075052751472,0.49867196767484867,0.1022979336029045,2.2637174,325
2025-08-26,0.09911017,0.2646388,0.1082992,0.04383877,0.36115894,0.12295409,0.04966848442592157,0.4013751365721588,0.06322106385602216,0.02084527606233889,0.3918923091360071,0.07299772732859813,2.2855954,229
2025-08-27,0.16967405,0.2594692,0.128593,0.04795335,0.3047037,0.089606695,0.045510905838154356,0.2850265189788274,0.10405526187323705,0.02651306653198223,0.46247776056147377,0.07641648966910726,2.3641837,227
2025-08-28,0.20163277,0.22386912,0.11336735,0.04642901,0.3278396,0.08686215,0.039177497669834374,0.36997064698150006,0.08569432900522692,0.030545360969682304,0.3592599841126547,0.11535218128502309,2.344584,261
2025-08-29,0.19390078,0.1924434,0.14011948,0.030624736,0.37384722,0.06906441,0.1045798071582171,0.283720894820403,0.04026033111601299,0.0330130187765598,0.4587857430142086,0.07964018345163233,2.2646883,482
2025-08-30,0.12488257,0.23323889,0.14540681,0.040362474,0.33259112,0.12351814,0.008730158423594356,0.13882381712591954,0.15457384409544647,0.011302356988891983,0.5946528697405971,0.09191694974272017,2.35695,110
2025-08-31,0.21419849,0.23010057,0.13965704,0.041272096,0.32715625,0.04761553,0.0919688433875481,0.20091995600244034,0.02437248748847913,0.10817011045976797,0.4206308238063877,0.15393776110836574,2.2868302,179
2025-09-01,0.1265278,0.21121879,0.18159835,0.05955003,0.33253595,0.08856911,0.02488557583216354,0.5413587428332836,0.04816043897548144,0.037460407319479444,0.2790204374507988,0.06911434814452071,2.378406,230
2025-09-02,0.15504065,0.29481205,0.11270543,0.044737443,0.3200567,0.072647706,0.014944284466898933,0.09450290721708048,0.06472217074745192,0.35940421015690915,0.40167735716923747,0.06474904149976848,2.2927942,205
2025-09-03,0.1962851,0.2764009,0.11490636,0.043582972,0.2974146,0.07141004,0.05251572045804934,0.2466731179824534,0.05124386661336052,0.12039259828513942,0.3944781368375503,0.13469655427518668,2.3217373,305
2025-09-04,0.15089978,0.23661132,0.11327125,0.06473249,0.34480256,0.0896826,0.07737065760388971,0.2786737427512231,0.041338050305286894,0.08485006711600125,0.3752637111897553,0.14250376173543217,2.3569639,328
2025-09-05,0.10793137,0.19943568,0.13317423,0.055501953,0.40012062,0.10383615,0.017166929270367982,0.2937495783005048,0.05412149884255128,0.032895045447595535,0.5040607101241574,0.09800622611249282,2.297466,212
2025-09-06,0.1904771,0.19903482,0.13232164,0.04037132,0.36114368,0.07665141,0.011926909992862849,0.17382862075843922,0.10988138448740584,0.028378184288506886,0.6448677885142284,0.03111711300343587,2.3069367,155
2025-09-07,0.1602936,0.2618655,0.12024692,0.04611111,0.3289931,0.082489796,0.011688559264106597,0.14130631981982872,0.07773436480262988,0.1260610610334976,0.5946865318281108,0.048523180124079704,2.3263192,195
2025-09-08,0.14638107,0.26435733,0.1285085,0.02982171,0.3297343,0.10119711,0.0404818618296141,0.2829462910120992,0.10650167602879439,0.05951468087261709,0.4374321605047825,0.07312332586970774,2.3069427,167
2025-09-09,0.19148639,0.20209162,0.14262757,0.06372085,0.32120523,0.07886832,0.02069340884049871,0.3660354776216874,0.06289307073550728,0.022833684906811712,0.40173666021021576,0.12580769010979892,2.391965,221
2025-09-10,0.14012231,0.18293102,0.13524333,0.0619321,0.37015796,0.10961333,0.05923023380833498,0.3056016157175657,0.04207551175964429,0.18214868021181668,0.2783628090266398,0.132581157084728,2.3648226,271
2025-09-11,0.084569596,0.2642393,0.1125681,0.040806185,0.3998753,0.09794149,0.0260084872430885,0.2776450912214948,0.029999984117463543,0.0221583113940026,0.4897846790995704,0.1544034652641323,2.2088633,160
2025-09-12,0.1673168,0.19664048,0.13557558,0.077360265,0.34753534,0.075571515,0.022493865210319288,0.4653554567188585,0.03388767216177772,0.03417353266193022,0.3579274270806339,0.08616204955888493,2.3809261,442
2025-09-13,0.2926957,0.14687613,0.14337917,0.07313177,0.29168728,0.052229933,0.015758744818919656,0.1751725768336017,0.11715692839744955,0.19296797014182432,0.4594469230600779,0.03949685158553601,2.3439014,66
2025-09-14,0.1204808,0.2603251,0.13961828,0.034785356,0.36296824,0.081822224,0.008824228400215458,0.12743495685098327,0.0819173693313049,0.16375624752244913,0.4941564232868742,0.12391077450148684,2.2645993,255
2025-09-15,0.21555907,0.22762005,0.12811339,0.060308836,0.29899794,0.06940076,0.022997328077538542,0.2890201219971743,0.07064772942067044,0.052487698867839896,0.43989940719864684,0.12494771099536686,2.3752942,363
2025-09-16,0.12140715,0.26511413,0.11722459,0.052871767,0.3063442,0.13703819,0.13636497188014132,0.36392533294260876,0.030541328476694427,0.08017825170710345,0.27169781554628214,0.11729229686347056,2.3796866,186
2025-09-17,0.16891336,0.19455642,0.15499915,0.0394189,0.38037902,0.061733156,0.08225057857697275,0.3653236884872782,0.04637736246880114,0.01453301849321077,0.3963135675832741,0.09520178948924901,2.2721145,402
2025-09-18,0.15653956,0.26903513,0.13638099,0.049683973,0.28910258,0.09925774,0.0513333205594221,0.2563037272333851,0.07507705983784929,0.06680267647710356,0.4250873227090816,0.12539587031698252,2.3839653,268
2025-09-19,0.22401875,0.19846258,0.13497797,0.092479944,0.28897706,0.061083727,0.06701688777947519,0.3809354798961059,0.0418823812620325,0.03148794938785268,0.4129804171549347,0.06569689087753822,2.4180532,447
2025-09-20,0.109721705,0.24510916,0.19247109,0.06016275,0.35182267,0.04071262,0.016088218902807518,0.33986064576325553,0.1111388824458131,0.013944540264478413,0.4199923129919842,0.09897536947241944,2.2667754,41
2025-09-21,0.14137857,0.28806582,0.12767053,0.03327173,0.33075425,0.07885909,0.024447046170836415,0.3826463970060232,0.05005818031136329,0.10573972795934665,0.28773817378637767,0.14937046209000887,2.2756448,89
2025-09-22,0.15230648,0.27692154,0.13820569,0.058142953,0.29890907,0.07551425,0.021049552669584477,0.23274228880123152,0.08422599383997048,0.05698754889116751,0.4322605737644035,0.17273402656258993,2.3619297,328
2025-09-23,0.15559626,0.23908825,0.1282237,0.034554183,0.3539611,0.088576496,0.11821649974025124,0.3259256427588597,0.03286836576645256,0.09808808705090306,0.34437459066707987,0.08052684568929581,2.2990296,231
2025-09-24,0.14122616,0.2522337,0.13001084,0.05074164,0.33674765,0.089039996,0.11039311538029402,0.2477399022629113,0.04553858692590188,0.016110330343546572,0.48662419661999456,0.09359386014845691,2.3404043,269
2025-09-25,0.14363863,0.26810545,0.110950716,0.04034876,0.2967805,0.14017598,0.05866852567739736,0.2835410555505049,0.029871535623923112,0.01241657018915968,0.3892603947538432,0.22624195004614514,2.3675582,146
2025-09-26,0.122201435,0.2641201,0.13114423,0.045734894,0.358217,0.07858235,0.07893170798688842,0.23861870228881488,0.061244775004368805,0.13126244937122072,0.41461164884950036,0.07533070233490462,2.2847238,309
2025-09-27,0.11322036,0.20309886,0.13680014,0.052430913,0.43105134,0.06339839,0.01675691187310499,0.3424453125685789,0.03889313601011697,0.01192211446060052,0.38387899227344124,0.2061035386955764,2.2141268,109
2025-09-28,0.20335005,0.24155264,0.10223046,0.054832485,0.3069813,0.091053076,0.09668027578504833,0.3004421856491864,0.11305864984280087,0.15691687204748458,0.2155937549979303,0.11730829111305782,2.366219,88
2025-09-29,0.14175642,0.20251343,0.13794082,0.056114532,0.3761846,0.08549018,0.04986693855329746,0.32096106380107114,0.030685384550097478,0.05272167881787121,0.4696578128884769,0.07610712189308123,2.3274474,204
2025-09-30,0.15363137,0.2441283,0.13575995,0.03426773,0.34494275,0.0872699,0.016777190113391422,0.3120651555319631,0.05604432382117291,0.10416429359128157,0.36524709971700503,0.14570194919330684,2.3064296,354
2025-10-01,0.18123202,0.20777228,0.14692305,0.046144858,0.33278468,0.08514308,0.016516934753213728,0.31087666930216895,0.03253001121085899,0.09297900677437763,0.42762307589449766,0.11947429889472506,2.359707,264
2025-10-02,0.11030288,0.25847822,0.12759788,0.048428673,0.39186367,0.06332866,0.048478639700065516,0.37694696883050227,0.07383359791157208,0.017101666727010807,0.41491722208323595,0.06872191827205226,2.2276216,222
2025-10-03,0.1845496,0.21879196,0.1323186,0.05396224,0.33783394,0.07254364,0.07909339614343794,0.3998302627517498,0.06609429496975608,0.049910810443402266,0.3298528509672569,0.07521838535127719,2.3464634,306
2025-10-04,0.17393006,0.2307179,0.109407105,0.037018485,0.35702735,0.091899075,0.1309512366023615,0.09636113995075964,0.06363616066104213,0.1383504276208561,0.43836904186290165,0.1323319738836305,2.2993357,172
2025-10-05,0.13149765,0.18912472,0.1822392,0.04773405,0.36162648,0.087777905,0.02744561061342629,0.3075495590996114,0.03360575482471392,0.157138563664082,0.35831340297611786,0.11594714349090508,2.3351233,272
2025-10-06,0.11634144,0.26377657,0.13989776,0.038476355,0.32700586,0.11450201,0.5720477717438333,0.20728244084744524,0.022581872421936572,0.03872915867830106,0.10019178626123042,0.059166996564967524,2.3313453,183
2025-10-07,0.15320516,0.25200808,0.1714948,0.087225944,0.2728619,0.06320413,0.2139676221352693,0.5125872136530853,0.027132279710209397,0.037979668693073405,0.1586112901355233,0.04972193990330329,2.4220223,472
2025-10-08,0.11693436,0.2164127,0.14776154,0.051032998,0.38366175,0.08419668,0.0320703019031892,0.3019230489773548,0.06456853870790377,0.10293916823994195,0.46047522666942836,0.03802372679974801,2.2974508,312
2025-10-09,0.27085307,0.22867766,0.10561253,0.042499665,0.2786173,0.07373976,0.02606895314534771,0.32622958959854953,0.04546408124131748,0.04846794750495862,0.3824322122334558,0.1713372161583871,2.3243656,391
2025-10-10,0.14227796,0.21213254,0.1674491,0.07426098,0.33411428,0.069765106,0.10003458283446011,0.5605398193216495,0.016440432265058914,0.016227357929227824,0.187678306434333,0.1190794964091212,2.381504,618
2025-10-11,0.17104375,0.24528073,0.12927042,0.057944946,0.3208685,0.07559168,0.07164749685604539,0.6035473274411647,0.02355405272362556,0.014316320042676089,0.1510778101647067,0.1358569950391693,2.3605356,473
2025-10-12,0.12715359,0.22638492,0.15443315,0.04454416,0.37081778,0.07666642,0.0516970782477709,0.6167988289949761,0.026270685568151257,0.019349048386789643,0.20506003232261355,0.08082427164213263,2.2944248,295
2025-10-13,0.1495193,0.22954439,0.12455059,0.038719762,0.36275786,0.094908096,0.04891242008275827,0.4742884483625123,0.03495752374760803,0.03830968293813989,0.3164436778408292,0.0870882431099473,2.3063247,406
2025-10-14,0.1934803,0.23199436,0.13005228,0.046189968,0.33546773,0.062815376,0.14407076781902303,0.3606053159646133,0.040464789154322986,0.0674790516890656,0.32925455685271643,0.058125527958155995,2.314559,339
2025-10-15,0.18071386,0.23600674,0.1523927,0.04979412,0.30941695,0.07167562,0.0804203653681274,0.2817117817271698,0.0724659523743625,0.04407778279598244,0.4282101277108822,0.0931139917132972,2.3629718,273
2025-10-16,0.1759149,0.24027397,0.12046376,0.06587025,0.30882642,0.088650726,0.09463454318139629,0.29495074297046087,0.05531562011867165,0.01766610199984979,0.3926667206855576,0.14476629348803224,2.395036,396
2025-10-17,0.14476648,0.23882096,0.12327306,0.07623648,0.33568755,0.08121549,0.05818018971042385,0.3150113898977002,0.04455270900546742,0.08491284952914431,0.4056065195004259,0.09173634541689697,2.3752441,273
2025-10-18,0.1715928,0.23080625,0.12463204,0.03508633,0.33277968,0.105102904,0.026980915207626417,0.48007966217233083,0.08951582627578258,0.13111782895129032,0.207430767043332,0.06487498411686274,2.3383975,120
2025-10-19,0.20958294,0.23386556,0.11965031,0.061231203,0.3039164,0.071753584,0.03301288320457021,0.3670974533246385,0.05771808514916561,0.01319550484090357,0.42122827784552064,0.10774777671818353,2.3708906,201
2025-10-20,0.113699675,0.2207054,0.14127856,0.052463565,0.3754018,0.09645099,0.1091612854539834,0.31590394488149154,0.07641873064589982,0.012452899248690164,0.37972852385321143,0.1063346223425673,2.3157833,253
2025-10-21,0.12651914,0.21020904,0.1309105,0.09051331,0.33375606,0.10809197,0.04262460369547754,0.553227361690833,0.023710833741503283,0.01398139675389335,0.23934617010666973,0.12710965344267158,2.4233649,372
2025-10-22,0.16620675,0.2936726,0.12539534,0.034218077,0.31530666,0.06520055,0.02978534953748464,0.49282570840268186,0.0615101616129314,0.014316168628120235,0.2605222795674674,0.14104033320487605,2.2735205,282
2025-10-23,0.13720943,0.23939784,0.124577075,0.048360523,0.36317712,0.08727802,0.04758318038830825,0.72090997222896,0.014089080901302094,0.029937192525221798,0.1338851864948821,0.05359535061992796,2.3103788,280
2025-10-24,0.21220015,0.18432991,0.12684727,0.056051105,0.33066368,0.089907914,0.014512342611692708,0.3062805546368644,0.04539017676803846,0.03699668748695411,0.48429227022063015,0.11252797635458271,2.3755445,433
2025-10-25,0.16278328,0.30849454,0.15233153,0.0396921,0.27481297,0.06188559,0.021678155812314137,0.30066001292694766,0.11818819223641884,0.09763735378348404,0.28361435935942575,0.17822194783168713,2.3085785,238
2025-10-26,0.20515819,0.21391985,0.12830567,0.050051566,0.29299903,0.10956569,0.027182953002263276,0.03615337569450852,0.10933937755891487,0.05538393661435905,0.6433175343783121,0.1286228499405541,2.4095368,184
2025-10-27,0.16637261,0.20655395,0.16498218,0.040076584,0.34561762,0.07639704,0.02416708019369974,0.24582460234261652,0.04570880913438788,0.07426168205170411,0.4876906763799472,0.12234715967581794,2.3285801,163
2025-10-28,0.14821379,0.2586888,0.13615803,0.030000264,0.35329142,0.07364768,0.07862219866588405,0.31754650289135905,0.060115117580248074,0.0543364434879947,0.41084780679862193,0.07853191593447013,2.2637577,245
2025-10-29,0.16749217,0.24362664,0.11808654,0.050376203,0.345852,0.07456647,0.034250361679233385,0.47836994939439076,0.030094726253584708,0.033722341854127036,0.35204180446138145,0.07152080695379612,2.31827,242
2025-10-30,0.12667485,0.2321382,0.13037314,0.05677873,0.36205795,0.091977134,0.07290470677971476,0.2523356515015385,0.04785860182277753,0.014757691342469344,0.3754313468473462,0.23671200577678092,2.3321865,407
2025-10-31,0.14946522,0.22021137,0.1826637,0.04390845,0.3376706,0.066080645,0.2280023621885745,0.5613552281053749,0.029667612858741,0.015467026183192508,0.14610741511128156,0.019400394228107767,2.3245153,266
2025-11-01,0.17374678,0.19982927,0.13753176,0.046980288,0.35797074,0.083941154,0.04161979816003696,0.3550632461518194,0.03796244877023229,0.0656921101448834,0.43819498436050125,0.06146740942153677,2.3344312,134
2025-11-02,0.19868508,0.23904572,0.15761025,0.03203201,0.2951149,0.077512056,0.29042416593895426,0.34919289461724273,0.033413815505451805,0.014522519694608563,0.195961559237984,0.11648505588288272,2.3414757,236
2025-11-03,0.17713767,0.16441897,0.16285008,0.04746253,0.3588239,0.08930689,0.019692331078466713,0.38085253267275654,0.03206317067312327,0.030083039048059205,0.3991713094609005,0.13813763259951542,2.3474782,458
2025-11-04,0.17213334,0.19601132,0.14692104,0.07763417,0.32227078,0.085029334,0.05700502923582699,0.4661284966205098,0.025723182004532722,0.06862865703104008,0.25069910523590905,0.13181553328966336,2.4193628,371
2025-11-05,0.16605558,0.2616746,0.13228127,0.06781739,0.28599167,0.08617948,0.10186128465693582,0.5108678362669443,0.026530215754362266,0.08374530908150538,0.1815995321769263,0.09539580800230052,2.406829,329
2025-11-06,0.18277434,0.25090632,0.11392977,0.08374464,0.29110277,0.07754219,0.03481551307231354,0.3002600941585409,0.040818227988597036,0.025599842762669967,0.4836384771597776,0.1148678821235146,2.409621,316
2025-11-07,0.1691964,0.1843799,0.16229914,0.060344145,0.32909122,0.09468917,0.18933631260166064,0.2230607284080447,0.05672023290776125,0.026953405350267513,0.3349415236022973,0.16898778599529682,2.4033082,391
2025-11-08,0.18876113,0.15248893,0.15255126,0.067190975,0.37236205,0.06664565,0.01657917889461355,0.12591405461423483,0.05078254980995804,0.13414943732348023,0.5193352188050907,0.15323953100976237,2.3344467,238
2025-11-09,0.2278567,0.21890366,0.13541982,0.035104726,0.3092966,0.07341846,0.03585454007727991,0.332958344978723,0.18204176429191143,0.020900817382705685,0.3542513141833113,0.07399323403303709,2.3264465,276
2025-11-10,0.1258567,0.2142545,0.13551359,0.07740398,0.32742482,0.11954641,0.06706542950896445,0.32918667488399916,0.05879621703528895,0.04134663717374416,0.42818281245523526,0.0754222239401101,2.4227545,333
2025-11-11,0.15520409,0.21984808,0.13739623,0.06179723,0.34448618,0.08126822,0.07497294290048899,0.388268736942428,0.04273282173297543,0.016848863836588686,0.3485510661343067,0.12862556578330878,2.363182,260
2025-11-12,0.16902539,0.19560692,0.14520994,0.045586098,0.3670809,0.07749075,0.06575171025437258,0.3418695926692642,0.038103823565372105,0.020494466087064234,0.45000019812278785,0.08378020563945249,2.3179467,353
2025-11-13,0.15573178,0.15400872,0.15954518,0.09547674,0.35220802,0.08302958,0.04315178448306244,0.2591583295914619,0.09076794480206075,0.09190931495121657,0.42680664986694494,0.08820597579192829,2.407821,428
2025-11-14,0.16832645,0.22715211,0.15429564,0.03418725,0.33801335,0.078025185,0.06571919812257372,0.2798419214115561,0.051605782321028325,0.05058090391849866,0.4413694692178035,0.11088272012213203,2.3170116,285
2025-11-15,0.165766,0.20809591,0.10976297,0.049122043,0.3287729,0.13848016,0.03234338079018905,0.32851842863979674,0.114556417974584,0.10562533072293148,0.3923681652587301,0.02658827001582556,2.3871028,84
2025-11-16,0.18257855,0.25770488,0.096584775,0.04101504,0.33448586,0.08763086,0.019033741544990542,0.2933676425780639,0.06604186955334182,0.016296527495062527,0.5713542632049786,0.033905972947443005,2.3030174,220
2025-11-17,0.1499883,0.16462925,0.15432875,0.0795797,0.35637814,0.09509587,0.027192923400896213,0.4232443512473595,0.031886448883793814,0.06924554612796456,0.36860633736198245,0.07982438242896192,2.3989275,459
2025-11-18,0.15480375,0.24398895,0.120537624,0.05570026,0.31344312,0.11152629,0.07851218483062063,0.40348943681153554,0.027438493202178137,0.014072160845661997,0.29084890741474906,0.18563883228177855,2.3907359,320
2025-11-19,0.14098783,0.18347318,0.1423836,0.07861292,0.37143442,0.08310805,0.02848596019875804,0.255714976548192,0.08421641875484792,0.07771525918890929,0.46125529102963553,0.09261210160473846,2.3651416,322
2025-11-20,0.15745093,0.23127398,0.1214757,0.08075443,0.31896934,0.09007562,0.03779773424788197,0.4084609769664415,0.05404248954280206,0.05279501838598923,0.3202517452669445,0.12665204510014214,2.4096863,326
2025-11-21,0.14564987,0.21554014,0.15902679,0.071475506,0.33533782,0.072969906,0.03140513850374802,0.42608480370484847,0.029602601645112643,0.029269216908397958,0.3737469252559059,0.1098913085897891,2.380103,412
2025-11-22,0.21986607,0.20037831,0.1764029,0.06537559,0.28102642,0.0569507,0.04973634630399788,0.2789553271708032,0.03007195435218501,0.12604077634339908,0.4224128957042661,0.09278266051717081,2.3940616,131
2025-11-23,0.15734322,0.20443162,0.16274415,0.04813927,0.35954514,0.067796625,0.006637746177699411,0.029819210673569334,0.08074744477430822,0.010319039798317978,0.6357092013490077,0.2367673506492593,2.3188038,224
2025-11-24,0.18315437,0.21935475,0.13645282,0.05456104,0.33464,0.071837015,0.05594697611746632,0.3615555918278276,0.04518969960868805,0.03129450651580697,0.4055350957114677,0.10047813544340822,2.3510733,254
2025-11-25,0.12586913,0.1785462,0.14749749,0.075082324,0.36687517,0.1061297,0.07176932520288495,0.3220530072353886,0.048792723935975724,0.07531058743845771,0.4064326431018622,0.07564170047235676,2.3820682,354
2025-11-26,0.12559581,0.20325671,0.13099705,0.054841854,0.3657582,0.11955038,0.14333500631975582,0.26386768252518583,0.03769386243407964,0.09833445013728868,0.3563704063400074,0.10039860285199546,2.3540494,237
2025-11-27,0.12225024,0.22106196,0.15416776,0.05764887,0.35252786,0.092343315,0.015481478564424245,0.38017431125486645,0.030099661929442818,0.015250025570631334,0.4075573336629961,0.15143718856282545,2.352842,211
2025-11-28,0.22565123,0.17935777,0.14883187,0.03926516,0.34431875,0.06257521,0.11147899890689437,0.34016805133590544,0.0404839252725938,0.064654236103559,0.38324977462384857,0.05996500433625583,2.301541,424
2025-11-29,0.21618356,0.21092466,0.1395934,0.032910798,0.34034887,0.060038716,0.023833309965363772,0.23882520629980153,0.18033134849201307,0.017319147595042998,0.4616664970983983,0.07802452543142878,2.2827487,206
2025-11-30,0.115022376,0.20395318,0.14892785,0.087837994,0.3817432,0.06251541,0.013206473496754056,0.16371159714941957,0.07035209949971702,0.11187416278511013,0.5143250372801759,0.12653064440543088,2.324458,419
2025-12-01,0.19004023,0.18173212,0.14759317,0.056534752,0.34812716,0.07597255,0.03578167358140127,0.5084895938531752,0.052398074496764924,0.014861403290488072,0.3070954038116357,0.08137387230890272,2.3565223,399
2025-12-02,0.15630485,0.20365585,0.16290794,0.06388582,0.34744394,0.06580156,0.05527238408273732,0.2592846869570306,0.11040895393760872,0.04303113111913109,0.3936206936148033,0.1383821307954077,2.3542855,405
2025-12-03,0.16376479,0.2056208,0.1390775,0.05924654,0.3583477,0.07394265,0.09311037710049014,0.2980189816620869,0.06644726486362285,0.03258346910741668,0.41381597721541563,0.09602392961225754,2.34246,348
2025-12-04,0.16522896,0.24099034,0.15728271,0.042233378,0.31633797,0.077926636,0.0981294894053927,0.4611573241679,0.050558693059762946,0.09526837715896458,0.25232504129106276,0.04256108300714158,2.3486252,294
2025-12-05,0.21084146,0.22887935,0.147503,0.06148026,0.28749838,0.06379755,0.024111227459597262,0.40238334623652255,0.028312280509477372,0.051305415727620984,0.42657267911106433,0.06731504050027431,2.3853974,350
2025-12-06,0.20587051,0.21994771,0.13011882,0.033935063,0.36256042,0.047567498,0.11161150622057957,0.22723558957284304,0.05267117985387824,0.03645435426481271,0.5079990079029753,0.0640283427405747,2.2381089,219
2025-12-07,0.14949816,0.27442604,0.09560413,0.053753447,0.33028048,0.09643774,0.11106417889331578,0.4730306292412468,0.02365250491978716,0.02096966882736136,0.24550111536500696,0.12578192982561268,2.3256066,73
2025-12-08,0.22953941,0.20496458,0.15004584,0.049901884,0.30107602,0.06447225,0.039737287574456354,0.3875807950568321,0.051249933806596204,0.04274238149230637,0.40352956339228635,0.07516003807575417,2.358838,217
2025-12-09,0.12591189,0.2653894,0.13979132,0.056999277,0.32434684,0.08756127,0.030529200202786905,0.4258231313634748,0.04166584767480296,0.06918393351970706,0.35260466849995664,0.08019322297300863,2.3512323,276
2025-12-10,0.14186616,0.24361072,0.1341797,0.057912774,0.31008103,0.11234962,0.019380899353704184,0.2677052246971804,0.05175044338413805,0.019672101174214997,0.5715650698752538,0.06992626539031953,2.4010122,225
2025-12-11,0.18115339,0.2389632,0.1498291,0.05805264,0.2786054,0.093396254,0.08959897737781694,0.27303768090708763,0.04784334817484668,0.019036865233610378,0.3862862867862305,0.1841968372345676,2.4218276,304
2025-12-12,0.15180996,0.2324648,0.13987187,0.078366674,0.32746586,0.07002083,0.0915425406778259,0.28435164752748154,0.041390143063167566,0.07752591710107498,0.3842679657800909,0.12092178035108854,2.3830273,308
2025-12-13,0.18476385,0.18002988,0.14173202,0.07305526,0.34035155,0.08006742,0.11803524006690642,0.4495113767433236,0.02552378712441385,0.12400629868964666,0.16712468967521918,0.11579860397462982,2.3916216,138
2025-12-14,0.23882203,0.15406735,0.18066904,0.07153077,0.28888392,0.066026896,0.14695265330693438,0.3497097270233552,0.015356627013069939,0.013490601520992341,0.28053366755577064,0.19395673789214132,2.4037218,268
2025-12-15,0.16498709,0.21874529,0.13026573,0.080302745,0.32828996,0.0774092,0.023054514588436142,0.364252966929907,0.04577178657776543,0.1002758516119182,0.406831184208354,0.05981371929659393,2.397043,272
2025-12-16,0.19934689,0.24219008,0.1280038,0.054114647,0.30842456,0.06792004,0.01959111353041296,0.4925888405816308,0.05894041616505543,0.04873246881591335,0.292961436060095,0.08718574253270583,2.353542,338
2025-12-17,0.19016884,0.20110886,0.16067897,0.07662871,0.29394484,0.0774698,0.07247235909412247,0.38369967297541735,0.04632169063163101,0.02439785076477771,0.35439263664401777,0.11871580789250563,2.4336574,390
2025-12-18,0.18838093,0.19997357,0.17706384,0.064968884,0.2810822,0.08853058,0.03532852976460098,0.31859149021834493,0.0475138438047,0.026621358419442957,0.3763887523620584,0.1955560046147674,2.4408197,359
2025-12-19,0.13094239,0.2246385,0.099943586,0.08740421,0.35350755,0.10356376,0.05261832852710606,0.537549803924512,0.03698813050049269,0.016667372085544918,0.23042664071577362,0.1257497291970928,2.3765376,211
2025-12-20,0.23650694,0.17025794,0.17623903,0.03380191,0.3143503,0.06884386,0.026058737607134123,0.3634310486192086,0.0596781466796961,0.05371832421236468,0.4162824714530248,0.0808313015628943,2.3239717,223
2025-12-21,0.18515046,0.22287363,0.12141424,0.058717974,0.35993442,0.051909298,0.015942010352443484,0.39530785320309464,0.048976877889673795,0.1672951172316742,0.2944158572156631,0.07806226077966377,2.294847,93
2025-12-22,0.18323822,0.23118581,0.14017427,0.04509063,0.33002737,0.070283696,0.0696991975390916,0.41619890046843094,0.033329519000582626,0.016669678245525957,0.37586283485325817,0.08823986176837748,2.3330867,262
2025-12-23,0.16442022,0.18745703,0.14962293,0.08814286,0.35163078,0.0587262,0.061687081523953746,0.29303885022673276,0.03373442029278033,0.08383647277474922,0.4325900925612317,0.09511307347789767,2.3703203,311
2025-12-24,0.15569334,0.29899985,0.10924517,0.037273787,0.3181008,0.080687046,0.02531784235410856,0.3171593219372863,0.07449592824654508,0.02425688798579577,0.42801488304288005,0.1307551246383757,2.283071,129
2025-12-25,0.1513282,0.24188797,0.13787824,0.04353107,0.34842977,0.07694477,0.022738423143647542,0.36569184230403984,0.07044191564777151,0.017548404639239002,0.4232182569642739,0.10036116050910274,2.3131921,225
2025-12-26,0.23267941,0.19793586,0.158602,0.050414596,0.28994802,0.0704201,0.014393864426377684,0.2269998416108662,0.06925356510416607,0.06830678123479393,0.5641544775243152,0.05689148639407679,2.3780775,373
2025-12-27,0.14864275,0.18708335,0.16084887,0.02858911,0.39657667,0.07825926,0.04662678947403399,0.3286248784116449,0.04485491228869392,0.012946952751404443,0.46755944862865495,0.09938698246712437,2.2486556,183
2025-12-28,0.12858243,0.25945714,0.14408794,0.037731785,0.37411058,0.056030132,0.031056049308704238,0.5146470769357563,0.02578461050695283,0.03208657542642708,0.353562998844841,0.04286266558422518,2.2302587,161
2025-12-29,0.16032892,0.26704022,0.14402477,0.03870078,0.32337245,0.06653282,0.02255938539688803,0.09301949062894077,0.12301765802521393,0.027180017356005757,0.6794973781375846,0.05472615054822056,2.3031068,333
2025-12-30,0.15502599,0.2612659,0.11764815,0.060235567,0.32844126,0.07738313,0.01862768698006429,0.25485535913525165,0.04110359294641069,0.18213438812664298,0.39004370192505766,0.11323527243559868,2.343488,219
2025-12-31,0.08361407,0.107392274,0.09735044,0.32015803,0.3421874,0.049297772,0.04528749531507926,0.16242559455971928,0.05361428025493145,0.3796378246216808,0.31490321107459035,0.044131586058682254,2.2417552,280
2026-01-01,0.06332838,0.05727306,0.16329499,0.37042794,0.24080919,0.104866445,0.017396438495946506,0.11801969521451433,0.11031801391647955,0.021842365268743245,0.4330621198243313,0.29936135375265344,2.2818716,50
2026-01-02,0.14331193,0.22185723,0.090248935,0.14920324,0.31751138,0.07786727,0.028059607890096636,0.5348749233150024,0.15191223568690412,0.019244580280780955,0.24638428732029935,0.019524389510428827,2.4185715,73
2026-01-03,0.25463864,0.22037554,0.1256589,0.04184326,0.2852423,0.07224137,0.10330451463295376,0.3916155835369887,0.05814160450458972,0.14022092533393507,0.25689696512312676,0.04982040548473802,2.3410766,178
2026-01-04,0.24049447,0.14875156,0.114778526,0.09770088,0.2796153,0.118659265,0.014261868769881267,0.3713179681730353,0.021198086717479105,0.1031285714388026,0.21670153754821048,0.2733919818587814,2.4686139,57
2026-01-05,0.22617148,0.23848988,0.12067673,0.032601837,0.3143705,0.067689545,0.12848499229200389,0.33591921027176574,0.11190123307458238,0.0397041886153989,0.3407292208561546,0.043261172471103955,2.2951982,342
2026-01-06,0.18204471,0.1821114,0.1854087,0.044367567,0.35325634,0.052811284,0.03981173924150962,0.5479698338085461,0.05716611291263053,0.014943338260254513,0.23972610064801714,0.10038286293946799,2.2994308,370
2026-01-07,0.2114498,0.2000106,0.14303376,0.045923796,0.3232098,0.07637226,0.20243635509926283,0.5001197969142854,0.03075608308188703,0.012594802267682342,0.10126969748002548,0.15282326796733817,2.353848,431
2026-01-08,0.17725116,0.2711488,0.15054455,0.04267358,0.28923032,0.06915158,0.05726972912613246,0.357329133543605,0.03950083977368099,0.04564306871058264,0.4252340002009999,0.07502324478194845,2.342563,432
2026-01-09,0.1841671,0.24656297,0.11487732,0.05250316,0.31588218,0.08600725,0.09528762089311821,0.2922951793337584,0.031651883864647526,0.01673176784719596,0.37525942112366106,0.18877413403630397,2.3590097,187
2026-01-10,0.267087,0.15247785,0.16427614,0.060829338,0.30635732,0.04897235,0.10647774472299003,0.31982656867362097,0.13164362528261495,0.010448705440383224,0.32476562804347314,0.10683771464803346,2.332174,227
2026-01-11,0.05967489,0.15645358,0.15456477,0.08399574,0.47398835,0.071322635,0.04031767687333587,0.3387499776512122,0.027432225577869642,0.014100511828066428,0.4558254272364523,0.12357415957257778,2.1601226,136
2026-01-12,0.1914616,0.2538726,0.14239855,0.044920366,0.29821798,0.069128916,0.1081215181749886,0.3344687443571829,0.04071961113968548,0.014645076435486192,0.35296444811485633,0.14908059845656804,2.3472555,365
2026-01-13,0.1636188,0.20785819,0.18231514,0.050230075,0.3273937,0.068584085,0.09174412042017369,0.2753124163646626,0.03451057685685379,0.015540415514426979,0.4052882842742325,0.17760418427452204,2.3553557,322
2026-01-14,0.1476454,0.2563637,0.122377284,0.050345074,0.3202141,0.10305445,0.07736783821841826,0.5517930015937103,0.029964736756244486,0.027103831512296575,0.19269149213216719,0.12107909657707801,2.3628082,266
2026-01-15,0.11163203,0.2434326,0.13364786,0.045626186,0.38894868,0.076712675,0.029869588698965412,0.4855430010309974,0.040807190138848516,0.013975438682601071,0.38185996883335666,0.04794479561509835,2.2546477,290
2026-01-16,0.14069103,0.20749624,0.11798949,0.041667692,0.41782957,0.07432597,0.05462944502585065,0.42428171888701677,0.0268848629374494,0.03646462657375722,0.2930196355295262,0.16471971070339808,2.2284586,191
2026-01-17,0.20447317,0.2378168,0.11456821,0.038851086,0.34124404,0.063046694,0.13905212585646196,0.3520116775099204,0.0319101697013631,0.20266574178878563,0.22815135296486794,0.04620895547461371,2.281889,179
2026-01-18,0.3515815,0.17294763,0.12228611,0.042160194,0.27504343,0.035981085,0.14723971168800504,0.2400942845031644,0.05589164418215591,0.061054426724820525,0.43086882130274945,0.06485107258329195,2.216152,157
2026-01-19,0.15061301,0.2651206,0.13114259,0.032607757,0.32656628,0.09394978,0.05592734426515049,0.4034148717246844,0.08766568857898091,0.018816907170715554,0.3792946917217217,0.054880482735237344,2.3123178,272
2026-01-20,0.22425035,0.21083657,0.15603681,0.043734528,0.30353695,0.06160482,0.13594270277835804,0.42526684965034084,0.08349980424311895,0.017262145927233283,0.28330315917232857,0.05472533593382294,2.3426166,277
2026-01-21,0.15700255,0.24656571,0.14932479,0.06507582,0.29298776,0.08904337,0.09304513090988893,0.39246912553080976,0.11965866800245373,0.013246367043786431,0.3410149387349354,0.040565776281153966,2.4132185,346
2026-01-22,0.1858302,0.20661995,0.15759288,0.036911994,0.3370412,0.07600375,0.10074985739838292,0.38612246942737255,0.02396441457752133,0.07732179926013347,0.30282690949447777,0.10901454925467335,2.328411,365
2026-01-23,0.14298254,0.16657092,0.17208675,0.06547369,0.37082878,0.08205731,0.06930173642693988,0.22852077027899986,0.057031630905233444,0.06777613643634613,0.4493058502987382,0.12806388128005183,2.3530562,484
2026-01-24,0.19701815,0.17469428,0.17773291,0.08162273,0.32503736,0.043894574,0.8357671509750297,0.035003221807674,0.016053255622369485,0.0361559999803038,0.06507099855371902,0.011949411444516151,2.3644066,235
2026-01-25,0.27541128,0.2140155,0.13670103,0.049847092,0.2534777,0.0705474,0.027785333676909506,0.4122033516348357,0.06711659290284722,0.012489208702139936,0.40248112401005903,0.07792435266628996,2.368252,269
2026-01-26,0.19547099,0.24344262,0.11651116,0.04270065,0.31140777,0.090466805,0.018202668685389813,0.2741977708945768,0.08548213367161434,0.019085082170318474,0.4217950826379543,0.1812372545880899,2.349913,295
2026-01-27,0.15930007,0.23584896,0.14239939,0.053538807,0.3319895,0.07692326,0.027758031068373004,0.5473293255467941,0.02703864635261461,0.032220472092430834,0.23549373906461699,0.1301597869759338,2.3530078,318
2026-01-28,0.19078213,0.2283798,0.13866526,0.03480655,0.32851633,0.078849934,0.09192262932571879,0.2906025898216819,0.03457914544223882,0.07686213686051395,0.36911704698576353,0.13691644854878685,2.3229423,309
2026-01-29,0.16809043,0.23391376,0.14940315,0.06968367,0.31105095,0.067858025,0.10214951578221175,0.3148352856286122,0.03557489547292453,0.10915447195632275,0.3245123502405654,0.11377348003296467,2.3877156,360
2026-01-30,0.13203864,0.2319756,0.16088668,0.048643753,0.34883764,0.07761767,0.023957731955164877,0.4387580832893298,0.03291285266635359,0.014911808668847278,0.43779675785259126,0.051662758384527205,2.327145,375
2026-01-31,0.1747259,0.26069734,0.11127415,0.113335,0.26681778,0.07314984,0.024641925271010324,0.5803355031426439,0.02414428977966389,0.20908755055404996,0.12696126780838804,0.034829474217835554,2.4384794,161
2026-02-01,0.16694127,0.26369175,0.12687498,0.040243294,0.32016844,0.08208027,0.08352264864051338,0.46403466009280137,0.016664279376828166,0.12472648766634363,0.14830616540945768,0.16274577603006704,2.324788,245
2026-02-02,0.16998395,0.2286596,0.15208171,0.078113146,0.28523016,0.08593143,0.06357035134241486,0.5336423808130707,0.03212685522728056,0.01929080494529734,0.263757329991733,0.08761229174160744,2.4423287,320
2026-02-03,0.25015634,0.23112185,0.1309306,0.04490977,0.272136,0.07074542,0.06197351512309085,0.3631203418802273,0.07247161012714455,0.04147546609295544,0.3980585509344638,0.06290052090604198,2.3548968,292
2026-02-04,0.2337335,0.17312568,0.15591916,0.05978317,0.30189398,0.07554447,0.059075914171795904,0.35766061698177276,0.04367531867562379,0.03860466759648223,0.38675654836518464,0.11422694320047949,2.3923433,245
2026-02-05,0.14843157,0.24513234,0.1400666,0.065766566,0.31693062,0.08367227,0.08077929259612047,0.3220253224295378,0.036256334465573296,0.04867385391687325,0.418732364613885,0.09353283522105584,2.3860242,569
2026-02-06,0.1817388,0.19547279,0.13516009,0.056862794,0.33807668,0.09268887,0.04153368287519007,0.3126479156708428,0.04892618870017096,0.03864295247878466,0.47654824812218716,0.08170101284841218,2.3798728,212
2026-02-07,0.19338164,0.21119025,0.19156028,0.061719816,0.26549584,0.076652154,0.02731369475245513,0.4373615511397388,0.03740363982112897,0.03221948444229309,0.2567595375402909,0.20894214107752884,2.4288838,229
2026-02-08,0.3040744,0.2449224,0.10136653,0.043252435,0.26377663,0.04260761,0.020361329944334348,0.2569461992327395,0.05112488596717482,0.013461037469300049,0.5862880114561976,0.07181852364621069,2.2511933,110
2026-02-09,0.20089689,0.2625445,0.15183817,0.037275653,0.27141827,0.07602651,0.029093241451093498,0.4710237170152376,0.032147492678629076,0.017056058302882156,0.3897179290048584,0.0609615770924014,2.3547862,277
2026-02-10,0.19133005,0.20463109,0.14590737,0.07464572,0.30242017,0.08106561,0.041862720661367196,0.35163754581046225,0.03514548543559346,0.028775495861719912,0.45728518904848187,0.08529357701740738,2.425125,365
2026-02-11,0.1701397,0.24924661,0.10319804,0.044915542,0.3181291,0.114370994,0.042921927222039594,0.2905995400164704,0.047897136988977226,0.016570066607637744,0.5235829418854796,0.07842836568233977,2.3569472,262
2026-02-12,0.21104087,0.2592753,0.10751455,0.046858605,0.29291803,0.08239266,0.05703962369158732,0.17101488316331062,0.0484551604612925,0.04290495971383834,0.6028173584010486,0.07776804764582249,2.3470163,183
2026-02-13,0.1738288,0.22842994,0.119706325,0.075416684,0.32442066,0.078197606,0.018620112200250654,0.45757862694716717,0.037811145743702944,0.026160660143117933,0.32720121491875,0.13262822840926147,2.3875952,209
2026-02-14,0.19424744,0.24672183,0.1262173,0.06846729,0.27398965,0.09035651,0.02314617009938655,0.4483367480571955,0.027504265618076406,0.1899124144546241,0.2697844656155724,0.04131593644020965,2.4242349,142
2026-02-15,0.19153185,0.12000184,0.2419687,0.073678516,0.32268253,0.05013655,0.009182346715441417,0.23320629834003007,0.029811790325191365,0.009718961076654003,0.4902992090882205,0.227781415975974,2.3393543,103
2026-02-16,0.15628974,0.2392128,0.15527123,0.053729396,0.32630128,0.06919558,0.06793568518332793,0.3433549085422237,0.030111823565583846,0.027824317929660315,0.44429443083471787,0.08647883195255586,2.3498542,369
2026-02-17,0.1743334,0.21954003,0.16004345,0.041335937,0.33442086,0.0703263,0.03214393369949916,0.3711347288035052,0.030593423585197482,0.11233872981371548,0.3992005632944323,0.05458860622734485,2.330442,409
2026-02-18,0.17276631,0.21484944,0.12472852,0.056787025,0.3547538,0.07611489,0.03512689182258344,0.3858612721785687,0.04436916618999072,0.041508455064032876,0.4126513301920545,0.08048287632564666,2.3370934,234
2026-02-19,0.23496768,0.22587653,0.13085388,0.05459946,0.27869704,0.07500543,0.023719280779792427,0.676898263800097,0.021558672199735677,0.028693679465840227,0.18440632930092546,0.06472376969903543,2.3827293,297
2026-02-20,0.1667109,0.24715073,0.1392448,0.085523285,0.29952216,0.061848126,0.03195467477020645,0.41497018675865865,0.03695500258457958,0.03438837472404932,0.41033582581800637,0.07139591326407278,2.3979945,156
2026-02-21,0.21429294,0.2045045,0.16670275,0.056631085,0.30762935,0.050239373,0.14678454632707902,0.515972969680055,0.041800378534932,0.014029106460791897,0.2612052332570022,0.02020775729835198,2.3499358,186
2026-02-22,0.2608697,0.18816067,0.15728083,0.073479794,0.27605212,0.04415685,0.08407654739291415,0.2633625803878695,0.03551976181423301,0.04505987603597065,0.45622031370382016,0.11576093438586782,2.3670464,247
2026-02-23,0.18711378,0.21146467,0.15576142,0.05050288,0.3333402,0.061817054,0.05618653854286226,0.3524388254375989,0.03408707703104522,0.08255408730115502,0.3139647166073679,0.160768741473385,2.3383985,216
2026-02-24,0.15227012,0.24569723,0.14785887,0.05301152,0.33191416,0.06924811,0.018002046048969725,0.4283408925029561,0.02455756782998552,0.015124259650979325,0.4037181442857391,0.11025707585557537,2.338261,261
2026-02-25,0.12665907,0.21215004,0.1073739,0.049970362,0.40257287,0.101273775,0.02272472931220393,0.29492443301496324,0.04437706941740755,0.07901855002530939,0.5001767837628116,0.05877843407899695,2.276816,143
2026-02-26,0.14216967,0.2261525,0.14263454,0.05713498,0.34268108,0.08922723,0.05460875656126202,0.2550216076538209,0.05202559839048621,0.019338531469889817,0.505296672710453,0.11370885142158207,2.3623512,238
2026-02-27,0.13635047,0.21090764,0.16142909,0.09444945,0.2971596,0.09970374,0.05167443379984543,0.32421554185867385,0.05721846090552848,0.06719862526435351,0.3871387056883359,0.11255423417452178,2.4636383,350
2026-02-28,0.2817373,0.21919736,0.120138966,0.058469456,0.24333915,0.077117786,0.18207529017410742,0.5821690704652274,0.05453938636294969,0.014546805354323726,0.10945003980460823,0.05721941436985067,2.3829126,246
2026-03-01,0.2971073,0.24745175,0.10579235,0.0541348,0.23705193,0.058461867,0.0786683299912715,0.6402138704057482,0.011701868761273283,0.10554058030231846,0.06578921671843563,0.09808612928262252,2.3211536,236
2026-03-02,0.2042547,0.27660966,0.08181794,0.06611822,0.3070636,0.06413587,0.07389511560292104,0.6307573307106227,0.017557383572688892,0.06475641410128251,0.17564065807027596,0.03739310232056044,2.3127046,296
2026-03-03,0.24366845,0.2163708,0.12782699,0.08374401,0.261135,0.06725474,0.044896925589523975,0.37946473271452646,0.05509055119389617,0.05525926552818756,0.3719856292584121,0.09330291228935868,2.4209328,387
2026-03-04,0.2622521,0.23658118,0.11944327,0.049264807,0.26733828,0.0651204,0.0785357047092009,0.4268392366238971,0.08201021292416867,0.013822428750471665,0.2772725083616775,0.12151990747900887,2.3439696,587
2026-03-05,0.22669414,0.25630903,0.12472168,0.06368577,0.26038522,0.06820417,0.059996150323054394,0.3340265700996742,0.03772022641594131,0.040561988156655855,0.4096852218994057,0.11800984635237324,2.3860812,523
2026-03-06,0.24534374,0.23783411,0.1327233,0.071651846,0.26938638,0.043060623,0.08366144625607409,0.3597564342894621,0.04415240577787529,0.07583986710840088,0.33688630171976686,0.09970353831062846,2.3544333,460
2026-03-07,0.26542825,0.19484673,0.15772985,0.03282259,0.28779265,0.061379924,0.025394123953934693,0.4375313725350211,0.034642134506201794,0.01822041680869513,0.4222245802115554,0.06198737586618969,2.3139932,362
2026-03-08,0.21795341,0.25185087,0.12266371,0.08385389,0.27190688,0.05177123,0.04104431217205747,0.4386433568300659,0.020820812014521593,0.25782202549036237,0.21244610138329967,0.029223391478473318,2.3832672,370
2026-03-09,0.24148059,0.3181444,0.09368217,0.048991196,0.21448982,0.08321184,0.05423803930296999,0.5206279951101509,0.021980238682068613,0.018447265166473763,0.22429958734039704,0.1604068961187003,2.3287685,424
2026-03-10,0.25382018,0.24062553,0.13262123,0.049583048,0.26615602,0.057193983,0.13262916161041166,0.4745755379050658,0.019551449641605982,0.05582603903575774,0.2073858127878369,0.11003199930367452,2.342402,418
2026-03-11,0.21828905,0.22361484,0.15313521,0.06051441,0.292544,0.051902503,0.048673633390513324,0.49598902580085946,0.03297650662541976,0.04106360512573438,0.3235806335606043,0.057716609636945825,2.3622222,564
2026-03-12,0.20573574,0.2861385,0.09750935,0.05902125,0.27131876,0.08027636,0.042437884664265,0.34888776443529235,0.0473096671313997,0.13821667252760259,0.3124734971713995,0.11067452103270577,2.3570027,537
2026-03-13,0.29221514,0.2867526,0.11326802,0.03885322,0.2071622,0.061748806,0.0657591840206133,0.3646059947458553,0.030393805834767754,0.01829588595871476,0.39346822525891656,0.12747689584096106,2.291956,359
2026-03-14,0.22566995,0.21846312,0.13731818,0.05928143,0.30775267,0.05151467,0.15014347913627246,0.31135114630416083,0.07556590700502702,0.20684266955699326,0.2285655727200454,0.027531242400545882,2.342735,259
2026-03-15,0.25513163,0.27940473,0.11070088,0.04158023,0.24355397,0.06962854,0.03479054060266801,0.49108538201294816,0.036234882974873414,0.015414919035046536,0.34854628551788264,0.07392794002941998,2.3229933,350
2026-03-16,0.28644457,0.24475057,0.111305214,0.061420113,0.23981935,0.056260183,0.07614425853504725,0.4494190414758676,0.026369960580644676,0.02712224147419353,0.3361306009954401,0.0848138915606254,2.341021,377
2026-03-17,0.1716196,0.32630143,0.101034045,0.05352351,0.26946464,0.078056775,0.0239124049644956,0.548384569751724,0.025924728304282132,0.017928032895811574,0.32690409080451677,0.05694618038263668,2.3207655,376
2026-03-18,0.20976105,0.28132746,0.1259647,0.039667636,0.27614573,0.06713342,0.07789787324899987,0.525479262369157,0.03696813857668848,0.07018476320142653,0.22252134590433248,0.06694861562191737,2.322825,351
2026-03-19,0.18327393,0.3121699,0.10348615,0.05787717,0.25390935,0.089283496,0.06289009501631448,0.5758154966813774,0.018045761455515147,0.060561137170691635,0.2195862392452065,0.0631012833409079,2.3628721,398
2026-03-20,0.2136157,0.24744117,0.12194366,0.068462096,0.2709363,0.07760107,0.036479621790403434,0.3241107886019915,0.02402389723440637,0.012732022095459117,0.37407445605327966,0.22857922158112084,2.405906,414
2026-03-21,0.2517962,0.2637985,0.13071114,0.051497415,0.27037862,0.031818185,0.09740315611774905,0.4220570812757117,0.04786651802880049,0.018186785000206013,0.37349818108122,0.04098828385979426,2.2806804,208
2026-03-22,0.1817028,0.1957007,0.15429987,0.06968877,0.3303008,0.06830706,0.14407792644578388,0.5107289769198379,0.045870667101904045,0.016991946582505302,0.2525650281507728,0.029765427444816476,2.3837636,215
2026-03-23,0.23082988,0.24177289,0.13626984,0.041663215,0.28720754,0.062256616,0.11389840756262093,0.38574802940593106,0.03631101284078039,0.044844127553590234,0.3209892162170185,0.09820919514612622,2.332616,457
2026-03-24,0.2715628,0.2330454,0.13401397,0.048202865,0.25314292,0.06003202,0.11881969424587731,0.4240451208491186,0.026353177905381164,0.043037106969209316,0.24869865737613434,0.1390462428825068,2.3452096,519
2026-03-25,0.28104624,0.30536,0.093901224,0.036321882,0.2276108,0.055759892,0.025368012176157948,0.4763990320792006,0.05003023178783576,0.0359473357318063,0.34636755142389736,0.0658878363735934,2.249664,474
2026-03-26,0.2216844,0.24627861,0.11657046,0.041366808,0.3027355,0.07136422,0.026951764958011423,0.295887971335308,0.07149275639631328,0.02957141465492938,0.46029424673450664,0.11580184735122377,2.324927,546
2026-03-27,0.20862316,0.27209806,0.109687686,0.048889667,0.2818727,0.07882876,0.02821259724397101,0.5883272791542381,0.019708591081631185,0.01828236950432458,0.2176355240013224,0.12783365581368533,2.3491395,560
2026-03-28,0.27823865,0.1965819,0.12958847,0.043887895,0.28905314,0.06264992,0.024184336969502826,0.47213449252208806,0.036527918879591954,0.1513347955905323,0.24152722183980013,0.07429121095763273,2.322778,310
2026-03-29,0.16205227,0.2357885,0.1457296,0.041559327,0.32030198,0.09456833,0.029824286924605366,0.6759189914757717,0.035067951053068064,0.012050179415662582,0.21360585896240053,0.03353270998767353,2.3604436,293
2026-03-30,0.24943165,0.23740263,0.13969153,0.047747374,0.26881284,0.05691399,0.05472865695665878,0.3470631629449215,0.045609593751026446,0.025814622507339912,0.4860904084426777,0.04069355430012522,2.3432434,503
2026-03-31,0.22555968,0.26025,0.113619514,0.04849331,0.285292,0.06678552,0.11576058865633727,0.483344154656545,0.0304743796988981,0.015085375249313564,0.3163805816004066,0.03895493374009877,2.3352256,451
2026-04-01,0.2795058,0.21614063,0.12915604,0.04836078,0.2725022,0.054334532,0.04053750185773707,0.38997587703533476,0.03967719753798831,0.023557722435181568,0.44877814337308525,0.05747355484275222,2.3238325,513
2026-04-02,0.21504483,0.25781432,0.12328337,0.05849882,0.28464767,0.060710996,0.04614804789436569,0.5835461071260187,0.02879729390459141,0.016820171098898537,0.2457731770955636,0.07891521992600169,2.3542688,475
2026-04-03,0.1402825,0.25881475,0.12116815,0.036081202,0.38090968,0.06274374,0.03499336344055349,0.6541514560434393,0.0325580882938097,0.02412512736938476,0.194647615475635,0.059524340734544046,2.225096,294
2026-04-04,0.23489128,0.21256657,0.12980151,0.03019991,0.3170071,0.07553365,0.04046825554393623,0.5602562193493756,0.1189602156525865,0.01568332799446049,0.2201915583830868,0.04444039188551433,2.3075244,174
2026-04-05,0.34319517,0.16742755,0.12532939,0.057771694,0.27076334,0.035512846,0.046266943750259276,0.537544447011608,0.0505628426827206,0.01578871868692688,0.27628276820012554,0.0735542822451483,2.2557383,263
2026-04-06,0.26613933,0.23255073,0.13942744,0.047820885,0.2579202,0.056141425,0.10706375806712934,0.4245803131701318,0.03391589857359988,0.02147778273719554,0.35741346453059725,0.0555487969869787,2.3411884,313
2026-04-07,0.19886684,0.223843,0.13227265,0.05263588,0.3082845,0.08409714,0.1804930642948909,0.36068415372463125,0.0375819288310697,0.03117535194180933,0.3233300758718214,0.06673543819128214,2.380116,553
2026-04-08,0.2602946,0.23657556,0.1386381,0.059608676,0.25106305,0.053820036,0.11631577023089663,0.44136900829135056,0.07277593801034274,0.06935651918677839,0.2631118539868364,0.03707089210748361,2.362614,441
2026-04-09,0.22503534,0.23683545,0.14007255,0.036235083,0.2996278,0.062193736,0.060629260929896324,0.3100951321908685,0.04071768964879366,0.033564661925912814,0.35586635133433603,0.19912688737405382,2.317225,596
2026-04-10,0.14449051,0.2560049,0.13146326,0.072128475,0.30999798,0.08591485,0.047516016565125524,0.19247261221216624,0.035069636805735126,0.19740925555066374,0.3132924182455439,0.21424008065037345,2.392956,469
2026-04-11,0.22976395,0.21108271,0.14267798,0.043773975,0.31601423,0.056687158,0.22871473546288937,0.2667139601640184,0.031035594232559967,0.28413563354202204,0.1685494435365651,0.02085062975790435,2.3195229,255
2026-04-12,0.216234,0.28214258,0.104257606,0.09211951,0.22836375,0.07688253,0.20348456536144255,0.3526096595077809,0.0175816810130018,0.22626798442989918,0.14628199117887813,0.053774112320070545,2.4208822,300
2026-04-13,0.22618845,0.28804922,0.117997974,0.042607263,0.2621834,0.06297368,0.08984125088392794,0.3954499695754877,0.035775790782345614,0.07906695400707468,0.32613758456290604,0.0737284592369112,2.3176286,550
2026-04-14,0.2560015,0.23674811,0.112045705,0.03817578,0.29430628,0.06272262,0.0689756272907261,0.4161492470868028,0.03800641604331954,0.08525850375724588,0.3107694709731668,0.08084073449266947,2.2989209,417
2026-04-15,0.52274156,0.23088999,0.04205801,0.015986878,0.14150515,0.0468184,0.5227415660834488,0.23089000193730874,0.042058006997275,0.015986878917936015,0.14150515628759475,0.046818400678389216,1.871109,17
