date,Все товары и услуги,"- без плодоовощной продукции, нефтепродуктов и ЖКХ",Продовольственные товары,-без плодоовощной продукции,Мясопродукты,Рыбопродукты,Масло и жиры,Молоко и молочная продукция,Сыр,Яйца,Сахар,Кондитерские изделия,"Чай, кофе",Хлеб и хлебобулочные изделия,Макаронные и крупяные изделия,"Плодоовощная продукция, включая картофель",Алкогольные напитки,Общественное питание,Непродовольственные товары,- без нефтепродуктов,Одежда и белье,Меха и меховые изделия,Трикотажные изделия,"Обувь кожаная, текстильная и комбинированная",Моющие и чистящие средства,Парфюмерно-косметические товары,Галантерея,Табачные изделия,Мебель,Электротовары и другие бытовые приборы,Печатные издания,Телерадиотовары,Персональные компьютеры,Средства связи,Строительные материалы,Легковые автомобили,Нефтепродукты,Медицинские товары,Услуги,- без ЖКХ,Бытовые услуги,Услуги пассажирского транспорта,Услуги связи,Жилищно-коммунальные услуги,Услуги гостиниц и прочих мест проживания,Услуги в системе образования,Услуги организаций культуры,Услуги в сфере зарубежного туризма,Экскурсионные услуги,Санаторно-оздоровительные услуги,Медицинские услуги,Базовый ИПЦ,Базовый ИПЦ без услуг туризма,p_Aggression_mean,p_Anxiety_mean,p_Disappointment_mean,p_Hope_mean,p_Neutral_mean,p_Uncertainty_mean,p_Aggression_wmean,p_Anxiety_wmean,p_Disappointment_wmean,p_Hope_wmean,p_Neutral_wmean,p_Uncertainty_wmean,emotion_entropy,msg_volume,log_msg_volume,d_p_Aggression_mean,d_p_Anxiety_mean,d_p_Disappointment_mean,d_p_Hope_mean,d_p_Neutral_mean,d_p_Uncertainty_mean,d_emotion_entropy,d_log_msg_volume
2020-01-01,0.1702499682846934,0.1445146416926519,0.059786324026902,0.1002315874521997,-0.1299999999999954,0.229288493551337,0.1800000000000068,0.2008177954599972,0.3001914174119804,-2.116040117936052,-0.6903756111008903,0.1400000000000005,0.0100000000000051,0.3199999999999932,0.0699999999999931,-0.2429643242238626,0.4599999999999937,0.0499999999999971,0.2509966654381514,0.2545762841294419,0.1288720071266311,-0.0781247555362369,0.1880617060510161,0.1851213157060698,0.2300000000000039,0.0691268101576696,0.0253714841262961,0.7900000000000063,0.0252149943102324,-0.1299047695318762,0.2344090102031231,-0.5600000000000023,0.0499999999999971,-0.0300000000000011,0.0699999999999931,0.5900000000000034,0.2261204531476721,0.5300000000000011,0.2251489731364699,0.062977035648629,0.1301982810307578,0.0151842234033807,0.1200000000000045,0.5159850927569067,-0.171104732883677,0.2779830057525032,0.2622319299220805,-0.6807978183382346,0.1400000000000005,0.1064684072785553,0.2834951594014683,0.0950414114012403,0.1180653142416616,0.0640010091290322,0.285993013516129,0.0502729037419354,0.0457368013064516,0.409093369032258,0.1449029061612903,0.070221426941901,0.2882694531845174,0.0489528698976494,0.0462042523977912,0.4016269468965739,0.1447250518467931,1.975864964516129,455,6.12029741895095,,,,,,,,
2020-02-01,0.1926213983817888,0.1310504968522536,0.140380252984329,-0.0104785297321967,-0.4000000000000057,0.1275718380431385,0.019999999999996,0.3669665340836303,0.4189240047435021,-4.283316358399759,-0.4492903039070057,0.1599999999999966,0.0699999999999931,0.3100000000000023,0.25,1.3816749209887575,0.4500000000000028,-0.1700000000000017,0.0767071052768386,0.0828724688068547,0.0867754744089381,0.1403561377899933,0.1567244115247632,0.0666003576236846,0.019999999999996,0.0780713832760255,0.1875032458079033,0.5,0.0422953578018194,0.4792057785744958,0.2394165632805283,-1.1599999999999966,-0.5799999999999983,-0.5400000000000063,-0.0100000000000051,0.019999999999996,0.0338673306425079,0.3599999999999994,0.4024715098909865,0.469712637140617,0.2320350057967886,0.5091692176595046,1.2999999999999972,0.2830956085958007,-0.4546810042337483,0.3467799673409075,0.0261981561078101,0.1050115320889091,0.2099999999999937,0.3412946093102249,0.36314913974131,0.1701234954051926,0.172525402977115,0.0387912324655172,0.3835259788275862,0.0431423337586206,0.0451092819310344,0.3411286362068965,0.1483025336551724,0.0443827351133942,0.3956641179985192,0.0441084910011608,0.0452425522901883,0.3151701051071783,0.1554319981374717,1.9289085620689657,416,6.030685260261263,-0.025209776663514996,0.09753296531145722,-0.007130569983314801,-0.0006275193754171973,-0.06796473282536153,0.0033996274938820903,-0.04695640244716337,-0.08961215868968697
2020-03-01,0.5338719062156088,0.5204598934960671,0.8290869028071768,0.6934694970399562,0.730000000000004,0.3775223024644418,0.8700000000000045,0.4541037729836006,0.6687125419710469,0.9077729179784768,10.850955497085836,0.2000000000000028,0.5,0.5300000000000011,2.739999999999995,1.870706345058835,0.5300000000000011,0.1599999999999966,0.4626081592920172,0.5198654113024617,0.1315284020507761,0.249595703746877,0.1283153697951604,0.0535624150297593,0.5600000000000023,0.5369055710458213,0.2385781290086299,0.7399999999999949,0.2641164050332349,2.290625655634159,0.267278294066557,2.019999999999996,1.5699999999999932,-0.1400000000000005,0.2399999999999948,0.4500000000000028,0.0646260698325278,1.1500000000000057,0.2289250659291042,0.2001955123330532,0.2169389833117634,-1.0674531607188555,0.8299999999999983,0.2805695212127119,0.0801861022839034,0.4131515267502692,0.1540007527740954,0.8351718854747929,0.5600000000000023,0.3635270477409875,0.5437397991825179,0.4314546985807652,0.4208198190848691,0.041603278032258,0.4862025109677419,0.037411508548387,0.0404050119193548,0.2634414222580645,0.130936272,0.0425276332060806,0.4979075346535141,0.0366662649469497,0.0448429422129344,0.2386234360321371,0.1394321918311353,1.8682833,531,6.274762021241939,0.0028120455667407993,0.10267653214015571,-0.005730825210233603,-0.004704270011679605,-0.07768721394883199,-0.01736626165517241,-0.06062526206896557,0.24407676098067554
2020-04-01,0.8085582467095804,0.6346392942652557,1.520570460251463,0.9064956687775664,0.9300000000000068,0.7190668022957425,0.6500000000000057,0.642375359072517,0.7241298478677578,7.182812949466495,5.488278689873297,0.3799999999999954,0.4599999999999937,0.4500000000000028,5.25,6.275625254772436,0.3599999999999994,0.2999999999999971,0.4703731292302961,0.5701833653611601,0.0026151491181281,0.1347856411723711,0.0339326583444403,-0.0830530076326141,1.269999999999996,0.4401963348991131,0.2429961338497719,0.7399999999999949,0.2895439702975437,1.1857255478738438,0.2280312688470473,0.25,1.1299999999999957,-0.269999999999996,0.5900000000000034,0.4500000000000028,-0.2268747052015811,3.0,0.2730441542042285,0.2560783451751973,0.1231430054597666,0.6906177563186304,0.3900000000000005,0.3035328597234041,-0.0847422180862054,0.2533902348079522,0.2105598099410315,0.2830770212768101,0.0,0.285909667550797,0.1758012519811274,0.4541540022059678,0.463786577877002,0.0488930935,0.4440394096666666,0.0345263755666666,0.05345708195,0.2848663113333333,0.1342177286666666,0.0477282486912461,0.4435559770403819,0.0354879524061996,0.050637830168713,0.2743743147997327,0.1482156764793522,1.9379966733333331,538,6.2878585601617845,0.007289815467741996,-0.04216310130107531,-0.002885132981720398,0.0130520700306452,0.021424889075268794,0.003281456666666599,0.06971337333333305,0.013096538919845635
2020-05-01,0.3186156322830413,0.3931465999590955,0.29196494336135,0.4176518099060331,-0.2900000000000062,0.4302113991887353,0.3799999999999954,0.5893817856240418,0.5936225244040259,4.730775297956782,-1.0011205393091274,0.5999999999999943,1.1700000000000017,0.5100000000000051,3.489999999999995,-0.5631680122739766,0.3100000000000023,0.2099999999999937,0.3148834174966595,0.3624355787629696,0.1689537681781843,0.0743126599729464,0.1715327059789899,0.1284418242839535,0.5699999999999932,0.4950050495444458,0.2586624512890694,0.6899999999999977,0.2718213429216689,0.3103398638933896,0.3178774244281328,-0.4200000000000017,0.2399999999999948,0.2300000000000039,0.5,0.4500000000000028,-0.0199698206228049,0.5900000000000034,0.3737822261980028,0.4322438687975847,0.2732439921132794,0.8666082130812498,1.25,0.2685256252690635,-0.8581696809241635,0.3538006915008367,0.1194042847448884,-0.5237710838420213,0.0,-0.698234437549587,0.225568789481656,0.3024651184329912,0.3375524585450762,0.0318414952258064,0.3773644525806451,0.0366384108064516,0.0379894772096774,0.3759854029032258,0.1401807602903225,0.0347052999836266,0.3649752602952368,0.0359073547882081,0.0391340773406008,0.3751173262024901,0.1501606779176675,1.8924502677419357,485,6.184148890937483,-0.0170515982741936,-0.0666749570860215,0.0021120352397850026,-0.015467604740322598,0.09111909156989251,0.005963031623655912,-0.04554640559139744,-0.10370966922430114
2020-06-01,0.276473438399492,0.2145145626397351,0.439957135441432,0.4024769289970891,0.2300000000000039,0.0693098016006104,0.4699999999999988,0.4738374890494725,0.6289651198168542,-0.2796615414652024,-0.1919749827000458,0.6599999999999966,0.8100000000000023,0.8499999999999943,1.8400000000000036,0.6996134480016707,0.2099999999999937,0.1400000000000005,0.4411278653796699,0.3639994649004165,0.2401341353672279,0.1553793559606191,0.2745741623164264,0.2418649901295708,0.6299999999999955,0.6243838957647085,0.2955544242965118,0.8299999999999983,0.3589179450913349,0.6828695977670378,0.2824699723001913,-0.8599999999999994,0.0100000000000051,-0.0600000000000022,0.3199999999999932,0.3700000000000045,0.9859842666950982,-0.0999999999999943,-0.1716718480302717,-0.4206138647372057,0.3668597762197976,-1.9887764396434733,0.3299999999999983,0.2782006873907363,-0.2387509181448166,0.2988717128203575,0.1468714256407537,-1.6106755295874962,0.0100000000000051,-3.1565728207284707,0.3361659582777889,0.3189598383832219,0.4003248209317291,0.0491004256333333,0.3783530516666666,0.041771958,0.0453765406999999,0.3585519723333333,0.1268460536666666,0.0542738832320769,0.353867456980481,0.042749698255805,0.0502628829249228,0.3623384981598355,0.1365075839751396,1.96034374,477,6.1675164908883415,0.0172589304075269,0.0009885990860215021,0.005133547193548395,0.007387063490322497,-0.017433430569892494,-0.013334706623655906,0.06789347225806419,-0.016632400049141793
2020-07-01,0.3860553896337819,0.2888742871537744,0.6988279254202467,0.3733819065341492,0.3799999999999954,0.13721300289221,0.2300000000000039,0.3597186153050415,0.4395379628879396,2.675364330522044,2.6186075565062765,0.3499999999999943,0.4000000000000057,0.519999999999996,0.3100000000000023,3.082090495701692,0.0999999999999943,0.1099999999999994,0.3550572876839908,0.2707773498710537,0.2021180595686189,-0.0172584723914752,0.242115915467906,0.1125639555528152,0.2999999999999971,0.4183591845132781,0.3276478706362837,0.5300000000000011,0.3510268369875717,-0.1277316650071753,0.3684815270527366,0.3199999999999932,-0.269999999999996,0.269999999999996,0.2000000000000028,0.2099999999999937,0.9461304353842196,0.1299999999999954,-0.0122381009510093,0.1484838066118641,0.4648100163098263,0.1910438172456139,0.1899999999999977,-0.3186099565161981,2.567197178477357,0.3975966889513387,0.3237707333524611,-1.5026986440596772,-0.4099999999999966,5.862950083767117,0.3655188037350712,0.4102284108093101,0.4231707730451433,0.0307144894516129,0.3786130103225806,0.0467470347419354,0.0451348974193548,0.3752531037741936,0.1235374690645161,0.0304517631746296,0.3667826604779076,0.050115534718761,0.0489461841337493,0.369055131045172,0.134648731004192,1.903035841935484,576,6.356107660695892,-0.018385936181720398,0.00025995865591399436,0.004975076741935404,-0.00024164328064509716,0.016701131440860273,-0.0033085846021504994,-0.05730789806451586,0.18859116980755086
2020-08-01,0.3797052278714261,0.3139011069820441,0.448155023323892,0.3078621692475281,0.3499999999999943,0.1409933662373816,0.2900000000000062,0.4267559030693775,0.4099937885043516,-0.4144560932708856,3.0901590430094217,0.2000000000000028,0.1200000000000045,0.5300000000000011,-0.0400000000000062,1.511518226048295,0.0499999999999971,0.3299999999999983,0.3653259931421928,0.3842143680118539,0.1522805486390552,0.1178514315609788,0.1970582653619317,0.1116294266670081,0.0900000000000034,-0.022899080652408,0.2655415503675158,0.5699999999999932,0.3873874590281332,-0.0294438211735723,0.492232592027463,0.0900000000000034,0.2399999999999948,-0.0699999999999931,0.4200000000000017,0.5600000000000023,0.2338172906660531,0.3700000000000045,0.2950894336870107,0.194465553076867,0.3691523483998509,0.4590028320381094,-0.25,0.474179339010746,2.1897367696578414,0.3790171609592931,0.3793666758747918,-0.761733405191606,0.8199999999999932,0.9711729286181878,0.4281316219458801,0.344345955957408,0.363210848814262,0.0496321643870967,0.3851508703225806,0.0422168536129032,0.0361385627903225,0.3580586561290322,0.1288028869032258,0.0496389463676683,0.3724223242578686,0.0422504341521804,0.0367515286198476,0.342578747126349,0.1563580184915206,1.9338547096774197,567,6.340359303727752,0.0189176749354838,0.0065378600000000064,-0.004530181129032203,-0.0089963346290323,-0.01719444764516137,0.005265417838709707,0.03081886774193565,-0.015748356968140698
2020-09-01,0.2379779281264973,0.3155046091746953,0.0744318104528787,0.2622878745120971,0.0400000000000062,0.4809064158202716,0.9899999999999948,-0.1005838142267236,0.2742159080866457,-2.561741064205876,8.558689906030168,0.3700000000000045,0.3900000000000005,0.4899999999999949,-0.1899999999999977,-1.508238512481526,0.0799999999999983,0.2000000000000028,0.4615786752160318,0.512924884745317,0.1618534336516717,-0.1081169847114438,0.0972404562203337,0.074907210433821,0.269999999999996,0.3901974388112137,0.2368034284659046,0.5900000000000034,0.5608188262635281,0.1151079507915966,0.3316835951856518,0.1599999999999966,0.769999999999996,0.4500000000000028,0.5,0.8599999999999994,0.1033127753576508,0.8900000000000006,0.1644014509903542,0.0441246441880025,0.2825956184790357,0.6658130429528768,-0.5999999999999943,0.3785614609683136,-1.0911072049870825,-1.8610770141003317,0.1921238213660814,1.699939350486957,0.2300000000000039,-2.09415627750208,0.3686218775987697,0.2460274224270904,0.2269829176439373,0.0592551689333333,0.3821613773333333,0.0470772388666666,0.0387325139166666,0.3597757746666666,0.1129979242666666,0.0734577221053753,0.3640579715465578,0.0465463871090673,0.0437022224947533,0.3439860218425382,0.1282496700847185,1.9381441833333333,590,6.380122536899765,0.009623004546236602,-0.002989492989247333,0.004860385253763401,0.002593951126344099,0.001717118537634399,-0.0158049626365592,0.004289473655913589,0.039763233172013024
2020-10-01,0.4089432165763753,0.5412220353945969,0.3407889633409979,0.5909177044373735,0.3700000000000045,0.6572305226561497,2.489999999999995,-0.0199785637807252,0.0900832049167945,-0.3934347330880428,16.98431918974292,0.2600000000000051,0.3100000000000023,0.730000000000004,0.8400000000000034,-1.8626318731180616,0.019999999999996,0.3199999999999932,0.5735524175851481,0.6389026268952307,0.135711586498104,0.9413961773572056,0.1767543112214156,0.0431915180974016,1.0600000000000025,0.4334979297709935,0.2681276581232055,0.5900000000000034,0.7281830191743666,0.5850766160872922,0.3258029977317704,-0.2999999999999971,0.6800000000000068,0.1899999999999977,0.75,1.3499999999999943,0.1151273585738721,0.9500000000000028,0.3028497585773948,0.2887262631217595,0.232407618831985,-0.2399691204380616,-0.25,0.3277767770125877,0.2395635924118835,0.3664682035593216,0.1889979029452035,1.5716545967004834,0.1800000000000068,0.974491332650146,0.3321629548031808,0.3635718382048623,0.3265397398779299,0.047172409516129,0.3512001880645161,0.0503779903870967,0.0434916232258064,0.3842437638709677,0.1235140251290322,0.0511751240083908,0.3310997207131189,0.0528542336919185,0.0430096096566225,0.3798497842985145,0.1420115279482988,1.942642825806452,619,6.428105272684596,-0.012082759417204304,-0.03096118926881719,0.0033007515204300994,0.0047591093091398015,0.0244679892043011,0.010516100862365596,0.004498642473118819,0.047982735784831476
2020-11-01,0.5745284662145309,0.5536365060013111,0.8550753342349822,0.699418737858764,0.3799999999999954,1.0545930042517568,2.980000000000004,0.1106650113195826,0.4008518214308765,2.736118090768187,9.36127231037365,0.5999999999999943,0.3599999999999994,0.9200000000000016,1.0300000000000011,2.207529281561221,0.0300000000000011,0.2800000000000011,0.5236210669116019,0.5923594867619641,0.1374372095446858,-0.2745967663862956,0.135989433218981,0.1396761330232152,0.7099999999999937,0.3850954600399348,0.2366596871113699,0.6400000000000006,0.856031216656632,0.5161853689646989,0.3716706351172263,0.0900000000000034,0.3700000000000045,0.3400000000000034,0.769999999999996,1.0600000000000025,0.0383992102896115,1.0699999999999932,0.2837402394574013,0.2410749205153592,0.2231560254642772,0.2037185649675876,0.0600000000000022,0.3588763476638661,-0.169309412202665,0.3743451097089547,0.1573275686442343,0.4758825659861685,0.1200000000000045,0.5575952582225625,0.4484383996144316,0.4960914790677293,0.4998351130764291,0.0420624985333333,0.343216853,0.0457957725333333,0.0472794582,0.4061805283333333,0.1154648934,0.0473355889087506,0.3200341967380112,0.0505091130855906,0.0541922847214898,0.3959074221010353,0.13202139879677,1.9400066366666664,659,6.490723534502507,-0.005109910982795701,-0.007983335064516095,-0.0045822178537634,0.0037878349741935977,0.021936764462365588,-0.008049131729032197,-0.002636189139785694,0.06261826181791097
2020-12-01,0.5593764253166285,0.4769302861651994,0.8625830751420409,0.583944092926572,0.7000000000000028,1.0806277842945775,0.9500000000000028,-0.0049353229456841,-0.0396003974619532,6.80026928676898,-1.9647198679043496,0.5499999999999972,0.25,0.9200000000000016,0.7199999999999989,3.200074601598501,0.1800000000000068,0.3900000000000005,0.40079077444841,0.4480275554180224,0.0360888063430877,-0.6912124179139596,0.1536439290515119,0.1147686013275262,0.1599999999999966,-0.1287392882696707,0.1741624729724833,0.6500000000000057,0.923250381431771,0.3581161459928097,0.2937143761544405,-0.2099999999999937,0.4699999999999988,0.3700000000000045,0.8799999999999955,0.8900000000000006,0.0655239681449586,0.7099999999999937,0.3406434132979967,0.3125151144116103,0.2669056794401001,0.8491993730482932,-0.3199999999999932,0.3901604282082616,0.458267103265527,0.4384076738642761,0.2488709150581485,-0.2904605759279377,0.0,0.7637800078601771,0.4138637562775642,0.4984253152771458,0.5207744804673808,0.0353608972580645,0.3107914522580645,0.0475370234838709,0.0492359580645161,0.4256120993548387,0.131462562516129,0.0362977313191868,0.3089872509683193,0.0454109213849492,0.0551487418553434,0.4096165400075245,0.144538812903675,1.9447244096774197,736,6.601230118728877,-0.006701601275268795,-0.032425400741935506,0.0017412509505375998,0.001956499864516098,0.01943157102150539,0.015997669116129,0.004717773010753268,0.1105065842263695
2021-01-01,0.3922184358548151,0.4603218887661739,0.3118366726952359,0.5145002367985114,0.5699999999999932,0.7613522958150867,0.2300000000000039,0.2078344441093236,0.1705720992850388,0.5077236652450239,-1.0123678947423258,0.519999999999996,0.7399999999999949,0.4599999999999937,0.6800000000000068,-1.207109223938545,0.6200000000000045,0.3199999999999932,0.55163992125064,0.4914239773920172,0.2207751661467796,-0.0419868040493867,0.2893759747552735,0.2029785803915729,0.3100000000000023,-0.0308382628887642,0.2747084518173892,0.9099999999999966,0.7034616119566408,0.2392801390479206,0.2930625635853658,1.769999999999996,0.269999999999996,0.1400000000000005,0.9500000000000028,0.8400000000000034,0.9640721846169528,0.4899999999999949,0.3094518132185442,0.3206654547049226,0.2882375960059846,0.9057078768460228,0.0,0.2900488267055721,1.5373740727320635,0.384333218346427,1.1823912012807227,-0.4446691876729716,0.4899999999999949,0.4524466296880689,0.2355770373042816,0.4615107177084354,0.4792125152533515,0.042449647516129,0.3297668638709677,0.046532800516129,0.0419956937741935,0.4115785896774194,0.1276764050967742,0.0505471440456253,0.3212520407204428,0.0470915019375159,0.0451538439803224,0.3952733477531026,0.1406821160502041,1.9405123322580649,647,6.472346294500901,0.007088750258064498,0.018975411612903226,-0.0010042229677418996,-0.0072402642903225956,-0.014033509677419287,-0.003786157419354813,-0.004212077419354809,-0.12888382422797573
2021-02-01,0.5579383805172284,0.5114718446056656,0.7393490492817989,0.6193750343577022,1.0699999999999932,0.8183132703227187,0.4399999999999977,0.1922608577448699,0.5287118004602576,3.5825898990998155,-0.469656884329467,0.2399999999999948,0.4000000000000057,0.480000000000004,0.5900000000000034,1.5797233413266838,0.0900000000000034,0.5799999999999983,0.6105692138865066,0.5545955533790021,0.2135342797741799,0.1434556295619558,0.3398805313069601,0.0764049369775392,0.4699999999999988,0.5687057842212511,0.3675733947854382,1.7099999999999935,0.9658490229960393,0.1271730499874195,0.3076678879512258,0.0100000000000051,-0.0699999999999931,-0.2000000000000028,1.4500000000000028,0.6400000000000006,0.9919867687897151,0.4200000000000017,0.2580571316112952,0.254655448169828,0.4620759184728769,1.168751549947757,0.1700000000000017,0.2649288679643433,1.189645325758491,0.461479837826019,0.6658567617127318,-1.8129427947503984,0.2999999999999971,0.5637162290130107,0.4783598281219383,0.6111988118722564,0.6698145465368412,0.0304670008214285,0.3348214110714286,0.049202081,0.0396218987857142,0.4218933289285714,0.1239942779285714,0.0314957071577728,0.3318934189896055,0.0521079167722443,0.0393372751826509,0.4112818772449355,0.133883805254503,1.917850482142857,675,6.51471269087253,-0.011982646694700502,0.0050545472004608905,0.002669280483871002,-0.002373794988479304,0.010314739251152005,-0.0036821271682027923,-0.022661850115207827,0.0423663963716292
2021-03-01,0.5741468608338351,0.7297257435781148,0.711296796407197,1.101101015458056,2.299999999999997,1.0124417128814969,0.8100000000000023,0.3892735872281321,0.4389639257134803,3.816417385229244,-0.2806278738820964,0.5,0.7800000000000011,0.5799999999999983,0.769999999999996,-2.0064064797409458,0.480000000000004,0.6200000000000045,0.7048014874020225,0.6303194068179039,0.2633451487434399,0.2003876904258135,0.3230039002256433,0.2059778565277383,0.6700000000000017,0.5568685860068996,0.2770744615528713,1.3499999999999943,1.0902187488422754,0.0258119695978962,0.2948765765520562,1.1099999999999994,-0.0100000000000051,-0.2900000000000062,1.6800000000000068,0.9899999999999948,1.2100313025047882,0.2199999999999988,0.2247955681710607,0.2003015396503684,0.5096052085103793,0.6711275910576688,0.0999999999999943,0.2676993681266992,3.4525332673699864,0.3987658861655916,0.5249329189316967,-0.6165760770195874,-0.2999999999999971,0.1856514155849282,0.2161938000379706,0.7651761469430056,0.7960130355126438,0.0322735737741935,0.2753143312903226,0.0455213507419354,0.0623692742580645,0.4347986812903225,0.1497227856774193,0.0320570422286473,0.271913093148966,0.0445384191020827,0.0674003252716439,0.4188476043723381,0.1652435148743603,1.9641452741935483,842,6.735780014242327,0.0018065729527650017,-0.059507079781105976,-0.0036807302580646045,0.022747375472350305,0.01290535236175111,0.025728507748847912,0.046294792050691314,0.2210673233697973
2021-04-01,0.5779621061184201,0.6613554573516751,0.5808149357336418,0.7130426598255895,0.8299999999999983,0.7167959466804206,0.7800000000000011,0.3833185556713943,0.4232803929448607,6.474910158952454,0.3283753758911274,0.75,0.1899999999999977,0.8100000000000023,1.0400000000000065,-0.312776940072041,0.1299999999999954,0.3400000000000034,0.6909085004792672,0.7211193265679583,0.3649781978806459,0.1484491258453317,0.3259759964429065,0.3282643497262825,0.8499999999999943,0.4802567947654665,0.266923891370709,2.140000000000001,0.97519332249216,0.4144384302067436,0.3843865162382371,1.0900000000000034,-0.1899999999999977,0.0300000000000011,2.510000000000005,0.980000000000004,0.4870728178165535,0.3199999999999932,0.4166185030288716,0.4518733222210045,0.4682204717045124,0.4064354116933373,-0.019999999999996,0.3555774418282027,4.9078977467832345,0.6325426793125359,0.3811320001721867,-0.0176897253301575,0.8100000000000023,0.5547244060927881,0.5134287856602242,0.5364373000533647,0.5297279777745132,0.0263194263333333,0.2852543701333333,0.0528960145666666,0.0531313084333333,0.444276064,0.1381228166666666,0.0275639435697702,0.2901674825751271,0.0526971496029077,0.0534808928804675,0.4350772802329362,0.1410132513128153,1.97054704,885,6.785587645007929,-0.005954147440860202,0.009940038843010701,0.0073746638247312035,-0.0092379658247312,0.009477382709677518,-0.01159996901075272,0.006401765806451687,0.04980763076560191
2021-05-01,0.9015897719060888,0.877181061197561,1.1484625842581124,0.8815019775070425,1.1299999999999957,1.049416019425237,1.019999999999996,0.8734911129181739,0.6236193685172964,2.19631056322622,-0.1049357120777756,0.9200000000000016,0.4500000000000028,0.6599999999999966,0.8499999999999943,3.0351799008380738,0.3400000000000034,0.8799999999999955,0.8084220051044326,0.8892253728974424,0.3209345225723297,0.1150170333609423,0.3436721836269925,0.3052825333587066,0.7199999999999989,0.7553413607363382,0.4503608590406429,1.980000000000004,0.9959972634035807,0.8219196705099989,0.4206238354422567,1.1400000000000006,-0.0699999999999931,-0.5400000000000063,4.989999999999995,1.1800000000000068,0.261989377482692,0.2800000000000011,0.6851327196767727,0.872480292525438,0.5298034511770169,0.183867712769441,0.1800000000000068,0.3578724213103896,5.819132638964248,0.4945451180500981,0.6210177203877407,1.9145789988283184,3.0600000000000023,0.9248120954439116,0.6987319103363632,0.8239096802413286,0.7638340958733352,0.0378463897419354,0.3244324567741935,0.0458907851612903,0.058499637032258,0.4112206574193548,0.1221100724516129,0.0407755731665312,0.3270473118219034,0.045785547491805,0.0602679345520028,0.3992834832656504,0.1268401500150552,1.9830446774193549,843,6.736966958001855,0.011526963408602105,0.0391780866408602,-0.007005229405376304,0.0053683285989247,-0.03305540658064521,-0.016012744215053692,0.012497637419354835,-0.048620687006073915
2021-06-01,0.7200074754932189,0.5940996083102021,0.9592080693990256,0.5747133159458144,0.7600000000000051,1.00716372376057,0.4699999999999988,0.906927897984815,0.4484756543217116,-5.507734664249881,1.3870515468238125,0.9699999999999988,0.269999999999996,0.5499999999999972,0.6099999999999994,3.679869775109992,0.1200000000000045,0.6400000000000006,0.7846037531485024,0.8146797027551145,0.3004661704532481,0.1708485382876148,0.3766295884379786,0.1874929211045213,0.7199999999999989,0.5142107636325761,0.3258217928699451,1.9699999999999989,1.1237764087276076,0.4017783635045049,0.2705827558217919,-1.019999999999996,0.0499999999999971,-1.0699999999999932,6.75,0.980000000000004,0.5800688904195113,0.1500000000000056,0.2687741752027506,0.2192093572367923,0.5179755513237296,0.1649271061941988,-0.0400000000000062,0.3569810468789427,-1.9344385361785608,0.465223085446965,0.4849191852500922,-0.0943383743590686,0.3799999999999954,1.2527888642970026,0.4167776102712111,0.7869264733631525,0.8204560597787633,0.0386571066,0.342029778,0.043896419,0.0384408150333333,0.4051938283333333,0.1317820571333333,0.0414136482856399,0.3349182770565141,0.0448370614751458,0.0405054810169114,0.3990965030035405,0.1392290320201148,1.9536732966666668,906,6.80903930604298,0.0008107168580645946,0.017597321225806484,-0.001994366161290298,-0.020058821998924704,-0.0060268290860215346,0.009671984681720397,-0.02937138075268808,0.07207234804112428
2021-07-01,0.4315083917112616,0.5583630413689633,0.2984180177361963,0.538118808567063,0.5600000000000023,0.6424964322006161,0.3299999999999983,0.930915500432448,0.8212464554312646,0.4373108982798896,0.8714706726007222,0.7399999999999949,0.0,0.4300000000000068,0.7000000000000028,-1.3355792690970103,0.0600000000000022,0.4699999999999988,0.834154704584364,0.8447529217858118,0.1699316468866385,0.110499338375547,0.2132478121551742,0.2125300619326964,0.5100000000000051,0.3883726771815645,0.3342376856332976,1.8199999999999927,1.062132442145895,0.1413565125681088,0.2207947587821763,0.980000000000004,0.1800000000000068,0.3499999999999943,5.140000000000001,1.2999999999999972,0.7619893067581529,0.3100000000000023,0.0887024922134003,0.0688983348804015,0.4441347019605928,0.6536517286083949,-0.2300000000000039,0.1081799759960802,-4.757751527736758,0.4659516561419963,0.3064179525020307,-0.0141812291116707,0.4200000000000017,0.2612514274588733,0.5989161281601696,0.6415488866294652,0.6874339362706792,0.0373961799193548,0.3357987929032258,0.039302328516129,0.0507938798064516,0.3905485022580645,0.1461603120967742,0.0395856568956194,0.3331597775927534,0.0392572495720402,0.0535204513535091,0.3821823692261808,0.1522944930136373,1.991969522580645,916,6.82001636467413,-0.0012609266806451955,-0.006230985096774222,-0.004594090483871001,0.012353064773118302,-0.014645326075268805,0.01437825496344089,0.0382962259139783,0.010977058631150172
2021-08-01,0.6156348150012008,0.552863617857895,0.6888933759616407,0.6223960506636388,1.0799999999999983,0.4753246350623925,0.5699999999999932,0.7929194745374275,0.760767767095345,-2.7228965864266854,0.7729382341829591,0.7399999999999949,-0.0799999999999983,0.5499999999999972,0.4200000000000017,1.2176677422364577,0.0799999999999983,0.4500000000000028,0.7517651904412475,0.6094825735275009,0.2318432154895049,-0.0057368815381835,0.4354766699105568,0.0917290359302001,0.0799999999999983,0.5767351624763535,0.2773753523865281,1.3900000000000006,0.9921518359737718,0.3788881882314854,0.4523345621243209,2.2099999999999937,0.6599999999999966,0.4599999999999937,0.4099999999999966,0.9599999999999936,1.7207913528530412,0.0300000000000011,0.331400625983079,0.3219899683005707,0.6703667521001506,0.2835215552487256,-0.269999999999996,0.3474271740227692,3.5775069084489104,0.4285815225642722,0.2144425103564486,-0.1534621102498761,0.4899999999999949,0.1439771955704714,0.5687753944979619,0.6293894810639955,0.6393040194183897,0.0349638478709677,0.3351083974193548,0.0390374184193548,0.047019565516129,0.4003371919354838,0.1435335777096774,0.0395812348193385,0.3309606204414446,0.0386698573678023,0.0510956126505627,0.3847070387778644,0.154985637982639,1.959342741935484,779,6.658011045870748,-0.002432332048387102,-0.0006903954838710091,-0.0002649100967741999,-0.0037743142903226,0.009788689677419304,-0.0026267343870967907,-0.032626780645161,-0.16200531880338165
2021-09-01,0.8637121463744393,0.7075141072519529,1.4609478876139974,0.8454218412274912,1.5,0.4587852040339442,0.6700000000000017,1.0810659081753895,0.7442056527038972,1.98665430954874,1.3989541853790255,0.5999999999999943,0.3700000000000045,0.5600000000000023,0.75,6.497702865246509,-0.0100000000000051,0.5499999999999972,0.5452972866450807,0.6805712097096546,0.265189639737855,0.188945954158143,0.2913239947544639,0.2633622357998746,0.4500000000000028,0.6101148996303039,0.4301868802618003,0.6899999999999977,1.3006923476085177,0.5037786845782648,0.3021235169498197,1.2000000000000028,0.8100000000000023,0.1500000000000056,-1.3100000000000025,1.6400000000000006,-0.366535405489202,0.2999999999999971,0.4421860198586671,0.5055445223389086,0.6860920362122869,1.0283943291383224,0.1400000000000005,0.331924594742361,0.7731509749146994,0.0274224237018074,0.3669531942460651,0.7040871497472949,-0.0999999999999943,-0.47466876113198,0.5461524038242516,0.7193043215916788,0.7307781702969862,0.0327806042833333,0.340069072,0.0429839795,0.0440517374,0.4012654133333333,0.1388491894666667,0.034963004693661,0.3348655738503428,0.0434325114237715,0.0478168179185991,0.3944987963703239,0.1444232908440964,1.94169412,814,6.70196036600254,-0.002183243587634401,0.004960674580645197,0.0039465610806452,-0.002967828116129001,0.0009282213978495379,-0.0046843882430107064,-0.01764862193548411,0.04394932013179176
2021-10-01,1.085371545362264,0.90727519055136,1.815595514904132,1.2170210014943876,1.8700000000000043,0.9834294343500432,1.0600000000000025,1.127609659750675,0.7584961805748236,5.462981436525254,0.9046963109606878,0.9899999999999948,0.6200000000000045,1.4200000000000017,2.0900000000000034,6.674928382803529,0.3299999999999983,0.5600000000000023,0.6755994852548071,0.6960863190148245,0.2972621056739086,0.4164477049982054,0.3642545252951805,0.211253405159951,0.7000000000000028,0.8228720706480175,0.409991101886618,0.4500000000000028,0.7159250482023651,0.4353147150639103,0.4923900024971459,1.25,0.6700000000000017,0.519999999999996,-0.7199999999999989,1.4699999999999989,0.5358937871598499,0.8100000000000023,0.5673457373748789,0.6623591962483459,0.5676921775030763,1.2457695769448236,0.2099999999999937,0.4022672587375382,2.4362973573993827,0.3763414442871351,0.6010283922084625,1.8825617602894056,-1.0600000000000025,0.6952496098087408,0.5340378262075944,0.7613040470524624,0.7343664629992759,0.0230740790967741,0.3020304745161291,0.0489296855483871,0.0526959192903225,0.4261755316129032,0.1470943101290322,0.0239588242944108,0.2856753748730543,0.0511653199444042,0.0567057828932374,0.4269545074630188,0.1555401881412439,1.9531740161290323,831,6.7226297948554485,-0.0097065251865592,-0.038038597483870895,0.005945706048387102,0.008644181890322504,0.024910118279569904,0.008245120662365518,0.01147989612903233,0.020669428852908567
2021-11-01,0.6746334713386659,0.8942899289136932,0.7235127564070325,1.2272078956384291,1.25,1.400018638083253,2.029999999999987,1.2159834788709247,1.1473416422534797,1.4151638407377902,3.639574045158199,1.4500000000000028,0.9000000000000057,1.9699999999999989,3.3799999999999955,-2.9969965868836965,0.0300000000000011,1.019999999999996,0.6668681708907656,0.6291193280234779,0.2464277862120667,-1.153292107095126,0.4353601959288511,0.2040335019834742,1.1599999999999966,0.2750876871936611,0.4196767229443026,0.4200000000000017,0.5990556044367139,0.0763140481701043,0.6738036736780799,1.4099999999999966,0.4899999999999949,-1.0100000000000051,-0.1700000000000017,1.5799999999999983,0.9249879368167484,0.3900000000000005,0.5977200632644184,0.6937994915247288,0.8383525765622579,-0.3167631337576893,1.2099999999999935,0.4315945405471524,-6.062217500534658,0.5512710954568689,0.3953846444472901,2.7454350856423844,0.0900000000000034,0.914467120248986,0.4669635346655383,1.1160658805553538,1.1165616340084623,0.0326639943,0.3333761103333333,0.0401316681,0.0513631261333333,0.3999454976666666,0.1425196074,0.0329541234353146,0.3261341959940978,0.0404777087825474,0.0582491538438687,0.3896379736569013,0.1525468446472762,1.9656239966666669,792,6.674561391814426,0.009589915203225899,0.03134563581720423,-0.008798017448387103,-0.0013327931569892051,-0.02623003394623663,-0.0045747027290322095,0.012449980537634575,-0.048068403041022556
2021-12-01,0.6926687834090757,0.8507100789278894,0.6629363190516244,0.9408673026483284,0.6800000000000068,1.4506678075894683,2.239999999999995,1.3313751055008112,0.9350197005335588,-1.9433741953157837,4.3921307848504085,1.1400000000000006,0.6899999999999977,1.3499999999999943,2.8700000000000045,-1.436291424441109,0.269999999999996,0.4599999999999937,0.6351858000430468,0.618614289048466,0.4162516151645405,0.4532195571934636,0.3082123416642019,0.2286997457684663,0.5499999999999972,0.5814721487558359,0.3333280426646325,0.4500000000000028,0.7098876691796505,0.647421334565152,0.597836342164058,0.9399999999999976,0.5400000000000063,0.9699999999999988,0.1700000000000017,1.0499999999999972,0.7481507177445366,0.3100000000000023,0.8117075297802785,1.0885633053762265,0.6982839844027637,2.8139804989319828,1.9500000000000028,0.326652854784939,1.5394547235088964,0.4364508092640022,2.3045049568500677,0.3785548576461082,0.6099999999999994,0.953099128018124,0.4684943565864614,0.715772773138255,0.7199033265068238,0.030750897532258,0.3487559480645161,0.0438030824193548,0.0545265344516129,0.3894041558064516,0.1327593850645161,0.033693050086984,0.3331836203251382,0.0439499610274069,0.0619832234570936,0.3822775094292734,0.1449126378649718,1.9548266741935485,722,6.582025138892826,-0.001913096767741998,0.015379837731182788,0.0036714143193548043,0.0031634083182796036,-0.010541341860214992,-0.009760222335483903,-0.010797322473118376,-0.09253625292160006
2022-01-01,0.6828072837165706,0.7353804387851142,0.6864184760367777,0.7372401698075493,0.3900000000000005,1.110640663626555,1.1700000000000017,1.1425260370445187,1.1291177559059804,-2.176205809326248,3.1930850709466654,0.8199999999999932,0.25,0.8100000000000023,1.8100000000000025,0.3623467676170406,0.730000000000004,0.6400000000000006,0.6870052944766343,0.6598822996811435,0.3118963508358803,-0.5978637713078427,0.3739588676414485,0.0325020716389872,0.6800000000000068,0.5687182314128023,0.3826536066206216,0.6599999999999966,0.7194436435142819,0.2291252578165483,0.6473480850747109,1.25,0.2399999999999948,0.5,0.4599999999999937,1.5,0.8674623709887328,0.1899999999999977,0.6594334988534172,0.8745262270984995,0.7081551409344939,0.6982084930919967,0.2600000000000051,0.3211364407681429,0.2407235912777139,0.4979585386540037,0.142833864865949,3.157975352413516,0.9568472854677594,0.919173853149374,0.4276240422733508,0.7290421804647735,0.6923808419452087,0.0326412738387096,0.3655031433548387,0.0365752182580645,0.0401173539032258,0.3683271203225806,0.1568358892258064,0.0327611061754472,0.3610305670099905,0.0364953001201574,0.0442038599190412,0.3558885945296938,0.1696205698947042,1.9298833806451607,703,6.555356891810665,0.0018903763064515994,0.016747195290322592,-0.007227864161290301,-0.0144091805483871,-0.02107703548387102,0.024076504161290313,-0.024943293548387757,-0.026668247082160867
2022-02-01,0.9535457989090332,0.9495850292427832,1.0433279159115898,0.9534055566822416,0.3199999999999932,0.9508664160983358,1.5999999999999943,1.9220833651659743,1.527453735795902,0.7394958248621037,2.5291699914293844,1.5799999999999983,1.2800000000000011,1.0100000000000051,1.3299999999999983,1.6290225372073337,0.6899999999999977,0.4699999999999988,0.811213113600644,0.9143954507988924,0.3888666765957254,0.2502708372813487,0.4714021093924003,0.1971772554495601,1.1800000000000068,0.7188735613564319,0.4388027085759205,0.6099999999999994,0.607053350683799,2.953212142148004,0.6837852290705797,3.8400000000000034,1.4599999999999935,1.9699999999999989,0.9000000000000057,0.8599999999999994,0.126357384841242,0.7099999999999937,1.015596066511364,0.9960494071600152,0.5981186494731645,0.8848150996389421,0.0900000000000034,1.0429316228130858,0.3135881432567089,0.4722679521690622,0.2941251979616339,4.336093487228638,1.088398837351079,0.6634692775467954,0.5990068257101484,0.9687521926848746,0.92103537905939,0.03769097775,0.3783171407142857,0.034515251,0.0388364690357142,0.3627934471428571,0.1478467120714285,0.0392318318528522,0.3608259752391007,0.0345361589522471,0.0422792235649464,0.3593568920815506,0.1637699190470864,1.934316325,746,6.61472560020376,0.0050497039112904,0.012813997359446994,-0.002059967258064503,-0.0012808848675116002,-0.005533673179723475,-0.008989177154377914,0.004432944354839208,0.05936870839309538
2022-03-01,7.494533314029454,8.390557577696654,6.623749201430357,5.49361499855452,3.9200000000000017,5.4933915807067,6.060000000000002,4.670752937146091,4.765980675649146,3.3335495331694887,40.65426343648721,7.450000000000003,10.790000000000006,3.980000000000004,9.239999999999997,14.04881234937561,3.769999999999996,4.739999999999995,11.235800493769888,12.957801804471814,4.903407016820083,2.8196995889352223,5.424388975820136,5.953511239866046,13.5,11.48159865182788,7.422756102384071,0.9500000000000028,10.652376065033692,29.178755753293416,1.5242949645928832,23.370000000000005,21.760000000000005,16.97,9.950000000000005,22.8,-0.2817326683610019,10.079999999999998,3.724580132595193,5.678671888148358,3.155973339305234,0.7106129508310062,-0.25,0.5289266955417133,-0.0935499006650246,0.5594459076513232,0.1577230702632732,32.2759494127057,0.7363988416082066,1.070281319880678,2.459473964774588,8.94216210555848,8.710972387925295,0.1730065440645161,0.2874136522580645,0.0996992352258064,0.044039158032258,0.2999111154838709,0.095930297516129,0.0379225266267167,0.3466617216594669,0.0353887254049176,0.0350856904210457,0.3978654933164778,0.1470758405106526,2.3074650129032257,17413,9.764972332679385,0.1353155663145161,-0.0909034884562212,0.0651839842258064,0.005202688996543796,-0.06288233165898621,-0.051916414555299495,0.37314868790322575,3.1502467324756243
2022-04-01,1.5197639647366543,1.9545210409367544,2.696994483794356,3.39310598636132,2.4399999999999977,3.0707555852883104,4.209999999999994,4.395093069120691,3.6226274256226674,-1.2185361723002617,-1.3357592693507172,5.6200000000000045,7.019999999999996,3.180000000000007,5.510000000000005,-1.534015398813679,2.0,3.0,0.5627882276956342,0.6745865189124487,1.1907024179261183,-0.4269303139356424,1.4788520877310702,0.9989462516287516,8.209999999999994,6.326094180825564,2.7300753120455,0.4500000000000028,1.707437288416628,-6.838769331880783,1.7946269709442362,-14.670000000000002,-11.0,-5.219999999999999,1.6899999999999975,1.2399999999999949,-0.284643965650531,-0.5499999999999972,1.1236769206438595,1.5886469105950596,1.6277804315259772,1.35389006743371,1.2399999999999949,0.319218200521334,0.875224530089838,0.5488833451780408,0.3532026290138788,2.30369316993162,1.6288311239507325,0.9862400468645802,2.1805509947007096,2.065269139328123,2.0750140244893918,0.183328409,0.2853660266666666,0.1101820041,0.040940322,0.2913742726666666,0.0888089685,0.0443929996523867,0.3433520170606977,0.0418381929859846,0.0341157826737275,0.4130375818297607,0.1232634319423362,2.3216179766666665,18345,9.817112336789382,0.010321864935483899,-0.0020476255913978725,0.010482768874193596,-0.0030988360322579955,-0.008536842817204293,-0.007121329016128997,0.014152963763440773,0.05214000410999731
2022-05-01,0.2706223694615062,0.4214538398019272,0.8121345916682827,1.2167490139264745,0.6800000000000068,1.1260869810237182,1.180000000000021,1.8659454386226455,2.629916701601616,-3.158120463454168,-3.669993761807533,2.1599999999999966,2.7900000000000063,1.3100000000000025,1.1099999999999994,-1.7744564122126718,1.0499999999999972,1.019999999999996,-0.0171508520039509,0.0122772343124921,0.4023364353947727,0.6370241632316578,0.4812381997947739,0.1587934823811849,2.1899999999999977,3.3085621847758944,0.6238788729331617,0.6200000000000045,-0.1266964951379634,-0.2212280972273106,2.441901300890507,-2.9099999999999966,-3.269999999999996,-3.239999999999995,-0.4000000000000057,-0.5499999999999972,-0.2423402879414595,-0.8900000000000006,-0.1517908541857764,-0.4305397836261875,1.046802998832035,0.285765507521333,1.1299999999999957,0.3410909394405337,0.2357229050374769,0.5259951274175307,0.1235399845263458,-3.633026815725501,-6.961500384614055,1.7378532566284974,1.46669250654314,0.4554301954367616,0.5910140472601313,0.1774043241935484,0.2685406270967742,0.1166525949354838,0.0456145146451612,0.3101268829032258,0.0816610565806451,0.0465682100829091,0.3994479470666476,0.0386055336746091,0.0400119466062528,0.3443964448787825,0.1309699179713871,2.318486706451613,15200,9.629050706834368,-0.005924084806451596,-0.01682539956989243,0.006470590835483805,0.004674192645161196,0.01875261023655922,-0.0071479119193549046,-0.003131270215053661,-0.18806162995501374
2022-06-01,-0.2756305922233366,0.1468648533110865,-0.7623303438680864,0.3674313799113378,-0.0699999999999931,0.2933590144836131,0.3599999999999994,0.6069767278954288,1.0000623359890426,3.312022866902737,-6.910252023446603,1.3900000000000006,0.769999999999996,0.75,-0.0499999999999971,-8.121481898161093,0.2099999999999937,0.480000000000004,-0.3003783224559697,-0.3164883140842818,0.0790150962875628,0.0525681686485342,0.3028772722126689,0.0684353921929243,0.6500000000000057,1.8067255888911689,0.4069259192574179,0.8700000000000045,-0.5984003838765517,-0.5119363051903605,1.0994572535658165,-2.700000000000003,-0.9599999999999936,-1.5400000000000065,-2.3700000000000045,-1.0100000000000051,-0.1768653582268911,-0.6400000000000006,0.4979326737149989,0.5962829539759014,0.4878117783631523,1.269126923549834,0.8299999999999983,0.3278144131954406,0.8600159160552039,0.5259022317904538,0.0836234832254803,5.047840864920431,1.163782482966667,1.1902163136868325,0.710081770555405,0.1371350258080212,0.0249267945481221,0.2052386576666666,0.2606910223333333,0.1201796866333333,0.0381668508,0.299594473,0.0761293053666666,0.0719175202479267,0.4622270741383066,0.0340742852618733,0.0479995015334626,0.2826673179070586,0.1011142995968089,2.31542016,17458,9.767553275295295,0.0278343334731182,-0.007849604763440876,0.0035270916978494965,-0.007447663845161198,-0.010532409903225848,-0.005531751213978503,-0.0030665464516128615,0.13850256846092712
2022-07-01,-0.316109678865871,-0.0965435424464544,-0.7783051594838781,-0.0371800639486963,-0.2300000000000039,0.1786040418599981,-0.6200000000000045,0.2314922955445837,0.2487462151231341,-1.7736720408098563,-3.134495000709208,0.4500000000000028,-0.6800000000000068,0.2199999999999988,-1.0900000000000034,-6.159223902129426,0.1800000000000068,0.4500000000000028,-0.3817394329768859,-0.4198791759128824,0.1844351292886017,-0.222712391165615,0.2514508941344786,-0.0723271479563578,0.1500000000000056,0.6183246523737438,0.1401634902420454,0.6700000000000017,-0.5729687115253626,-3.6167409327496927,1.0151135092154815,-2.1299999999999955,-1.1700000000000017,-2.2099999999999937,-1.8599999999999997,-0.519999999999996,-0.0900836932837734,-0.25,0.4820151247246116,0.4216379032190787,0.6209622500486631,0.939457277057528,0.5499999999999972,0.5936648314338555,1.0302881291571566,0.5039148298991449,0.3487399126896946,1.8403109730310945,2.232343652150888,0.3535012230494629,0.6009282631381723,-0.1042238147656178,-0.1720873132347407,0.1963947837096774,0.2579625929032258,0.125366825032258,0.0417594743548387,0.3053271564516129,0.0731891666451613,0.0479606113870913,0.4102585554418411,0.0380705246635891,0.0450422742131529,0.3368358954873987,0.1218321417555547,2.3159335870967745,15227,9.630825446840731,-0.008843873956989212,-0.002728429430107482,0.005187138398924693,0.003592623554838699,0.00573268345161293,-0.002940138721505295,0.0005134270967745991,-0.1367278284545641
2022-08-01,-0.00082555670852,0.0883241119709055,-0.3124373146497419,-0.0133095485303726,-0.269999999999996,-0.0936432027841505,-0.6199999999999903,0.1560320094458518,0.5101370377786907,0.5180981138265253,2.7181010364231213,0.0499999999999971,-0.0699999999999931,0.2600000000000051,-1.2600000000000051,-2.7682677164859517,-0.0400000000000062,0.4300000000000068,-0.1017793496741887,-0.1599326528442759,0.1323751502920771,-0.2406203614285971,0.1663850836550722,-0.1444664762767615,0.0,0.4068149170578294,0.037230914879089,0.9399999999999976,-0.4734995839884703,-0.666822837984455,0.7395769152212637,-2.260000000000005,-0.6500000000000057,-2.8799999999999955,-1.3599999999999994,-0.0300000000000011,0.3412106047638161,-0.0699999999999931,0.5893482928889853,0.7648148353129613,0.4331453684049506,0.9648617026051484,0.1400000000000005,0.2860628466146266,1.0109554390131024,0.4730502491434833,0.424115227675955,3.8053849799816817,2.8443550884398547,0.7502561581504779,0.5347973819890512,0.0494823686836269,-0.0629397029724572,0.1837137567741935,0.2210035738709677,0.1377963298387096,0.0464674356451612,0.3428169287096774,0.0682019799677419,0.0463644920658925,0.3713860418076049,0.0393978548608483,0.0434062415211114,0.3785867286179695,0.1208586358401659,2.2994800580645163,12347,9.421168397567744,-0.012681026935483897,-0.03695901903225812,0.012429504806451608,0.004707961290322499,0.03748977225806449,-0.004987186677419403,-0.016453529032258274,-0.20965704927298745
2022-09-01,0.2491163028841185,0.2547664720647447,-0.007403023729978,-0.0094665992268829,-0.1400000000000005,0.2441078925804873,0.0100000000000051,-0.0508712248925178,0.0440081135768082,-0.5876690724569329,-3.293503813028366,0.3700000000000045,-0.1200000000000045,0.3900000000000005,-1.2199999999999989,0.0729999636035927,0.1599999999999966,0.2900000000000062,0.0549042984099656,0.0349068246311077,0.2128373674095627,0.0353237043354823,0.316109230570774,-0.2589942413783745,0.4000000000000057,0.6901076130278057,0.0841044655236658,1.0999999999999943,-0.4342617267444666,-0.333391637362638,0.8300678343091903,-1.5699999999999932,1.0400000000000065,-1.25,-0.8700000000000045,-0.0900000000000034,0.2065724581787122,0.4899999999999949,0.8676250820219025,1.2004642756785555,0.4347344181280448,0.7209306839105238,2.0400000000000063,0.2868435765353752,0.3157620420731319,0.4571896444970349,0.2820657916721814,0.7860403850670252,2.612608864322283,1.4987319115738842,0.4977715078263287,0.2709348602074897,0.2332237475665834,0.2062842215333333,0.249179131,0.1231426351666666,0.0422086996333333,0.3085734693333333,0.0706118461,0.0508253562971337,0.4205366730380871,0.0377299465014065,0.0459931921197851,0.3169252119272709,0.1279896204335772,2.304876553333333,11389,9.340403256274351,0.02257046475913982,0.028175557129032303,-0.014653694672043,-0.004258736011827899,-0.0342434593763441,0.002409866132258104,0.005396495268816803,-0.08076514129339252
2022-10-01,0.1881162642256697,0.1330244209615045,-0.0376572245452138,-0.1944142167205029,-0.0600000000000022,0.5013441461882309,-0.2999999999999971,-0.2579475058029885,-0.4787361234992033,0.2873954743019453,-4.721634401727741,-0.1899999999999977,-0.6599999999999966,0.0900000000000034,-1.7900000000000065,1.461283476528834,-0.2199999999999988,0.5300000000000011,-0.0631666004662037,-0.0762558149149299,-0.0601444216521258,-0.5202054408113526,0.0543500292772876,-0.0582604699140176,0.1299999999999954,-0.0356875559277654,0.0824801748679107,1.2900000000000065,-0.5221676897638474,-0.9024563015176454,0.4839297688401558,0.9599999999999936,-0.5100000000000051,-3.010000000000005,-0.8900000000000006,-0.2000000000000028,0.0360501225780041,0.6299999999999955,0.8694632406174918,1.2179382813853437,0.4203794809855026,0.773116669492552,0.9500000000000028,0.2627585957566083,0.184617841774866,0.5073773250517064,0.2559997716631557,5.063096854273354,3.272329720055069,0.7024791770486445,0.446829885850434,0.1427860370523177,0.0034286822054525,0.1996933570967742,0.2725087258064516,0.1191756078387096,0.0356288081935483,0.2993593187096774,0.0736341809677419,0.0484590137155071,0.4598108841194036,0.0347542959504172,0.0486250596302229,0.2993562753045419,0.1089944752134545,2.289297887096774,11385,9.34005197849784,-0.006590864436559124,0.02332959480645158,-0.003967027327956993,-0.0065798914397849975,-0.009214150623655881,0.0030223348677418937,-0.015578666236558902,-0.0003512777765113384
2022-11-01,0.0997924041529927,0.0120228682987146,-0.1107337599057274,-0.2682044899363518,-0.2800000000000011,0.4223221368513208,-0.9500000000000028,-0.1733311263045323,-0.3556227482792877,-2.593485178606329,-3.3970046404076584,0.1500000000000056,-0.1899999999999977,0.1200000000000045,-1.2800000000000011,1.4107249722436563,-0.5799999999999983,0.4000000000000057,0.0053550534825461,-0.0129866713546675,-0.0432181947844014,-0.6464296059153583,-0.1128161146869359,-0.2644838093097661,0.2199999999999988,0.6050696651001886,-0.0576179275104919,0.8100000000000023,-0.1514627385393083,-0.3435931314506746,0.4404006070338369,-2.319999999999993,-1.0699999999999932,-1.5400000000000065,-0.6700000000000017,-0.0400000000000062,0.1443673190243402,0.2600000000000051,0.5364221459211933,0.648933748827119,0.4726149133533113,0.7561311081659312,0.3700000000000045,0.3402881920072218,0.1683987168517688,0.4445709230703158,0.362939564102362,2.230242715931155,1.1236832195319977,0.3197712299120923,0.6831063916443298,0.0621569873143244,0.0033192167716578,0.1707631296666666,0.2550876696666667,0.1224630587333333,0.0352985319,0.3405560536666667,0.0758315564333333,0.0438565695390523,0.4052176317539196,0.0505987748112947,0.0464565459505791,0.3355104969655729,0.1183599779245051,2.2716333633333337,10229,9.232982102457008,-0.02893022743010759,-0.017421056139784896,0.003287450894623692,-0.0003302762935483011,0.04119673495698928,0.0021973754655914,-0.01766452376344052,-0.10706987604083196
2022-12-01,0.4653165707754283,0.1684313579102507,-0.0279062801413516,-0.1084421203917855,-0.0400000000000062,0.3274189075556535,-0.1599999999999966,-0.078139095480239,-0.0496351811475221,-3.047981631446788,-2.670224176412944,0.0100000000000051,-0.0100000000000051,0.2000000000000028,-1.2199999999999989,0.7116155807424036,-0.0400000000000062,0.269999999999996,0.0440534107816006,0.0405202242468618,0.0491768421904055,0.1331954865041211,0.1722424492111685,-0.2489132324497802,-0.019999999999996,0.2613016450599588,0.1618141021335617,0.8100000000000023,-0.1711436594056437,-0.7694750323246922,0.4850366977084945,-1.3799999999999957,-1.019999999999996,-1.1899999999999975,-0.5100000000000051,0.1099999999999994,0.0707850063573829,0.7000000000000028,1.7485988287658216,0.9735660985680568,0.4851050017342402,1.3015784535922703,1.4399999999999975,3.118180607272976,0.1762481756880447,0.5230873997797829,0.3655992064814199,2.7100070267302527,2.81415985082441,0.5150235359934641,0.5988087408859428,0.1950952994045991,0.112627699964932,0.1687400116129032,0.2510856738709677,0.1214797200645161,0.0502719509354838,0.3331405703225806,0.0752820710645161,0.0499135871837012,0.377020384713888,0.0482457866124067,0.0751712057772042,0.3405502299676425,0.1090988064163242,2.2764331451612905,9416,9.150165648940114,-0.002023118053763401,-0.004001995795698987,-0.0009833386688171963,0.014973419035483798,-0.0074154833440860934,-0.0005494853688171875,0.004799781827956817,-0.08281645351689448
2023-01-01,0.5552345107036274,0.2537976945802001,0.5815768679620277,0.0547608459453812,-0.1899999999999977,0.1721801991634919,0.1400000000000005,-0.0066681351415809,-0.0487144094596772,0.5064984234310259,-0.932357126156532,0.25,-0.1400000000000005,0.0400000000000062,-1.3900000000000006,4.759813536154795,0.5900000000000034,0.3499999999999943,0.2986867263382891,0.2582268609732239,0.1652714464538576,-0.0732240968781781,0.1471195736421293,-0.0962303990060178,0.0100000000000051,0.288841365482952,0.1409253501342533,0.9599999999999936,-0.1520294480501007,-0.339807133867481,0.2513752573495083,0.6700000000000017,0.2099999999999937,0.1599999999999966,-0.3199999999999932,0.1500000000000056,0.5590802659576326,0.7600000000000051,0.8703153944422581,0.6554543616122999,0.4258684291761625,0.9869044477126608,0.312443247402868,1.2259482615985462,0.3981906887459985,0.5023375665163314,0.5218450011972777,2.5345198137344767,2.182242324652435,0.5752843084175083,0.6415382185725775,0.189468029039034,0.1368075248853699,0.1890487549354838,0.2336496003225806,0.1252322876129032,0.0588056673548387,0.3166954912903226,0.0765681973225806,0.0302948007909154,0.3256556001267771,0.0400815616868718,0.0736450890679463,0.396317952087756,0.1340049970661863,2.308697387096774,8502,9.048056708918736,0.02030874332258059,-0.01743607354838711,0.003752567548387098,0.008533716419354902,-0.016445079032258003,0.0012861262580644989,0.03226424193548372,-0.10210894002137749
2023-02-01,0.2713063087832665,0.1007949846464555,0.2920543199958985,-0.0424828544363862,-0.25,0.1916430914533293,-0.4300000000000068,-0.0433990984049188,0.4687053351254917,3.245271730033678,0.0511042272590458,0.0799999999999983,-1.1400000000000006,0.1099999999999994,-1.3900000000000006,2.6932884340469485,0.0900000000000034,0.3700000000000045,0.0358031157849438,-0.0383472696516662,0.0883845807286007,-0.2786975099294864,0.0395431314774441,-0.1297102112866071,-0.0400000000000062,-0.1021792024410075,0.1118354735977646,0.5900000000000034,-0.3020053463170455,-0.4863053186458472,0.1320701042701415,-4.409999999999997,-0.6700000000000017,-2.180000000000007,-0.4300000000000068,0.0499999999999971,0.514109736006148,0.25,0.5702258078958664,0.6634287032855326,0.5336031247140909,0.9973619458463644,0.1194206665714432,0.4102254983575761,0.2095803315073965,0.4703761773449457,0.3799666267834567,1.526229857250044,3.281050543697788,1.1452719040553774,0.5501360048346697,0.0595193299535026,-0.0051279755189028,0.2077793052857142,0.2316052732142857,0.1372274537857142,0.0384341108928571,0.3134377171428571,0.0715161416428571,0.041406409679174,0.3881508058110922,0.0477738336916248,0.0518908777922464,0.3408391557731202,0.1299389153142471,2.295831703571429,7829,8.965590066907914,0.018730550350230413,-0.0020443271082948855,0.01199516617281099,-0.020371556461981598,-0.0032577741474654753,-0.0050520556797234994,-0.01286568352534534,-0.08246664201082154
2023-03-01,0.2789551965082637,0.2589563606030793,0.0650071710699222,0.0721757156242404,-0.269999999999996,0.4899911920199855,0.0799999999999983,-0.0123916113045794,0.0094848070303754,2.097500748343876,-1.0417357691844842,-0.0600000000000022,0.3799999999999954,0.1099999999999994,-0.5999999999999943,0.081613593757595,0.4300000000000068,0.3299999999999983,0.1874066106032188,0.1359821285499265,0.1805732071463097,0.7945578050503173,0.0632802942040626,0.0494040495627956,-0.2300000000000039,0.1179600474652886,0.1239733363123605,0.7600000000000051,-0.1097960644706432,0.2062998182321962,0.6362144282458644,-3.5900000000000034,-0.2900000000000062,-0.1800000000000068,-0.0400000000000062,0.3299999999999983,0.5193039700614861,0.1099999999999994,0.6671094087357972,0.8146217128323059,0.4977693052031497,1.328331509137584,0.1252191650330729,0.4208690194592321,0.7807981132596211,0.4564425148909379,1.5453829561763823,4.891691383479071,2.550007469114405,0.6240601720294023,0.5735142876123405,0.2308536335156645,0.1409950363718337,0.1819884203225806,0.2370600551612903,0.1368001266129032,0.0484207155806451,0.324962434516129,0.0707682509354838,0.0559534254074044,0.4128638152509491,0.0405072688208084,0.0635087278148729,0.327457119191846,0.0997096448683023,2.3227951838709675,12426,9.42754633062364,-0.025790884963133587,0.0054547819470046055,-0.00042732717281099286,0.009986604687787996,0.011524717373271876,-0.0007478907073732999,0.026963480299538656,0.4619562637157255
2023-04-01,0.3620238442264849,0.3363038198763348,0.1552382919806234,0.0959521793458435,0.2999999999999971,0.2959228770592972,-0.2900000000000062,-0.0579039565948562,0.3029730467687415,-1.0357979968660516,0.5747734371052786,-0.1299999999999954,-0.3299999999999983,0.2800000000000011,-0.8900000000000006,0.5241753046730366,0.2000000000000028,0.3599999999999994,0.2391653341659179,0.201121154692359,0.137860416531609,-0.072448396502466,0.1838849136156284,0.1197803393430945,-0.2099999999999937,0.2199893933701133,0.2339447123869291,0.7099999999999937,0.0325033251645834,-0.7474650136046392,0.3473116509421743,-2.6099999999999994,0.0300000000000011,-0.8299999999999983,0.1800000000000068,0.6800000000000068,0.485077722276074,-0.0300000000000011,0.7977585122064141,1.012372521954532,0.5965031142960271,1.227030097549573,0.8958404009375727,0.4309047789993059,0.3711373274363723,0.4824970876148597,0.2945629211674543,3.428881611501808,2.155955876545093,0.5433976117273716,0.4967911007531995,0.3381797845656962,0.2715707250171562,0.1629875331666666,0.212853772,0.1432441035,0.0412572119666666,0.3640946506666667,0.0755627254333333,0.0401846857358717,0.3529472609749301,0.0544513488427732,0.0680319337709807,0.3588599090418495,0.1255248609554947,2.2850380266666668,10121,9.222367752188902,-0.019000887155914026,-0.02420628316129031,0.006443976887096803,-0.007163503613978495,0.03913221615053769,0.004794474497849491,-0.03775715720430073,-0.2051785784347384
2023-05-01,0.3090644111645133,0.4413550808995552,-0.0585923448642944,0.3923379174244417,0.9699999999999988,0.3389500926911921,-0.7199999999999989,0.0184212054206653,0.312643414494957,1.851224734162571,5.59016940471939,0.2000000000000028,-0.5,0.0300000000000011,-0.5100000000000051,-3.0887768019514965,0.1700000000000017,0.5400000000000063,0.4433409235277992,0.2994938736081991,0.136980709541362,0.1534693770026223,0.1322925304897353,-0.2063986501367622,0.0300000000000011,0.1246411191631864,-0.0607073140631513,0.7399999999999949,0.1343764356990959,-0.4418661448921739,0.0358160777353333,-3.0,-0.8700000000000045,1.5499999999999972,0.7399999999999949,0.7199999999999989,1.3740287621903065,0.2199999999999988,0.6532994414182411,0.7862157878398932,0.4448916886369289,1.3263357120800947,0.2284401840832259,0.4300424319930727,0.7865136936137134,0.5193521163654822,0.2892107306955012,4.214384458691001,1.959534729698163,0.2116115926691577,0.5974938576164703,0.4150056416469709,0.342384568563034,0.1855309203225806,0.222212789032258,0.1368119712580645,0.0386352661612903,0.3445911548387097,0.0722178973548387,0.0439333949474791,0.3868475289134674,0.0516204622161079,0.0630369530296382,0.3317857350798786,0.1227759230888247,2.281448525806452,9658,9.175541866433488,0.022543387155914002,0.009359017032257999,-0.0064321322419355065,-0.002621945805376301,-0.019503495827956963,-0.003344828078494594,-0.0035895008602149225,-0.04682588575541402
2023-06-01,0.4511604608473476,0.4837638588336972,0.3412637969934025,0.5024335765618559,1.1200000000000043,0.2914223718499045,-0.3700000000000045,0.0972277887181718,-0.0831851015118871,4.760706747775444,5.218206163403778,0.1299999999999954,-0.2000000000000028,0.0499999999999971,-0.3700000000000045,-0.7583591106595406,0.3100000000000023,0.4500000000000028,0.4845438863839888,0.3801088135673041,0.1675318732072099,0.0189132422724611,0.1601321699125719,-0.0657236402023926,-0.2900000000000062,0.1034748876685114,0.1095377412969327,0.6299999999999955,0.3083416675264203,-0.0298939894826304,0.3427602500627529,-2.1299999999999955,-1.1299999999999957,-0.7999999999999972,1.0799999999999983,1.0400000000000065,1.1536030767259575,0.6099999999999994,0.5674170396440843,0.6411566825538415,0.7324163392140974,1.0487858246337538,0.1197491910026968,0.4339869200181283,1.2465831121617017,0.4905657657962479,0.4820189107254577,0.2395819625441646,2.427391635462996,0.5937118888805486,0.5514899094271755,0.4496664354402355,0.4127338363524586,0.1810076143333333,0.2467100343333333,0.124861685,0.0404401976333333,0.3339157146666666,0.0730647509,0.0406147410634781,0.3523808749825166,0.0645869078979287,0.039932099124467,0.3632287659355009,0.1392566078827758,2.2897623866666668,9839,9.194109358865765,-0.0045233059892473,0.024497245301075304,-0.01195028625806449,0.0018049314720429976,-0.010675440172043138,0.0008468535451612996,0.008313860860214906,0.018567492432277177
2023-07-01,0.9756021085497366,0.6405221920552009,1.3383595399916572,0.4280667778156299,0.9300000000000068,0.5421443942968835,-0.8599999999999994,0.1223488628740767,-0.0728322356146549,4.522013101041793,4.785688095139975,0.0100000000000051,0.0400000000000062,0.0,-0.25,7.822421413502241,-0.0100000000000051,0.3900000000000005,0.8379058589801218,0.7904962386039074,0.3181983810387692,0.2999878159990459,0.3844896727581499,0.1016867449371119,0.2600000000000051,0.4783837356119989,0.3760208091255776,0.7000000000000028,0.5438722467785198,0.9686107020221612,0.2998944943300046,4.650000000000006,1.0100000000000051,2.0600000000000023,0.8799999999999955,1.519999999999996,1.1378742133630055,0.6599999999999966,0.6693831824395602,0.7935092189378423,0.5616139947108394,1.3087634387102014,0.228846851893067,0.4505176779776576,1.273323972403631,0.5044538139182464,0.3104624333327024,3.668650114561615,1.028951284225272,0.6921656199294404,0.513543853823009,0.6343844654544029,0.5820667857727244,0.1894918832258064,0.2369394803225806,0.1297027179354838,0.0407539704516129,0.3281896335483871,0.0749223098387096,0.029241785307904,0.3591185333120933,0.0500792129262659,0.0595211480109985,0.3723024297015788,0.1297368889139284,2.3070238903225806,12848,9.460943436186543,0.008484268892473112,-0.009770554010752691,0.004841032935483797,0.0003137728182796007,-0.005726081118279491,0.0018575589387095914,0.017261503655913835,0.26683407732077846
2023-08-01,0.9452073506170392,0.8179195204889993,1.170575629693559,0.84825014248419,2.4000000000000057,0.1953163638193586,0.4200000000000017,0.0277608049574382,-0.0810948322590405,1.8893345401001795,1.4542460689486347,0.1200000000000045,0.3499999999999943,0.1599999999999966,0.1200000000000045,3.434389348701302,0.2300000000000039,0.4399999999999977,0.9364795182338668,0.8435268393031663,0.5027945050890992,0.5439735149895171,0.5396631219045247,0.4036398909139223,0.4599999999999937,0.4467676110923264,0.3541579655651503,0.2999999999999971,0.7997996077382652,0.9664441430722092,-0.1882499532939903,1.0999999999999943,-0.5999999999999943,0.6599999999999966,0.9500000000000028,1.7000000000000028,1.516745518694094,0.7800000000000011,0.6673221100642763,0.7430712966511095,0.6818451739211184,1.2787207661280036,0.0895497984042492,0.5401499493807478,1.2207696005290811,0.5231382836892777,0.4560768563919026,-0.2601052206203036,0.7381318264466188,1.5631434505407356,0.5207884553777689,0.9145776514501164,0.928791240442763,0.1951069309677419,0.2378662370967742,0.1319432281290322,0.0430400504838709,0.3206744487096774,0.0713691046774193,0.0289277533075466,0.3644576158122371,0.0519750697039634,0.0488611017730001,0.3521438977899976,0.1536345597116533,2.3132746870967744,12207,9.4097648366698,0.005615047741935497,0.0009267567741935989,0.0022405101935484006,0.0022860800322579977,-0.007515184838709721,-0.0035532051612902904,0.006250796774193823,-0.05117859951674397
2023-09-01,1.0747143919207929,0.9307436174747324,1.315943270527157,0.892208912402694,2.1200000000000045,0.4381944830714133,1.0100000000000051,-0.0780495716784059,0.4539010403939727,4.135957294862052,-0.1210832077900221,0.1700000000000017,0.4899999999999949,0.8400000000000034,0.2399999999999948,4.487590623961609,0.0699999999999931,0.7399999999999949,0.8536559209526899,0.769575210333258,0.3370242527982725,0.1889486030989218,0.5525826600289179,0.2192146237536008,0.2600000000000051,-0.109550094300431,0.236267654389664,0.4099999999999966,1.1043260204513672,0.6332930720873264,0.4865832784043391,-0.7199999999999989,0.4300000000000068,0.5400000000000063,0.8700000000000045,1.6299999999999957,1.3700842230156525,1.0499999999999972,1.0332936354011937,1.282075575078224,0.9072866268594452,1.4274073564754983,2.20250335330283,0.6055034289196328,0.775202237639121,1.9834994447194132,2.156892293570124,1.1328755115084874,0.7369520914715366,1.0320546356523437,0.8776630124899896,0.9666322444397792,0.9687989324621924,0.1959581736666666,0.236865188,0.1241972053333333,0.0425608990666666,0.3314218006666666,0.0689967322666666,0.0411952589290112,0.3426656211316857,0.0502623292221509,0.0551037200115735,0.393584005387262,0.1171890638398665,2.299797003333333,12804,9.457512901089752,0.000851242698924698,-0.0010010490967742036,-0.007746022795698901,-0.000479151417204296,0.010747351956989226,-0.0023723724107527072,-0.013477683763441384,0.047748064419952385
2023-10-01,0.7926976319008219,0.9965474483617812,0.977297221555105,1.1047444871938268,2.0,0.6016247160243182,1.3100000000000025,0.0348753916874073,0.0998271966450801,5.922449719929503,-1.6254492368934734,0.5300000000000011,0.5799999999999983,1.519999999999996,0.9899999999999948,-0.0350099248813506,0.2900000000000062,2.049999999999997,0.4494110027309688,0.7697898692610039,0.449521879775844,0.3214133827363667,0.4913310710986707,0.0064465477582302,0.4899999999999949,0.5333952590842728,0.3135477437347163,0.2999999999999971,1.2759450895276243,0.7647972338309899,0.5879322998618051,1.5799999999999983,0.3599999999999994,-0.0100000000000051,0.8299999999999983,1.3299999999999983,-1.489981489827187,1.0300000000000011,0.973833889719927,1.1634702460859785,0.8765945653421738,1.8051001943344855,1.3334500424076197,0.6448687564174946,0.4105025031621636,0.5775048732551795,0.6081221774617092,0.8908113029381042,0.4451921944587269,0.6389617290951151,0.8267131259965197,1.0395848447402898,1.0562765390543944,0.2007482674193548,0.2417042019354838,0.1281068400645161,0.039267805548387,0.3219189812903225,0.0682539014193548,0.0513753054799235,0.400231305950151,0.0442365804998445,0.0498320227028735,0.3476946817256016,0.106630101027576,2.2951285548387097,13800,9.532423871145296,0.004790093752688213,0.004839013935483805,0.00390963473118279,-0.0032930935182796037,-0.009502819376344118,-0.0007428308473117901,-0.004668448494623334,0.07491097005554437
2023-11-01,0.8316664852180509,0.8593373676588243,0.9116803674843652,0.8881502419366143,1.1800000000000068,0.8504360986409836,1.0999999999999943,0.1888960047720616,0.3311017670721128,10.19979034555179,-2.4529548873143483,0.8599999999999994,0.3400000000000034,1.2800000000000011,0.5,1.131806162096666,0.0100000000000051,1.2800000000000011,0.5685024603533577,0.6578161625596692,0.3493105927932163,0.7386356593610799,0.4626290633945871,0.0623827959427245,0.7399999999999949,0.0750825630335896,0.3320176970251935,0.269999999999996,1.09007007033685,-0.3236322793775059,0.5024852753094109,0.6400000000000006,0.0999999999999943,-1.3799999999999957,0.3199999999999932,1.8700000000000043,0.014605606321723,0.6500000000000057,1.038734585617064,1.1345046782867456,1.2476750225599602,1.4039863554642409,0.0810818506376449,0.8731465945788699,0.5574099854056556,0.6226558579670325,0.6144615969465832,1.2237872694782936,2.830924959135217,0.7396214951826465,0.7678933245408075,0.9181693836799668,0.8901463575525241,0.1984294206666666,0.2214029456666666,0.1338276063333333,0.0420059054666666,0.3344446866666667,0.0698894339,0.0422297789906796,0.3156577753600018,0.0523843362149657,0.05190999644642,0.4130751710088969,0.1247429397336044,2.307802343333333,12547,9.4372368721597,-0.002318846752688203,-0.020301256268817208,0.005720766268817207,0.002738099918279599,0.012525705376344232,0.0016355324806451993,0.012673788494623306,-0.09518699898559646
2023-12-01,0.5989861436536188,0.599844985417306,0.7220467962035713,0.6841165557846125,0.4599999999999937,0.7502616002826699,1.0699999999999932,0.2164867790336302,0.606773515056517,11.374927781905669,-0.8204627601824512,0.5900000000000034,0.0799999999999983,0.7199999999999989,0.4699999999999988,0.969714727830052,0.0900000000000034,0.8400000000000034,0.4661255877515486,0.4727737746618601,0.3018938945433831,-0.0567757074898764,0.3097628481477272,0.2932698914887197,0.6500000000000057,0.3712837544824765,0.4307640098557499,0.4399999999999977,0.7419022498175138,-0.1808196747311967,0.7222164618922164,1.7999999999999972,0.1299999999999954,0.0,0.2800000000000011,0.5300000000000011,0.4243654242634704,0.9599999999999936,0.6128455644189046,0.6750031950706301,0.681518734964186,1.3902877534916342,0.1556575517173399,0.5054830597498352,0.9292267607073228,0.5218325790073806,0.862035551816291,-0.1608885721006316,0.2483439122163702,0.8573633360656032,0.7137639317729167,0.5398416034396547,0.5497059920714094,0.1847872254516129,0.2200879012903225,0.1290244032903225,0.055908288548387,0.3366808235483871,0.0735113602580645,0.040563052613913,0.2990841785483445,0.0551794145012687,0.0642332386909606,0.4065536716423972,0.1343864463675158,2.293797177419355,11157,9.31982238259318,-0.013642195215053693,-0.00131504437634411,-0.004803203043010795,0.013902383081720406,0.002236136881720363,0.0036219263580644923,-0.014005165913978157,-0.11741448956651901
2024-01-01,0.5264443633909082,0.4829405439963352,0.4993171490957877,0.4286645002800782,-0.0300000000000011,0.7544519719213127,1.3199999999999932,0.5797840638731344,0.6900734658484566,-0.9618135796495012,0.1340685243334149,0.9000000000000057,-0.1500000000000056,0.7000000000000028,0.2300000000000039,0.9974919840883132,0.4599999999999937,0.8199999999999932,0.563086877945679,0.4941020558069198,0.2365811190047253,0.1323577789243302,0.2946456499199854,0.3338544849345766,0.1899999999999977,0.9283890018258204,0.3698825650863711,0.5900000000000034,0.6048179132592821,0.1690248055168979,0.5510439771116751,0.8499999999999943,0.2300000000000039,-0.7099999999999937,0.3299999999999983,0.4500000000000028,0.9870770658297658,1.5600000000000025,0.5098248726193475,0.548253702442068,0.6008383501043824,-0.9896990448433628,0.1792875890513698,0.4411555107842133,0.3842257928301933,0.5329864730564537,0.9415840813474858,-0.6525202546955029,1.8108913491850127,2.274165789730091,0.9217016046717106,0.4766385297715061,0.4625360416144701,0.1692105791612903,0.2181375261290322,0.1292810670645161,0.0534013074193548,0.354931154516129,0.0750383634516129,0.0446023289823903,0.298963684637533,0.054194968779705,0.0692385783273176,0.4095660363611862,0.1234344050754589,2.280272983870968,8309,9.02509454366498,-0.015576646290322627,-0.0019503751612902909,0.00025666377419358843,-0.0025069811290322,0.018250330967741923,0.0015270031935483985,-0.013524193548386965,-0.29472783892819976
2024-02-01,0.4483962740737439,0.4988748102132803,0.2877878079655005,0.4271209034415761,0.1800000000000068,0.5230167317570391,0.75,0.4561411488796381,0.109314462211401,-0.1709609301136652,0.702885144575788,0.6599999999999966,-0.1599999999999966,0.4500000000000028,0.0799999999999983,-0.6781679885726675,0.75,0.769999999999996,0.3672103409964222,0.3348660811387987,0.3762853802791852,0.0531241404220423,0.4085824901903976,0.4093358192007343,-0.1099999999999994,0.7388763704596784,0.3049306541063004,0.5999999999999943,0.5258184140550526,-0.2147810426725271,0.5642173319612311,-0.2600000000000051,-0.5400000000000063,-1.480000000000004,0.4899999999999949,0.0100000000000051,0.5659837822250466,0.8299999999999983,0.7603169875009712,0.8813200566593054,0.630094496730905,1.9510447731879024,1.0525270987718471,0.5380511323017458,1.6475953604756484,0.5580480278361932,0.7942300643790645,2.472124482275717,0.0882925012762001,0.9859805428666988,0.6228250511039874,0.4885297628717353,0.4625051268281765,0.1555164868965517,0.2166472575862069,0.1308194224137931,0.043985566137931,0.3608313137931034,0.0921999466206896,0.0433397381504753,0.3338490749851576,0.0572640142762712,0.0433583657007213,0.3762463270385893,0.1459424816801002,2.313176203448276,12321,9.419060402624668,-0.013694092264738583,-0.0014902685428253015,0.0015383553492770152,-0.009415741281423806,0.005900159276974404,0.017161583169076705,0.03290321957730802,0.39396585895968705
2024-03-01,0.3266310759458406,0.4220086143498776,0.1242794923896326,0.4323513888996331,0.4399999999999977,0.6057404259174888,0.5999999999999943,0.6238118845611069,0.8189255322800051,-3.6558201093041873,-0.0552400769198868,0.5999999999999943,-0.0799999999999983,0.3599999999999994,0.2199999999999988,-1.9230636458360948,0.7000000000000028,0.6500000000000057,0.3162372925134491,0.2772783046303715,0.2846354597300831,-0.1317501126571159,0.4365243113470853,0.1263714524965422,0.1099999999999994,0.3574262176106799,0.4931774004870703,0.4000000000000057,0.4132849148001725,-0.2445882457779475,0.2489595742327424,1.1099999999999994,-0.1700000000000017,-2.1500000000000057,0.6400000000000006,-0.1800000000000068,0.556396961116107,0.9699999999999988,0.6099627592655992,0.6257421184213428,0.7642338429978821,1.1058210225675111,0.217605167691218,0.5802565251806584,1.3552678457706977,0.5324834786246555,0.9784767325341336,0.6438399025340118,1.9495316984955904,0.8979730294856836,0.7049130531678856,0.4575994541258694,0.4262237714445263,0.1578015937096774,0.1999863777419354,0.1344640388709677,0.0479601444193548,0.3618317125806451,0.0979561281935483,0.0413465039523705,0.3124605593424891,0.0607329999939863,0.0606657370313506,0.4071789037596023,0.1176152915901591,2.327005509677419,14893,9.608646582885868,0.002285106813125687,-0.016660879844271503,0.003644616457174593,0.0039745782814238,0.001000398787541712,0.005756181572858704,0.013829306229143246,0.1895861802612
2024-04-01,0.5692414292234815,0.6849396645250607,0.3743118222991057,0.6606922857368573,0.2800000000000011,0.5616250642502649,1.1099999999999994,1.0026428141835029,0.7543982998423786,-0.2959662622158845,0.614301503046562,1.0699999999999932,0.7999999999999972,1.1099999999999994,-0.0400000000000062,-1.5498017633246803,0.8499999999999943,0.8299999999999983,0.4960196852819649,0.439499589425921,0.3761351944702653,0.1107245853544611,0.4941987753666268,0.291244093318582,0.0999999999999943,0.6904664265425424,0.2884929250815276,0.3900000000000005,0.5232407584171028,0.7052721996414562,0.6578760961345864,-0.769999999999996,0.0400000000000062,-0.4399999999999977,0.9099999999999966,0.4599999999999937,0.8450988711321514,0.9000000000000057,0.9210329140897784,1.1255768641846942,0.901716074301362,0.4157759559956702,3.4158515562776017,0.5399387137215825,0.8813856791746133,0.5499830706875173,0.181276252015877,0.492812196833043,0.6581586760678704,0.8352020711162425,0.9952701296103186,0.7371100023470802,0.7400989170602656,0.1679007479666666,0.202676105,0.139149793,0.0477953799,0.3565794213333333,0.0858985535,0.0466865334288946,0.3051591769867655,0.066496543509918,0.0621436673352464,0.3968087293292587,0.1227053526125773,2.323732086666667,16439,9.707411839509511,0.010099154256989207,0.0026897272580646003,0.004685754129032299,-0.00016476451935480002,-0.005252291247311802,-0.012057574693548304,-0.0032734230107522855,0.09876525662364344
2024-05-01,0.6773569938142998,0.7390428173972481,0.6961202422980222,0.8019587809385627,0.8799999999999955,0.4270994683495956,0.8400000000000034,0.8982663096021923,0.633681030235806,3.677460394897622,-0.1255525480733439,1.0300000000000011,0.6200000000000045,1.4500000000000028,0.1800000000000068,0.0387850845324351,0.5600000000000023,0.6099999999999994,0.5828482573500509,0.561119142240841,0.3816702820853521,-0.3992912834413431,0.4421523009305161,0.2427064328663704,-0.0400000000000062,0.5852431676726724,0.2746014307299447,0.3199999999999932,0.5001639084585037,0.4509910651931506,0.6917432315683953,-0.1800000000000068,-0.0799999999999983,0.0999999999999943,1.1500000000000057,0.7800000000000011,0.7169142581597043,0.9200000000000016,0.7703147011992115,0.9334564773781722,0.9527595857951924,2.2702691302090585,0.2471953091376235,0.4646599240960256,1.2114376594371663,0.5335362536416426,1.127836640155195,2.532416210817317,1.5350211336391195,0.5792995371963343,0.6306413671620845,0.7038855648183215,0.6654824525723342,0.1707868593548387,0.1852837514193548,0.1522316793548387,0.0572782171612903,0.3556839,0.0787355958387096,0.0581522710733146,0.2795720887732556,0.072106390453986,0.0611904224340184,0.4360348470567746,0.0929439846455461,2.3422764967741934,17040,9.743318800383308,0.0028861113881721023,-0.017392353580645198,0.013081886354838701,0.009482837261290303,-0.0008955213333333156,-0.007162957661290409,0.0185444101075265,0.03590696087379719
2024-06-01,0.6837555435883047,0.5182522521427018,0.9880934687938776,0.6138438975674916,0.3700000000000045,0.3984951509123675,0.9000000000000057,0.7691123245975149,0.5086075978998963,1.925880749207593,2.1405460339664018,0.5900000000000034,0.4699999999999988,0.980000000000004,0.2199999999999988,3.6013319524084864,0.7900000000000063,0.7199999999999989,0.3675132271875441,0.2929940648467948,0.3440133963962068,0.2942876084149191,0.2970492992026692,0.1787116328095095,0.1899999999999977,0.2337480733939969,0.3724412688886502,0.2900000000000062,0.4624628545771401,0.7533268012696936,0.4789186493750321,-1.019999999999996,-0.7099999999999937,-0.3799999999999954,1.0100000000000051,-0.0400000000000062,0.8272476953278698,0.5499999999999972,0.6407063806871776,0.6823610806425364,0.7436229905320317,0.8040306146182274,-0.2482851710153966,0.5653243961167362,1.4702164730892235,0.6066354964662395,1.167306230196246,1.6658125579687777,0.9807210147379236,0.8234340709686023,0.9851358781854458,0.51620192050909,0.4854568086738027,0.1716228649999999,0.1899671096666666,0.1478830211333333,0.0533787731999999,0.355598198,0.081550034,0.058884314610301,0.3239723474513963,0.0507311246033697,0.042816417803259,0.3978621343988544,0.1257336577435787,2.3383263866666666,18831,9.84325972698564,0.000836005645161203,0.0046833582473118085,-0.004348658221505403,-0.003899443961290397,-8.570200000002082e-05,0.0028144381612904,-0.003950110107526772,0.099940926602331
2024-07-01,1.2237204590757074,0.5346572933303264,1.2002067867900903,0.5601864112073969,0.2399999999999948,0.4564136732343087,1.4300000000000068,0.7686762610111373,0.6002397715281944,-0.8743349427355298,1.9544782825579008,0.4000000000000057,0.3299999999999983,1.0799999999999983,0.3299999999999983,5.595955471426237,0.980000000000004,0.4899999999999949,0.5168600038547737,0.3380554287749504,0.2510006783050613,0.2979949270334145,0.2540614814409849,0.301187490373195,-0.3599999999999994,0.0484938939276418,0.2327954731477604,0.6500000000000057,0.4318204928003979,0.390480664200993,0.6561865281431238,0.2300000000000039,-0.269999999999996,-0.3199999999999932,1.1099999999999994,0.2000000000000028,1.6096500495225283,0.4899999999999949,2.10306925678249,0.8081635979078641,0.885300023569684,2.0212716253536342,0.1245091807744103,4.60475663068226,1.496082557042172,0.5809330170111764,0.1198410108405738,-0.0141303293053596,1.2939778881423791,1.6841177407846573,0.924751823906078,0.481464226188109,0.4597911975016302,0.1697970438709677,0.1921988354838709,0.1559385648387097,0.0558444998387096,0.34931301,0.0769080474193548,0.0610521733786249,0.339375235437462,0.0659986736616317,0.0533710704181585,0.3673018262693262,0.1129010222579263,2.344716529032258,18959,9.85003403180204,-0.0018258211290322068,0.002231725817204294,0.008055543705376395,0.0024657266387096977,-0.006285187999999997,-0.004641986580645199,0.0063901423655914336,0.006774304816399734
2024-08-01,0.8906503020453442,0.6703335681763889,1.2375211386625722,0.6287831451339798,0.3900000000000005,0.6065231255330303,2.260000000000005,1.2446794847024591,0.8007500518055934,-0.8917551387678486,-0.1303869067026681,0.480000000000004,0.6899999999999977,0.9899999999999948,0.3100000000000023,5.487295275588735,0.3900000000000005,0.5699999999999932,0.4083370618343025,0.4094003527416276,0.2889657554171094,0.0098380102916593,0.3138800554173713,0.4525952603517709,-0.0799999999999983,0.3268166091956033,0.2920186216254734,0.5600000000000023,0.6557382739606226,-0.0494117171838013,0.6313155479877821,0.5499999999999972,-0.7099999999999937,-0.2199999999999988,0.4899999999999949,0.5600000000000023,0.4019893513877122,0.4099999999999966,0.988640121214857,1.1429306304775224,0.8098202423392138,0.8597568157996136,-0.1390171574532388,0.7121787817200129,1.0550904104978684,0.6355849728710581,0.963634862119946,2.778451051746771,1.1883569469764836,0.8465056414511167,0.8526000296535301,0.7703397638063052,0.7329230874011898,0.1816349064516129,0.1946260651612903,0.1484674227419355,0.0477010560967741,0.3455375303225806,0.082033016,0.0603623548825434,0.3437153478789627,0.0567468135193814,0.0398218466034722,0.3876725099733473,0.1116811254901185,2.334708422580645,16496,9.71087320625674,0.011837862580645203,0.0024272296774194013,-0.007471142096774186,-0.0081434437419355,-0.003775479677419369,0.005124968580645206,-0.010008106451612875,-0.1391608255452983
2024-09-01,0.6826219576190908,0.7814435514420666,0.7869480375874502,0.9002128044749469,0.4500000000000028,1.6537220795686665,3.5600000000000023,2.539435303180241,1.3639827882503397,-3.505442693356244,-2.638624493179776,0.7600000000000051,0.1200000000000045,1.3700000000000043,0.1800000000000068,-0.1051155060838908,0.75,0.730000000000004,0.3852955507555293,0.4382939418381681,0.2540476323094935,0.1657538905329687,0.3264065783781689,0.417930901389596,-0.1299999999999954,0.3902608220774084,0.2773869756488096,0.6299999999999955,0.6044479436313708,-0.3333346605803768,0.6682322706052446,-0.4099999999999966,0.1299999999999954,0.8400000000000034,0.3700000000000045,0.1400000000000005,0.0710361058105633,1.2000000000000028,0.899846724375891,1.0948347078563927,0.920257688042028,1.5442167138185567,0.9619154115437708,0.5471619329188968,-0.56124698700593,2.9761520862745385,1.9739728329814028,1.98229046692218,0.986356628549828,0.1605331252166451,0.7847941027001184,0.7744179205199089,0.7656666675594437,0.1803666403333333,0.1984394863333333,0.1457205403333333,0.0496741312,0.3499884226666667,0.0758107890666666,0.05053980621123,0.3341137866983313,0.0576764890913869,0.0484354910121073,0.3912402022976978,0.1179942212369047,2.330752303333333,16557,9.71456425210761,-0.0012682661182795985,0.0038134211720430022,-0.0027468824086022137,0.001973075103225898,0.004450892344086077,-0.006222226933333394,-0.003956119247312095,0.0036910458508696564
2024-10-01,0.8073117263805898,0.9352924886787264,0.8739387438711788,1.0528808527506328,0.480000000000004,2.340418272225349,4.8700000000000045,1.979841751033831,2.005280036364397,-4.9276609688088655,-1.6546987763264696,1.25,0.8700000000000045,1.2999999999999972,0.5100000000000051,-0.5193118855121241,0.5100000000000051,1.0799999999999983,0.5664568754010446,0.5712232267991624,0.2421522543990306,-0.0139397152122455,0.4435548005878615,0.4310950797883635,0.2399999999999948,0.1939710411083837,0.3650693481005618,0.6299999999999955,0.5054294199295981,0.1458316404247597,0.7670045970328232,-0.7999999999999972,0.1700000000000017,-0.3700000000000045,0.4000000000000057,0.8100000000000023,0.5383152235716153,1.0100000000000051,1.004874625552091,1.2908431538001537,1.137917796603631,0.9376334839559206,0.4227635950102524,0.493351189792591,1.7236298039821776,0.5401446728549786,1.3325665556073574,-1.1439225085460123,0.8357179488465363,3.041082785133113,0.9618511204841412,1.0366107344529354,1.0566351278817478,0.1737173464516129,0.2060666661290322,0.1510426882258064,0.047284344516129,0.3505690341935483,0.0713199197419354,0.0503678392060732,0.3358473972300666,0.0662530708412745,0.071375395077571,0.3869282071774934,0.0892280903754042,2.31994844516129,16762,9.726869698658852,-0.006649293881720392,0.007627179795698907,0.0053221478924731225,-0.0023897866838709994,0.0005806115268816026,-0.004490869324731209,-0.01080385817204288,0.012305446551241772
2024-11-01,1.1825868439747609,1.0127500346767988,1.6668435680528262,1.1537869994900234,0.5499999999999972,2.837687857613602,4.120000000000019,2.1604163401601117,2.490963577269796,-1.2465821014584435,0.1472018408641133,1.2999999999999972,0.6400000000000006,1.2999999999999972,0.2000000000000028,5.57623309058144,0.4399999999999977,0.9599999999999936,0.529125098859609,0.3393256764356351,0.1566574903299624,0.2572922855319035,-0.0066875041066083,0.2898282720860976,0.4500000000000028,0.5450550544152435,0.2909126750987525,0.5100000000000051,0.5303995172163667,0.5260337823766577,0.6405596972337122,-0.3400000000000034,-0.4300000000000068,-0.3100000000000023,0.3599999999999994,-0.1299999999999954,1.6511852726336116,0.4699999999999988,1.3001101401300303,1.788876487475207,0.9069797188696356,1.4010401317386538,6.778288609221178,0.4227733949005028,0.3232910115170853,0.550198946165537,1.95628480307694,0.7182739383056287,0.8678681422097156,-1.5569977729961977,0.8573058951866415,1.0474571578801743,1.0727451740799268,0.1633984134666666,0.2021747226666666,0.1429679166666666,0.0496605685333333,0.35596659,0.0858317897333333,0.0508459184600186,0.3071630576348025,0.0608870293449088,0.07374499633014,0.407033900563324,0.1003250959189309,2.3333801500000004,17516,9.770870027921289,-0.010318932984946322,-0.003891943462365599,-0.008074771559139798,0.0023762240172043037,0.005397555806451737,0.014511869991397905,0.013431704838710257,0.044000329262436466
2024-12-01,1.1847992724568712,1.093478935501892,1.834844581985422,1.5385883740532194,1.6299999999999957,2.6429993155610845,3.3499999999999943,1.6916260960456242,2.377012859873957,-0.1853597635668649,2.5929501858431365,1.5699999999999932,1.2000000000000028,1.4099999999999966,0.7999999999999972,3.8720817096210993,0.8199999999999932,1.1299999999999957,0.8515248556865345,0.703229708288788,0.3047225374048281,0.1581527190074751,0.3929453912966352,0.793956475862629,0.9899999999999948,0.7013427129545846,0.4526075185377891,0.4300000000000068,0.767937642570999,2.672755498600992,0.4856846483842929,3.269999999999996,0.7000000000000028,1.769999999999996,0.3700000000000045,0.3700000000000045,1.7215369971817722,0.3499999999999943,0.6992487563532706,0.8667840855762137,0.9524853094131628,1.0048595514890335,0.3402127177905498,0.3912439696350276,-0.438853474973115,0.6511284191387006,0.9634981438746024,2.600944564679679,1.350565120397377,0.8925099960021043,0.854782734207717,1.1206086759342355,1.108607608888832,0.1723151738709677,0.2031043693548387,0.1479802206451612,0.0526843912903225,0.3455557580645161,0.0783600844516129,0.063241538617613,0.2572614536142252,0.0589187721914216,0.0867747178139256,0.4103770279118162,0.123426485198479,2.3375867161290325,15585,9.654064192201435,0.008916760404301116,0.0009296466881720811,0.005012303978494587,0.003023822756989196,-0.010410831935483922,-0.007471705281720406,0.00420656612903203,-0.11680583571985359
2025-01-01,0.805876866481583,0.9121750260050304,0.5384929794715987,1.1157016654866965,0.6299999999999955,1.8412630540559007,1.3700000000000043,1.0880132955420263,1.5288863027333974,1.267411651782595,1.1501195430488875,1.1800000000000068,0.9500000000000028,0.9500000000000028,0.1400000000000005,-3.2891081434886047,2.0999999999999943,1.1899999999999975,0.5161178467758276,0.4191658614255971,0.2875611747371636,-0.4178666465539038,0.2912017517495968,-0.0771069825674146,-0.3700000000000045,-0.0010777588371695,0.2388681705892281,0.6500000000000057,0.8349624911216296,0.0691204315323972,0.8191264982851436,0.6299999999999955,0.5499999999999972,0.4000000000000057,0.4599999999999937,0.6700000000000017,1.1185521838750248,0.6700000000000017,1.531687757980862,1.310950396249666,1.0998730014333231,1.456115313502238,0.1289305816135026,1.9426379628328905,0.6705974676038124,0.6000507101403514,1.4202519259604711,1.22694068548374,0.3946603275037716,1.2969711855833168,0.9962237111599704,0.8000780621598409,0.7979062935136483,0.1680016615806451,0.1806423283870968,0.1485334338709677,0.0584150346451612,0.3615176699999999,0.0828898701290322,0.0556990450017793,0.2707412420312983,0.0829727328026351,0.0849003010931432,0.4032333179610769,0.1024533582151055,2.3343930161290323,13494,9.510000421187373,-0.004313512290322591,-0.022462040967741903,0.0005532132258065092,0.005730643354838701,0.015961911935483797,0.00452978567741931,-0.003193700000000188,-0.14406377101406243
2025-02-01,0.571011170981663,0.6959974298011247,0.7749698485319527,1.0982242977337648,0.4000000000000057,1.9865319357253528,0.6800000000000068,1.4989640741311945,1.3078130071205294,-1.9682637946123835,0.6324423515194866,1.480000000000004,1.8900000000000008,1.0400000000000065,0.25,-1.2906386651145567,2.2099999999999937,0.9200000000000016,0.3575505201826985,0.2586386311650841,0.1654727844704808,0.1350147498746281,0.1689850668677053,0.0059251471961516,0.0799999999999983,0.2582602650911525,0.1968233256070277,0.4500000000000028,0.6352043229597655,0.2477491816671033,2.091516810606791,-0.4000000000000057,-0.9699999999999988,0.2300000000000039,0.519999999999996,-0.0400000000000062,0.970958206532373,0.8199999999999932,0.5269558114151351,0.6273854883912975,1.0442904310224037,0.8768365073358098,0.0852343425137434,0.3421616404419296,1.111561650068154,0.5713718806770487,1.6609934976043803,-3.926201185900752,1.1929928476356937,1.1344788719097352,1.4833625661700722,0.6761152968203987,0.7310743603049019,0.1918591476428571,0.2072831525,0.1392579828571428,0.0452602648214285,0.3431407867857143,0.0731986589642857,0.1174686171069269,0.3475432248608197,0.0484757355418345,0.0507410315467111,0.340656632779032,0.0951147581454849,2.3190770464285717,14031,9.549024446393997,0.023857486062211997,0.026640824112903222,-0.009275451013824904,-0.013154769823732697,-0.0183768832142856,-0.0096912111647465,-0.015315969700460563,0.03902402520662385
2025-03-01,0.5346982681491994,0.5516241321826527,0.7905632415864403,0.8462738692630012,0.4000000000000057,1.650323646752014,0.1100000000000136,1.12511050528272,1.1688170344646096,-5.391561758331648,-2.457246150268673,1.1500000000000057,2.260000000000005,1.4000000000000057,-0.1700000000000017,0.4301702037002002,1.4399999999999975,1.2600000000000051,0.1737832323572661,0.0718883744602578,0.1565863402252176,0.0281009904064717,0.1661687541440386,0.0923478676249516,0.3499999999999943,0.4671765691119987,0.1842322194123653,0.8400000000000034,0.284200791596362,-0.475032992227014,0.823931989058238,-2.7099999999999937,-1.0999999999999943,-3.1299999999999955,0.5100000000000051,-0.25,0.8042501522257766,1.230000000000004,0.6120375331255588,0.7660408394020948,0.930438689282596,1.350242225643214,0.2879644051122199,0.3223299709887612,0.7134134984214882,0.6107008774873321,1.4013623994637072,-0.8505356997275015,0.2328799872418585,1.3406265913803708,0.961759453631572,0.5572559565953696,0.5779640577277689,0.1790345306451612,0.2106840051612903,0.1429446422580645,0.053449233032258,0.3393589135483871,0.0745286703548387,0.0547856625951914,0.3235614344358341,0.0554784945735185,0.0642143377942846,0.3830492653403853,0.1189107981980258,2.340333906451613,12855,9.46148811969999,-0.012824616997695909,0.0034008526612902823,0.0036866594009216935,0.008188968210829498,-0.0037818732373272046,0.0013300113905529987,0.02125686002304139,-0.08753632669400702
2025-04-01,0.3802498789082733,0.3447742345434648,0.5844546742300878,0.6045880320846635,0.3100000000000023,1.2094003799394386,-0.3299999999999983,0.6900151290420098,0.533840308350463,-6.134845433352453,-1.5520778360262142,1.0900000000000034,1.7600000000000051,1.1700000000000017,-0.0499999999999971,0.4509728705895526,1.2800000000000011,0.9699999999999988,0.0134673194042562,-0.1258392793414913,0.0634080655410969,0.053233834770566,-0.0365875729447964,-0.2869219261105371,-0.1700000000000017,0.1799831421079005,0.0817277373695901,0.5900000000000034,0.2541980618770338,-1.1780772559237676,0.5822880931347925,-2.549999999999997,-1.7600000000000051,-2.950000000000003,0.4200000000000017,-0.4399999999999977,0.872205234945099,0.8599999999999994,0.5368254996071613,0.6069547878995678,0.8875002575904745,1.4763185961169398,0.4471725655959915,0.4041532691458656,3.0485894423534603,0.5797274072501466,0.1360551686188387,-0.2411058854911942,0.9503051055314417,4.781307394733815,0.9240099772862748,0.3503603611234069,0.3100415630024429,0.1823159065333333,0.2217170216666666,0.1432064175,0.0469237786666666,0.326971583,0.0788652909333333,0.0739383341251887,0.3636496077006962,0.0574791587425665,0.0627123693182142,0.3434184284366077,0.0988021003566668,2.3387118433333334,10035,9.213834261230438,0.0032813758881720945,0.011033016505376303,0.0002617752419354913,-0.006525454365591397,-0.012387330548387088,0.004336620578494599,-0.0016220631182797263,-0.24765385846955112
2025-05-01,0.3438223993956484,0.4064644740946761,0.5329237051117701,0.7735126397302707,1.1500000000000057,0.8670435655781432,-0.6200000000000045,0.6709796609880101,0.673781694169179,2.523563933467201,-0.3545916176827575,0.6800000000000068,0.8799999999999955,0.7900000000000063,-0.4399999999999977,-1.0518766418674943,0.7900000000000063,0.9200000000000016,0.0095998724650883,-0.0827694112332295,-0.0679534725638006,-0.0872678332941063,-0.067368439389682,-0.1728691773311084,-0.0900000000000034,0.0245941875570281,0.0578814773405582,0.6200000000000045,0.2637941052119572,-0.6424173150109738,0.714309097844307,-2.780000000000001,-1.8199999999999927,-2.1599999999999966,0.1500000000000056,-0.1599999999999966,0.574786669537616,0.7000000000000028,0.4880466580996767,0.4932688961242775,0.9275062329166844,-0.4408846164855191,-0.3175445582822505,0.4800783603024854,0.74330540158509,0.5827202190755543,1.206639762237188,1.0246572695751297,0.3941290785764266,2.376912533489616,0.9374730973246556,0.4092284280656031,0.3873082202858455,0.1805500130645161,0.2139882477419355,0.136879586,0.0484834936774193,0.3398517493548387,0.0802469101290322,0.0790782852838755,0.3035291143584634,0.06209905757535,0.0669944464571589,0.3923086026516633,0.0959904914940639,2.3246207483870966,8665,9.067047202149707,-0.0017658934688171979,-0.007728773924731092,-0.006326831499999991,0.0015597150107526936,0.012880166354838685,0.0013816191956989021,-0.014091094946236726,-0.1467870590807312
2025-06-01,0.2961260061661477,0.319822373452169,0.448452951154465,0.5780161652067619,0.4300000000000068,0.661494989024078,-0.6700000000000159,0.93075950838643,0.6088686198786348,-1.9224807153230896,-0.8363800958488383,0.8400000000000034,0.9699999999999988,0.8199999999999932,0.0,-0.3581940692762231,0.980000000000004,0.8599999999999994,0.0632142467212872,-0.0005842417590145,0.1397333515564156,-0.1640453419366423,0.1612657834209443,0.007093364778953,0.6500000000000057,0.4541683439915402,0.0839061363710129,0.5,0.3063030939745488,-1.0138247189918843,0.6340191920574938,-2.219999999999999,-1.5799999999999983,-2.1500000000000057,0.2999999999999971,-0.3700000000000045,0.4518508265887249,0.5799999999999983,0.3540929047655226,0.3420937801778336,0.8678704222635076,1.2850306215966754,-0.2459420483972536,0.3762394497407513,-0.2491565583855504,0.6107209324332956,1.207342681209184,-0.8812087423902,0.682837052104702,-6.303104524584626,0.736495594112597,0.2972314346838942,0.3503878702151581,0.2030051126666666,0.211645931,0.1401717349666666,0.0617883143333333,0.3105172813333333,0.0728716255666666,0.0895111131763303,0.3517818832435201,0.0549342338579641,0.0717819752532295,0.3430665631561513,0.0889242292573444,2.3658343966666666,9152,9.12172771361958,0.022455099602150502,-0.002342316741935496,0.0032921489666666026,0.013304820655914006,-0.02933446802150541,-0.007375284562365608,0.04121364827956997,0.05468051146987207
2025-07-01,0.7486390606004107,0.3124424255316285,0.1665251614649747,0.4328319170792412,0.3900000000000005,0.5020733308032135,-0.4699999999999988,0.4107954565692182,0.4997247992969846,-2.581247035517407,-0.4648723979683637,0.4699999999999988,0.7999999999999972,0.8199999999999932,-0.3400000000000034,-1.6580103472218894,0.5699999999999932,1.1200000000000043,0.1369621411111268,0.074158149288408,0.1919386046954372,-0.00408367173506,0.1035493000986775,-0.0572386060309924,0.2000000000000028,0.4284230374276205,0.3299508901626069,0.4399999999999977,0.4796808359383391,-0.566453911800366,0.6026128375124387,0.1400000000000005,0.0699999999999931,0.5300000000000011,0.1299999999999954,-0.6700000000000017,0.5167459116245681,0.4300000000000068,2.2685936370672266,0.4638237244602265,0.8496930853465301,0.3028570184742563,0.4779597164585141,5.84108767203135,-0.1881572485487197,0.6033753532753394,1.24991550154445,0.4314764073565698,0.6274215161467254,-3.5133474209386293,0.849653904945356,0.3302679704256093,0.3488334952413368,0.1779557862903225,0.2137474164516129,0.1370368214838709,0.0550497922903225,0.3331260941935484,0.08308409,0.0780877563204642,0.3434074095066144,0.0537487597285962,0.0586300010950121,0.3566738701730343,0.1094522052374531,2.3502988741935487,9667,9.176473302464606,-0.025049326376344105,0.0021014854516129,-0.0031349134827957092,-0.0067385220430108,0.0226088128602151,0.010212464433333401,-0.015535522473117958,0.05474558884502656
2025-08-01,0.2676637738822052,0.3129809336320761,0.221916258909502,0.4040376431204606,0.6899999999999977,0.41964004550303,-0.5099999999999909,0.4111038442568429,0.3697206089799323,-0.290205049302358,0.2707068173791498,0.2399999999999948,0.9399999999999976,0.4599999999999937,-0.4099999999999966,-1.1472760951237433,0.2199999999999988,0.5799999999999983,0.2341294745603477,0.1326105236963997,0.410804724060938,0.8483529129046588,0.3392204303528672,-0.1550272518385753,-0.4300000000000068,0.6466212605570831,0.2402653639000078,0.3599999999999994,0.3147036465484802,-0.3182743589935342,0.4417816123946352,-0.2300000000000039,-0.4200000000000017,1.6099999999999994,-0.0400000000000062,-0.4500000000000028,0.8403127791524554,0.3299999999999983,0.3807080588254052,0.4270069712186313,0.8980920365772533,0.9932783920809528,-0.8030240936499524,0.299861015563394,-1.3146356913136117,0.5839728880471284,0.9400750795692971,-0.2399156534952879,0.352520620532502,0.8505289574997903,1.0498032027859807,0.3254414318059702,0.3407434541243361,0.1706117309677419,0.2138990370967741,0.1431260295483871,0.0535280884838709,0.3420081461290322,0.0768269696129032,0.0682455661145841,0.3024654961931141,0.0612094237222499,0.0599310089933538,0.3950522447277179,0.113096257941746,2.3278394483870968,7725,8.952217101765946,-0.007344055322580589,0.00015162064516119345,0.0060892080645162106,-0.0015217038064515992,0.008882051935483803,-0.006257120387096804,-0.022459425806451883,-0.22425620069865992
2025-09-01,0.4811673398926785,0.4422020564647511,0.4429136847106178,0.4310962158252351,0.7999999999999972,0.2814503224825841,-0.4199999999999875,0.0092658212045932,0.2837943619285141,0.8362934866043048,1.2685934883458003,0.2999999999999971,0.2999999999999971,0.7099999999999937,0.0900000000000034,0.5753378381154306,0.1700000000000017,0.8799999999999955,0.336164954527419,0.1489164712216251,-0.2567373234017225,0.0168030809832799,-0.1734139246360513,-0.5621268156214398,0.6299999999999955,0.4102751485099816,-0.2019967168949819,0.7900000000000063,0.0829956555668474,-0.3034342476120031,0.463890298164074,0.0100000000000051,0.6400000000000006,0.4300000000000068,-0.0499999999999971,0.019999999999996,1.43751850574985,1.0600000000000025,0.6950932230116962,0.912024451790458,0.7447934654446726,0.7312202690148126,0.1392663618117637,0.3084261419455032,0.7804302142274508,3.5452247861301487,1.0477030340651652,1.2471274297777768,0.7117145640968658,2.349079187855736,0.8196732116723382,0.3897926552800044,0.3576069477576595,0.1564991132,0.23588552,0.1329616321999999,0.0517170514666666,0.3386127963333333,0.0843238878333333,0.0457276178921926,0.2917593732726019,0.0613262554304712,0.0824252829759583,0.4089373278961629,0.1098241404883546,2.326068203333333,7046,8.860215358901183,-0.014112617767741892,0.021986482903225885,-0.0101643973483872,-0.001811037017204302,-0.0033953497956988876,0.00749691822043011,-0.0017712450537636926,-0.09200174286476326
2025-10-01,0.5816930449481532,0.4283780019785865,0.7068047445606851,0.5464967612271323,0.8599999999999994,0.383445977910938,0.0400000000000062,0.1017145982292078,0.3988046366445701,0.2728334286661749,-2.762148405965604,0.5499999999999972,1.1200000000000043,0.9399999999999976,0.1899999999999977,2.072114392605912,0.3799999999999954,0.8799999999999955,0.5428483687738463,0.2150238941929956,0.0202847917333457,0.4860574284068661,-0.0398263164772885,-0.1219851558143148,0.6200000000000045,0.4335691498936569,0.0171867727752896,0.7800000000000011,0.1723664927899761,-0.7326850084816385,0.4374254195888483,0.1800000000000068,-0.5100000000000051,-1.019999999999996,-0.1200000000000045,0.1500000000000056,2.429017235862503,1.0100000000000051,0.459434855012347,0.5314360188231433,0.804597232886195,0.8179848325399917,0.0799267089054893,0.3269989643119118,0.9154457704543972,0.6452922721438625,1.1786798906940843,-0.7320855695776061,0.4393179769407851,2.134670005539377,0.9125862769067083,0.426817320540465,0.4332875346322709,0.1608673346774193,0.2329941499999999,0.1377848196774193,0.0514481272258064,0.33511429,0.0817912785483871,0.0834421383632572,0.3798584041253551,0.050090119005041,0.0510806054002994,0.332653815453669,0.1028749206850526,2.336365806451613,9353,9.143452426434552,0.004368221477419276,-0.0028913700000000875,0.004823187477419388,-0.00026892424086020356,-0.0034985063333333177,-0.0025326092849462106,0.010297603118279763,0.28323706753336886
2025-11-01,0.2365406011271744,0.287248007989163,0.0974523894665111,0.1778683122857955,0.3299999999999983,0.3442984056229079,-0.3899999999999863,-0.2273105960698558,-0.5646846603416122,-3.1675646221262355,-1.3885998361672307,0.5300000000000011,0.980000000000004,0.7099999999999937,0.0799999999999983,-0.4997061281388966,0.0,0.6400000000000006,0.1761681221769322,0.2514983896723208,0.2066949174242438,-0.5542993601884945,0.0905510071833362,0.0614242537662761,0.480000000000004,0.4950457772680892,0.1503866743623092,0.5,0.4082251769291076,-0.1537718338575331,1.4370328810775987,-0.1299999999999954,0.0499999999999971,-0.3100000000000023,0.1800000000000068,0.1899999999999977,-0.2478436553527245,0.4200000000000017,0.4981047602756945,0.5671199990762119,0.9042350389582056,0.9097387745269144,0.1991938779257935,0.3742677228109414,1.2874412959170485,0.5830330259530854,1.1584717528902075,-1.042711046387936,0.0923447186414421,2.279287044247397,0.826420551891303,0.3239063595408566,0.3303708512229235,0.1672884221999999,0.2068166823333333,0.1427690156333333,0.0601561657,0.3378947703333333,0.0850749451999999,0.0616681981185958,0.3186878028652176,0.0579869885672772,0.0535623771916287,0.4008131246561577,0.1072815096424416,2.3616158533333333,9011,9.106201332235038,0.00642108752258061,-0.026177467666666593,0.004984195955914011,0.008708038474193602,0.002780480333333335,0.00328366665161281,0.0252500468817205,-0.037251094199513446
2025-12-01,0.2598536270643308,0.431882623158387,-0.2056973560644195,0.167751467549337,0.2399999999999948,0.3331284353641877,-0.3900000000000148,-0.2945407517866982,-0.6960229179257595,-4.788157293578763,-0.0235457065747226,0.4399999999999977,0.2300000000000039,0.7900000000000063,-0.2300000000000039,-3.1804431597282985,0.4699999999999988,0.6800000000000068,0.4047030169923147,0.4478479197147038,0.096482410998405,0.1315136567572778,0.0989052724129209,0.1298976307838586,0.4200000000000017,0.6513122339793398,0.2486745105655785,0.3299999999999983,0.4190591849856133,-0.0113786222117795,0.6296429852440326,1.2999999999999972,1.3499999999999943,1.3199999999999932,0.0799999999999983,0.5999999999999943,0.1592499870494066,0.8199999999999932,0.7229960473876389,0.8888024833585462,1.044160354207719,0.5436248093728011,0.1710248554758067,0.424148492777789,1.2139135491344462,0.568774734436289,1.1559917386590115,0.2736490404290777,0.4189366605195062,2.011078355084408,0.9675749722336348,0.4673654234464806,0.4579105765416216,0.1727242819354838,0.2191688843225806,0.1409451011612903,0.0652482527096774,0.3278634064516129,0.0740500705806451,0.0538037756203273,0.3514645989574297,0.0507435605304838,0.0626594917590725,0.3836757449062079,0.097652830465793,2.346055387096774,8186,9.010180657052349,0.005435859735483911,0.012352201989247302,-0.0018239144720429978,0.005092087009677407,-0.010031363881720434,-0.011024874619354808,-0.015560466236559378,-0.09602067518268953
2026-01-01,1.1500898563089947,0.88187377213697,1.1632633497746667,0.9921877073570328,0.6099999999999994,0.60605378223147,-0.0799999999999983,0.2885607898127631,0.1812916995165068,1.840506655228907,0.214368095186046,1.0999999999999943,0.8299999999999983,1.0,0.2300000000000039,2.363266183568584,2.9599999999999937,1.3499999999999943,0.7214377445662024,0.5036437939741489,-0.0672329930045663,-0.4683739742450399,-0.0531187466828555,0.0585451496944955,0.4899999999999949,0.9582982919409346,0.4184048423402089,0.6299999999999955,0.6354202393329444,0.5580493667125097,1.794805880746253,0.7999999999999972,0.9200000000000016,-0.4300000000000068,0.3700000000000045,0.8700000000000045,1.990334424752831,0.7099999999999937,1.622919669240673,1.235042130581277,1.1131397566426957,1.185187696511818,1.144124809741271,2.34814072861289,1.2020312223797165,0.6825108087592042,2.7159618744260428,0.8863018382093628,0.7567873990338398,0.9885829221677652,1.5747292008800002,0.7438885701815678,0.7374445442424786,0.1830399783870967,0.2127090916129032,0.1407323714516129,0.0668984855483871,0.3218213058064516,0.0747987634516129,0.0996220772464071,0.3709871591310111,0.0557107340104483,0.0488529828821658,0.3174087846816892,0.1074182610661879,2.3342105935483874,8319,9.026297334283887,0.010315696451612899,-0.00645979270967742,-0.00021272970967739502,0.0016502328387096865,-0.006042100645161308,0.000748692870967807,-0.011844793548386523,0.016116677231538645
2026-02-01,0.4706909586008549,0.4693927316825181,0.3490239116394917,0.3951786770231251,-0.0100000000000051,0.4481198389434411,-1.0600000000000025,-0.57874031038601,-0.4600637446738602,9.07966855125575,1.5049798916419093,0.3599999999999994,-0.2600000000000051,0.8100000000000023,-0.1400000000000005,0.0610526750107567,1.5499999999999972,0.7399999999999949,0.3750341973861566,0.2564950127511594,-0.2253481334268343,0.0157356257606693,-0.1954755945454991,-0.4081208703390047,0.2099999999999937,0.5186037976032907,0.0676217968646568,0.5,0.5452171442150018,-0.6171956545179711,1.6989645612560054,0.6400000000000006,-0.0300000000000011,-0.3900000000000005,0.25,0.1800000000000068,1.0597576511877662,0.6899999999999977,0.7550822032796276,0.9407527057684462,1.0334739772723367,0.7055351316360543,0.3582642345138396,0.4071294710506947,0.3612695363481464,0.6662574611819139,-0.3375476358222329,4.330539703843556,0.4000057566054522,1.5011913777730257,1.1565365176155638,0.3876487298792312,0.3202510406118222,0.1924281482142857,0.2224654253571428,0.14284402325,0.0591976296785714,0.3070739439285714,0.0759908277857143,0.0523932116393476,0.3814107724526722,0.0394691063580014,0.0453505989046026,0.3851412197734316,0.0962350940522002,2.3668879714285715,7115,8.869960510523953,0.009388169827188986,0.00975633374423962,0.0021116517983870986,-0.007700855869815691,-0.014747361877880172,0.001192064334101392,0.0326773778801841,-0.15633682375993452
2026-03-01,0.4841155532667045,0.471319084831066,0.337598048866198,0.3527228127290129,0.0499999999999971,0.4968767079043772,-0.8400000000000034,-0.2817496217411843,-0.6497231150567586,8.38429983852005,0.2183987269665834,0.269999999999996,-0.3799999999999954,0.7800000000000011,-0.1599999999999966,0.2135612670193438,0.9000000000000057,0.8599999999999994,0.4880559481425877,0.3471432243200496,0.1305820154640145,0.0893692772707055,0.1850263155068034,0.0255933953867639,0.2300000000000039,0.277627147230703,0.0552536214795509,0.8400000000000034,0.3905971536981525,-0.0340667642976626,0.6259343557559021,0.5799999999999983,0.4899999999999949,0.1299999999999954,0.0,0.2800000000000011,1.2989562071650056,0.8400000000000034,0.7015325458522739,0.8942063671239993,1.120667818371075,0.8732126411498911,0.3933332097845152,0.3369930036779465,0.7655656719238522,0.6034196036558086,0.113348422872562,1.303192628206375,0.5011218154724446,2.0400658298211454,1.2442768882874304,0.3921388468434088,0.363062542866146,0.2349124822580645,0.2539053409677419,0.1218958452580645,0.0536570893548387,0.2707103738709677,0.0649188704193548,0.0668167004238157,0.4567490065168432,0.0369146237980159,0.0556646547822483,0.2989393238971884,0.0849156902608597,2.3408288870967744,12584,9.440181444738114,0.0424843340437788,0.03143991561059911,-0.020948177991935504,-0.005540540323732704,-0.03636357005760371,-0.011071957366359492,-0.026059084331797155,0.5702209342141611
